crop,stage,is_critical_stage,soil_moisture,tds_ppm,air_temp_c,soil_temp_c,humidity_pct,mq135_ammonia,mq4_methane,mq7_co,mq2_smoke,moist_min_threshold,moist_opt_threshold,tds_max_threshold,irrigate_now,pump_lock,gas_alert,health_status
rice,germination,0,43.71,1903.89,39.16,34.76,32.48,170.33,240.45,24.25,36.36,70,90,700,0,1,0,CRITICAL
rice,germination,0,57.23,892.29,24.61,20.16,31.16,29.21,314.07,14.81,432.53,70,90,700,0,1,1,CRITICAL
rice,germination,0,96.91,1626.37,25.05,22.66,74.74,44.02,13.76,16.56,492.43,70,90,700,0,1,1,POOR
rice,germination,0,79.76,1882.02,44.53,40.14,93.75,8.85,130.13,20.72,108.54,70,90,700,0,1,0,POOR
rice,germination,0,16.71,1974.43,40.48,37.69,20.44,81.55,308.51,2.9,66.18,70,90,700,0,1,0,CRITICAL
rice,germination,0,39.27,1472.73,36.04,30.49,57.78,11.96,224.51,13.07,21.58,70,90,700,0,1,0,CRITICAL
rice,germination,0,38.29,1041.71,44.95,41.95,52.83,75.56,912.85,268.03,493.29,70,90,700,0,1,1,CRITICAL
rice,germination,0,58.54,1624.51,44.57,41.3,28.8,299.49,344.29,10.44,67.52,70,90,700,0,1,1,CRITICAL
rice,germination,0,56.69,1420.89,27.0,21.11,97.0,25.18,113.94,12.57,181.65,70,90,700,0,1,0,POOR
rice,germination,0,54.05,1972.02,22.99,18.3,80.93,23.76,252.92,2.26,37.3,70,90,700,0,1,0,POOR
rice,germination,0,70.98,82.35,31.9,28.99,71.61,17.44,374.69,372.89,51.59,70,90,700,0,0,1,MODERATE
rice,germination,0,59.97,1082.82,22.98,20.61,91.78,90.04,1308.17,22.18,480.81,70,90,700,0,1,1,CRITICAL
rice,germination,0,64.58,67.93,18.35,13.69,20.4,16.08,260.78,5.93,129.93,70,90,700,1,0,0,CRITICAL
rice,germination,0,61.15,232.67,27.13,24.07,39.52,287.58,252.46,14.42,144.49,70,90,700,1,0,1,POOR
rice,germination,0,68.09,395.37,46.04,40.22,93.19,155.41,1476.66,21.33,170.23,70,90,700,1,0,1,CRITICAL
rice,germination,0,60.11,1875.5,37.97,33.69,27.77,61.5,207.33,17.43,58.72,70,90,700,0,1,0,CRITICAL
rice,germination,0,88.04,1830.82,31.87,27.87,83.86,65.0,356.0,2.35,93.12,70,90,700,0,1,0,MODERATE
rice,germination,0,63.17,109.48,16.23,10.94,48.82,12.71,86.33,1.29,763.05,70,90,700,1,0,1,CRITICAL
rice,germination,0,56.47,679.77,41.24,38.16,55.12,158.87,334.39,4.33,109.85,70,90,700,1,0,0,POOR
rice,germination,0,35.19,1911.99,39.35,35.13,68.94,41.96,303.14,54.66,140.73,70,90,700,0,1,1,CRITICAL
rice,germination,0,54.25,973.27,20.72,16.98,51.88,61.59,149.85,21.41,14.11,70,90,700,0,1,0,POOR
rice,germination,0,62.72,1883.45,33.99,30.44,71.46,340.97,1472.83,4.89,3.64,70,90,700,0,1,1,CRITICAL
rice,germination,0,16.41,672.0,42.88,40.79,85.16,28.19,251.58,20.09,803.42,70,90,700,1,0,1,CRITICAL
rice,germination,0,47.14,775.44,40.62,37.26,94.46,85.84,872.19,12.63,179.1,70,90,700,0,1,0,CRITICAL
rice,germination,0,91.48,228.01,25.54,19.74,96.05,57.34,117.28,18.81,18.24,70,90,700,0,0,0,GOOD
rice,germination,0,59.46,910.98,44.29,40.89,29.37,14.3,40.45,1.82,442.42,70,90,700,0,1,1,CRITICAL
rice,germination,0,43.68,772.75,41.82,36.03,98.88,75.34,310.86,22.66,2.27,70,90,700,0,1,0,CRITICAL
rice,germination,0,20.69,279.18,36.42,31.44,66.67,96.22,956.52,0.3,663.85,70,90,700,1,0,1,CRITICAL
rice,germination,0,16.64,1130.02,46.99,42.89,70.35,69.57,233.73,382.15,91.13,70,90,700,0,1,1,CRITICAL
rice,germination,0,26.93,954.21,26.66,22.33,26.22,97.44,214.44,98.54,164.51,70,90,700,0,1,1,CRITICAL
rice,germination,0,65.21,865.57,45.78,40.32,23.62,281.76,394.91,9.52,167.67,70,90,700,0,1,1,CRITICAL
rice,germination,0,34.61,159.93,43.54,38.28,99.98,99.66,377.91,86.5,121.23,70,90,700,1,0,1,CRITICAL
rice,germination,0,65.63,748.42,18.75,14.06,61.62,332.06,1192.66,10.09,151.03,70,90,700,0,1,1,CRITICAL
rice,germination,0,29.17,315.92,15.48,12.08,67.19,303.12,139.3,263.95,473.54,70,90,700,1,0,1,CRITICAL
rice,germination,0,54.29,553.58,30.15,24.23,59.41,32.88,30.35,3.8,572.83,70,90,700,1,0,1,POOR
rice,germination,0,52.66,1351.74,20.69,17.92,23.27,16.89,35.48,5.16,138.08,70,90,700,0,1,0,CRITICAL
rice,germination,0,66.51,209.43,43.83,38.14,24.89,27.69,73.81,12.11,92.51,70,90,700,1,0,0,CRITICAL
rice,germination,0,32.72,1441.03,44.54,40.5,62.57,10.72,96.99,0.5,459.88,70,90,700,0,1,1,CRITICAL
rice,germination,0,63.42,1374.25,41.04,37.05,26.95,53.71,172.66,9.08,71.22,70,90,700,0,1,0,CRITICAL
rice,germination,0,31.35,248.48,20.04,17.06,32.85,18.66,358.71,10.26,884.74,70,90,700,1,0,1,POOR
rice,germination,0,83.54,552.91,20.64,15.96,94.35,55.68,307.8,10.64,22.97,70,90,700,0,0,0,GOOD
rice,germination,0,62.31,351.01,30.88,26.75,24.15,33.66,395.98,6.37,119.13,70,90,700,1,0,0,POOR
rice,germination,0,41.4,1862.58,42.41,36.55,29.94,73.09,26.6,21.05,40.33,70,90,700,0,1,0,CRITICAL
rice,germination,0,83.31,1347.13,32.26,28.83,90.18,39.24,150.78,18.69,179.91,70,90,700,0,1,0,MODERATE
rice,germination,0,91.58,1267.26,18.86,13.1,70.22,33.49,1173.42,19.71,49.7,70,90,700,0,1,1,CRITICAL
rice,germination,0,61.29,1536.79,43.93,40.56,85.7,11.06,158.91,5.73,128.23,70,90,700,0,1,0,CRITICAL
rice,germination,0,32.66,724.11,20.99,15.36,66.67,311.7,61.34,46.52,186.42,70,90,700,0,1,1,CRITICAL
rice,germination,0,93.02,1429.12,20.03,15.73,68.54,407.76,370.23,24.62,184.17,70,90,700,0,1,1,POOR
rice,germination,0,63.21,828.06,16.81,13.47,84.23,0.46,214.96,8.67,44.92,70,90,700,0,1,0,CRITICAL
rice,germination,0,25.87,1021.82,28.82,23.17,48.99,58.06,924.63,3.72,199.37,70,90,700,0,1,0,POOR
rice,germination,0,16.04,1512.42,21.93,16.33,36.41,19.07,225.94,11.33,80.15,70,90,700,0,1,0,POOR
rice,germination,0,26.37,1730.48,46.22,42.73,41.66,64.4,62.46,0.68,134.38,70,90,700,0,1,0,CRITICAL
rice,germination,0,81.99,398.16,36.54,33.59,27.96,402.79,332.09,145.53,2.6,70,90,700,0,0,1,CRITICAL
rice,germination,0,12.39,403.8,34.24,30.55,91.41,81.74,151.88,15.6,547.23,70,90,700,1,0,1,POOR
rice,germination,0,78.72,323.22,43.66,39.71,91.56,79.99,107.47,6.45,196.88,70,90,700,0,0,0,MODERATE
rice,germination,0,34.51,85.86,45.17,42.7,66.12,27.41,331.9,364.01,119.48,70,90,700,1,0,1,CRITICAL
rice,germination,0,25.78,1833.1,28.82,25.29,61.51,4.7,33.12,9.73,143.81,70,90,700,0,1,0,POOR
rice,germination,0,52.84,1344.16,45.92,40.99,37.2,3.12,20.57,8.36,15.03,70,90,700,0,1,0,CRITICAL
rice,germination,0,71.96,897.91,23.13,17.85,83.95,69.47,864.11,3.42,670.95,70,90,700,0,1,1,POOR
rice,germination,0,75.9,1622.79,36.74,31.97,87.94,24.97,395.07,17.64,113.59,70,90,700,0,1,0,POOR
rice,germination,0,72.77,629.83,45.51,39.62,95.54,451.71,127.64,14.91,15.39,70,90,700,0,0,1,POOR
rice,germination,0,75.23,177.44,25.4,21.25,83.26,369.06,246.35,47.66,105.79,70,90,700,0,0,1,MODERATE
rice,germination,0,99.81,733.89,40.32,36.71,58.39,455.79,307.31,18.44,70.92,70,90,700,0,1,1,CRITICAL
rice,germination,0,31.02,132.08,15.59,9.64,54.22,38.43,379.98,356.48,93.48,70,90,700,1,0,1,CRITICAL
rice,germination,0,99.21,501.76,46.11,41.51,68.62,51.27,88.19,60.82,863.88,70,90,700,0,0,1,POOR
rice,germination,0,25.65,822.67,40.02,35.24,32.31,81.58,214.79,2.29,844.37,70,90,700,0,1,1,CRITICAL
rice,germination,0,87.59,1628.56,36.62,32.42,26.96,40.85,289.37,5.5,170.24,70,90,700,0,1,0,CRITICAL
rice,germination,0,63.32,1658.13,26.48,21.77,65.26,26.7,1395.41,17.71,136.03,70,90,700,0,1,1,CRITICAL
rice,germination,0,24.27,1767.7,43.77,41.65,86.07,12.89,64.3,12.69,123.39,70,90,700,0,1,0,CRITICAL
rice,germination,0,33.38,1286.31,32.82,27.7,28.56,339.44,1242.84,2.56,13.57,70,90,700,0,1,1,CRITICAL
rice,germination,0,16.06,1185.23,26.41,21.93,23.66,490.72,299.86,0.61,97.73,70,90,700,0,1,1,CRITICAL
rice,germination,0,50.13,583.57,47.91,44.2,56.11,16.36,88.31,138.37,616.17,70,90,700,1,0,1,CRITICAL
rice,germination,0,47.78,1295.13,28.12,25.02,98.72,40.93,85.24,9.21,492.76,70,90,700,0,1,1,CRITICAL
rice,germination,0,79.89,1553.3,42.88,37.83,70.1,161.38,246.66,2.93,86.06,70,90,700,0,1,0,POOR
rice,germination,0,15.78,1184.84,23.88,18.69,44.83,45.52,157.0,290.19,155.97,70,90,700,0,1,1,CRITICAL
rice,germination,0,19.44,521.99,47.56,44.99,59.91,61.82,3.91,2.2,15.72,70,90,700,1,0,0,POOR
rice,germination,0,61.08,1394.46,41.42,38.62,33.4,10.46,12.63,295.26,142.82,70,90,700,0,1,1,CRITICAL
rice,germination,0,83.33,206.22,44.53,40.34,85.38,45.23,292.64,97.44,43.84,70,90,700,0,0,1,POOR
rice,germination,0,26.39,1589.91,36.74,32.74,64.43,229.96,389.92,17.01,631.31,70,90,700,0,1,1,CRITICAL
rice,germination,0,75.45,1498.28,29.04,25.66,49.68,164.04,231.47,354.43,84.34,70,90,700,0,1,1,POOR
rice,germination,0,92.11,460.79,35.56,31.03,78.65,400.54,966.28,4.52,49.45,70,90,700,0,0,1,POOR
rice,germination,0,56.33,750.51,34.57,31.91,51.29,96.94,130.08,24.25,14.7,70,90,700,0,1,0,POOR
rice,germination,0,40.33,1666.32,29.22,26.22,69.37,70.68,14.67,11.87,117.07,70,90,700,0,1,0,POOR
rice,germination,0,20.07,576.01,16.88,12.76,94.93,3.93,373.55,93.4,402.47,70,90,700,1,0,1,CRITICAL
rice,germination,0,67.52,1742.44,30.01,25.94,59.11,66.69,123.17,16.84,621.88,70,90,700,0,1,1,CRITICAL
rice,germination,0,25.94,1400.62,42.66,36.88,74.66,366.25,821.27,17.24,131.78,70,90,700,0,1,1,CRITICAL
rice,germination,0,19.59,1332.8,47.98,45.79,98.17,40.69,1316.91,10.1,161.57,70,90,700,0,1,1,CRITICAL
rice,germination,0,49.2,1644.78,18.97,14.79,20.46,32.46,278.19,5.94,14.64,70,90,700,0,1,0,CRITICAL
rice,germination,0,65.75,953.81,27.53,22.08,61.53,47.92,152.08,13.34,759.06,70,90,700,0,1,1,CRITICAL
rice,germination,0,11.64,431.77,15.25,10.66,91.84,24.35,373.77,12.15,61.46,70,90,700,1,0,0,POOR
rice,germination,0,38.02,1240.15,38.63,35.54,53.08,12.19,72.58,2.67,192.59,70,90,700,0,1,0,CRITICAL
rice,germination,0,59.52,134.65,35.89,30.09,68.13,81.92,84.82,21.0,47.37,70,90,700,1,0,0,POOR
rice,germination,0,84.04,876.29,37.03,34.65,69.91,45.18,294.75,2.39,121.42,70,90,700,0,1,0,POOR
rice,germination,0,45.18,1209.23,31.39,25.44,30.92,69.51,1284.71,3.21,115.68,70,90,700,0,1,1,CRITICAL
rice,germination,0,17.71,1793.67,21.33,18.04,38.13,35.5,27.05,13.5,106.59,70,90,700,0,1,0,POOR
rice,germination,0,70.25,1988.57,36.84,32.61,78.45,46.52,383.05,5.02,90.07,70,90,700,0,1,0,POOR
rice,germination,0,69.84,1601.13,45.6,42.66,51.95,497.37,215.98,15.59,25.54,70,90,700,0,1,1,CRITICAL
rice,germination,0,73.79,120.51,25.0,21.95,48.81,8.76,122.21,225.64,896.08,70,90,700,0,0,1,MODERATE
rice,germination,0,28.77,1864.66,18.84,13.57,50.45,453.82,316.01,10.07,69.22,70,90,700,0,1,1,CRITICAL
rice,germination,0,84.02,308.42,43.45,37.76,58.96,60.63,201.03,9.19,27.03,70,90,700,0,0,0,MODERATE
rice,germination,0,96.92,893.37,25.29,21.27,55.16,10.57,247.84,1.53,11.63,70,90,700,0,1,0,MODERATE
rice,germination,0,72.55,1968.17,22.89,20.32,29.71,30.33,1156.6,20.35,124.78,70,90,700,0,1,1,CRITICAL
rice,germination,0,21.76,1778.88,29.84,27.06,49.42,41.41,307.72,12.03,152.06,70,90,700,0,1,0,POOR
rice,germination,0,29.37,73.64,22.96,17.06,84.12,95.96,219.18,2.45,64.94,70,90,700,1,0,0,MODERATE
rice,germination,0,43.83,819.23,30.16,25.02,91.37,95.53,275.25,53.83,92.3,70,90,700,0,1,1,CRITICAL
rice,germination,0,90.56,1291.51,35.26,32.99,61.47,15.02,272.09,17.91,2.42,70,90,700,0,1,0,POOR
rice,germination,0,41.79,628.24,26.54,21.44,72.91,18.52,264.12,69.58,59.09,70,90,700,1,0,1,POOR
rice,germination,0,44.37,451.09,19.01,14.55,81.97,64.39,387.4,24.5,149.61,70,90,700,1,0,0,POOR
rice,germination,0,21.53,709.62,45.63,42.73,49.77,43.21,377.23,4.94,807.97,70,90,700,0,1,1,CRITICAL
rice,germination,0,86.19,1841.91,23.32,18.3,56.84,84.2,262.46,24.62,32.96,70,90,700,0,1,0,MODERATE
rice,germination,0,83.6,466.35,31.69,26.33,78.62,54.22,119.02,21.83,32.01,70,90,700,0,0,0,GOOD
rice,germination,0,32.2,1466.6,47.73,45.33,52.12,80.01,293.23,8.88,1.05,70,90,700,0,1,0,CRITICAL
rice,germination,0,77.12,444.84,46.62,43.14,46.15,256.96,398.53,18.05,78.31,70,90,700,0,0,1,POOR
rice,germination,0,10.29,1258.2,26.73,21.55,27.44,58.82,25.94,14.02,161.0,70,90,700,0,1,0,CRITICAL
rice,germination,0,54.84,200.26,16.93,13.6,82.79,70.77,176.08,10.85,767.83,70,90,700,1,0,1,CRITICAL
rice,germination,0,93.98,1303.0,28.9,24.36,82.85,293.47,153.53,4.61,5.24,70,90,700,0,1,1,POOR
rice,germination,0,34.58,1060.25,24.86,19.1,40.74,455.46,74.44,12.07,145.59,70,90,700,0,1,1,CRITICAL
rice,germination,0,75.66,1542.75,20.24,15.8,30.83,379.93,27.58,128.91,49.91,70,90,700,0,1,1,POOR
rice,germination,0,50.48,1564.59,17.16,13.21,22.69,6.27,212.97,22.5,680.08,70,90,700,0,1,1,CRITICAL
rice,germination,0,14.7,866.65,23.59,18.66,98.5,25.65,1124.75,15.21,30.25,70,90,700,0,1,1,CRITICAL
rice,germination,0,86.56,1144.38,32.27,29.81,88.81,72.28,217.42,99.68,170.0,70,90,700,0,1,1,POOR
rice,germination,0,47.06,1319.4,33.0,30.75,61.0,80.64,314.51,4.12,502.44,70,90,700,0,1,1,CRITICAL
rice,germination,0,89.16,1747.63,22.88,19.08,98.8,77.2,185.57,12.45,164.42,70,90,700,0,1,0,MODERATE
rice,germination,0,96.8,447.34,32.27,29.12,83.43,57.76,158.39,3.95,828.59,70,90,700,0,0,1,MODERATE
rice,germination,0,34.92,1967.87,19.64,16.84,34.74,89.4,176.13,22.06,608.88,70,90,700,0,1,1,CRITICAL
rice,germination,0,70.11,1287.61,20.48,14.95,54.2,16.22,1303.55,1.99,171.64,70,90,700,0,1,1,POOR
rice,germination,0,73.92,662.98,30.55,25.26,56.74,322.97,134.08,20.65,28.39,70,90,700,0,0,1,MODERATE
rice,germination,0,77.39,1319.74,35.49,32.08,87.32,47.13,50.51,17.16,171.15,70,90,700,0,1,0,POOR
rice,germination,0,35.13,1303.62,37.91,33.86,44.42,21.26,1456.81,19.15,52.06,70,90,700,0,1,1,CRITICAL
rice,germination,0,60.44,266.43,29.75,25.91,89.17,283.14,44.29,18.5,546.11,70,90,700,1,0,1,POOR
rice,germination,0,77.86,1619.57,15.59,9.74,78.13,30.48,349.1,13.52,2.48,70,90,700,0,1,0,POOR
rice,germination,0,63.85,629.61,24.9,19.92,23.85,90.29,237.29,1.97,691.4,70,90,700,1,0,1,CRITICAL
rice,germination,0,87.01,1066.82,17.1,11.77,67.92,182.85,1380.5,14.29,63.39,70,90,700,0,1,1,CRITICAL
rice,germination,0,64.17,1790.42,29.63,25.2,70.5,59.17,204.95,274.8,120.13,70,90,700,0,1,1,CRITICAL
rice,germination,0,67.07,188.32,23.39,19.95,57.8,4.56,388.61,4.9,41.4,70,90,700,1,0,0,MODERATE
rice,germination,0,10.69,477.18,16.21,13.78,47.11,80.26,117.4,2.18,653.71,70,90,700,1,0,1,CRITICAL
rice,germination,0,54.42,1419.4,47.76,45.24,41.98,39.46,363.04,336.56,164.24,70,90,700,0,1,1,CRITICAL
rice,germination,0,14.6,552.33,16.96,12.55,74.93,11.45,147.62,18.78,70.95,70,90,700,1,0,0,POOR
rice,germination,0,71.08,755.74,34.59,32.55,70.89,364.4,884.39,1.66,2.34,70,90,700,0,1,1,POOR
rice,germination,0,53.74,1175.54,16.44,13.95,64.69,34.32,338.24,16.82,157.8,70,90,700,0,1,0,CRITICAL
rice,germination,0,84.02,1722.25,45.25,41.53,45.51,58.22,282.23,4.17,178.02,70,90,700,0,1,0,POOR
rice,germination,0,12.29,1309.35,36.02,32.66,25.74,40.96,242.31,24.7,28.11,70,90,700,0,1,0,CRITICAL
rice,germination,0,55.49,1929.83,27.68,25.52,22.48,38.8,302.49,81.81,62.79,70,90,700,0,1,1,CRITICAL
rice,germination,0,84.4,1968.83,24.52,18.67,51.16,38.55,61.66,19.05,60.47,70,90,700,0,1,0,MODERATE
rice,germination,0,15.19,717.77,23.92,18.05,64.62,34.73,177.62,397.79,124.68,70,90,700,0,1,1,CRITICAL
rice,germination,0,28.12,820.52,16.3,12.4,63.44,487.41,1173.37,3.27,537.88,70,90,700,0,1,1,CRITICAL
rice,germination,0,94.96,340.15,30.27,24.34,58.67,86.35,114.31,9.66,832.79,70,90,700,0,0,1,MODERATE
rice,germination,0,46.68,1663.66,40.23,35.94,96.48,188.24,1392.88,1.56,713.3,70,90,700,0,1,1,CRITICAL
rice,germination,0,11.72,979.84,37.69,32.8,75.4,13.44,321.77,43.19,135.36,70,90,700,0,1,1,CRITICAL
rice,germination,0,11.29,1488.85,42.53,37.56,31.43,75.34,306.45,2.22,81.51,70,90,700,0,1,0,CRITICAL
rice,germination,0,41.39,266.45,41.67,35.88,25.79,95.51,30.74,17.68,80.57,70,90,700,1,0,0,CRITICAL
rice,germination,0,35.29,1616.79,45.66,42.04,92.49,32.15,256.19,8.95,177.73,70,90,700,0,1,0,CRITICAL
rice,germination,0,62.73,1268.33,17.37,12.64,39.35,437.89,221.0,19.38,56.85,70,90,700,0,1,1,CRITICAL
rice,germination,0,14.89,1509.86,25.48,23.48,60.89,4.69,25.08,6.17,20.38,70,90,700,0,1,0,POOR
rice,germination,0,85.84,661.03,41.03,35.47,54.71,282.06,35.72,9.69,0.87,70,90,700,0,0,1,POOR
rice,germination,0,69.97,1933.79,40.11,34.31,76.2,29.81,257.66,23.92,91.54,70,90,700,0,1,0,CRITICAL
rice,germination,0,43.28,152.09,40.33,36.66,85.77,85.03,188.91,16.95,27.32,70,90,700,1,0,0,POOR
rice,germination,0,38.41,1307.42,28.04,23.19,35.94,89.02,23.24,6.69,75.82,70,90,700,0,1,0,POOR
rice,germination,0,21.19,856.6,31.26,27.65,62.48,59.51,385.4,7.8,104.26,70,90,700,0,1,0,POOR
rice,germination,0,11.53,1551.81,41.64,39.16,41.25,1.76,207.18,0.03,194.84,70,90,700,0,1,0,CRITICAL
rice,germination,0,90.87,1577.24,40.75,36.92,51.84,30.29,98.64,60.82,792.59,70,90,700,0,1,1,CRITICAL
rice,germination,0,59.0,1927.4,17.49,14.03,38.03,19.58,312.53,20.28,134.83,70,90,700,0,1,0,CRITICAL
rice,germination,0,92.57,616.48,30.51,24.95,76.62,6.22,252.37,23.95,100.12,70,90,700,0,0,0,GOOD
rice,germination,0,34.72,1623.58,30.17,25.98,54.63,4.39,83.67,325.53,48.4,70,90,700,0,1,1,CRITICAL
rice,germination,0,95.63,1989.9,38.49,32.56,65.56,25.95,1235.64,325.33,188.74,70,90,700,0,1,1,CRITICAL
rice,germination,0,97.96,1526.75,20.34,16.43,77.47,24.73,65.08,12.47,71.41,70,90,700,0,1,0,MODERATE
rice,germination,0,67.09,483.05,25.62,20.22,78.31,9.54,192.36,183.22,198.65,70,90,700,1,0,1,POOR
rice,germination,0,43.46,815.29,39.89,34.22,96.07,57.71,100.4,16.42,183.65,70,90,700,0,1,0,CRITICAL
rice,germination,0,29.88,125.91,16.19,13.49,89.34,28.25,174.65,18.97,873.23,70,90,700,1,0,1,CRITICAL
rice,germination,0,47.75,1571.71,30.72,26.73,36.37,59.11,342.01,1.73,81.88,70,90,700,0,1,0,POOR
rice,germination,0,39.9,1402.56,40.45,35.83,32.13,87.59,170.09,19.14,427.32,70,90,700,0,1,1,CRITICAL
rice,germination,0,30.35,643.19,25.03,22.11,20.12,72.93,265.22,10.57,142.52,70,90,700,1,0,0,POOR
rice,germination,0,43.38,1808.78,41.62,35.68,80.34,39.32,31.38,4.18,190.44,70,90,700,0,1,0,CRITICAL
rice,germination,0,64.14,628.29,38.58,33.54,28.2,51.39,373.17,206.22,764.49,70,90,700,1,0,1,CRITICAL
rice,germination,0,34.67,1623.79,21.44,18.06,46.85,97.85,1193.45,12.41,157.24,70,90,700,0,1,1,CRITICAL
rice,germination,0,12.27,1686.04,15.38,10.56,97.62,43.77,1182.5,1.29,172.53,70,90,700,0,1,1,CRITICAL
rice,germination,0,59.74,823.28,19.35,13.89,32.58,251.52,269.08,15.62,181.22,70,90,700,0,1,1,CRITICAL
rice,germination,0,14.67,1120.27,24.49,21.26,48.24,62.13,161.81,7.14,66.49,70,90,700,0,1,0,POOR
rice,germination,0,95.0,1301.38,37.16,32.63,35.92,41.83,111.14,24.51,35.87,70,90,700,0,1,0,POOR
rice,germination,0,46.32,1488.88,38.25,34.56,47.72,39.76,193.22,16.42,437.79,70,90,700,0,1,1,CRITICAL
rice,germination,0,36.76,229.53,34.77,30.27,71.88,155.29,100.36,15.25,833.05,70,90,700,1,0,1,POOR
rice,germination,0,19.53,351.92,46.18,41.23,90.64,20.26,272.04,14.57,191.52,70,90,700,1,0,0,POOR
rice,germination,0,26.97,1361.3,47.24,44.83,20.67,43.36,365.82,10.86,117.89,70,90,700,0,1,0,CRITICAL
rice,germination,0,31.78,1442.4,18.02,15.22,90.2,73.87,85.76,1.56,121.35,70,90,700,0,1,0,CRITICAL
rice,germination,0,95.63,1685.06,41.57,36.28,94.62,54.43,297.15,173.6,116.89,70,90,700,0,1,1,CRITICAL
rice,germination,0,43.16,1795.92,36.99,31.84,56.35,63.02,171.04,23.41,58.48,70,90,700,0,1,0,CRITICAL
rice,germination,0,37.09,1030.13,16.85,12.89,94.17,10.54,262.07,4.01,132.84,70,90,700,0,1,0,CRITICAL
rice,germination,0,71.66,265.34,24.54,21.3,40.0,51.5,141.52,368.96,65.35,70,90,700,0,0,1,MODERATE
rice,germination,0,94.7,1758.82,18.38,14.81,64.27,217.85,1386.54,18.71,32.07,70,90,700,0,1,1,CRITICAL
rice,germination,0,72.46,497.72,18.88,16.22,20.16,71.87,64.55,4.14,70.85,70,90,700,0,0,0,POOR
rice,germination,0,56.73,1235.12,23.1,20.87,51.28,226.84,246.52,10.72,140.43,70,90,700,0,1,0,POOR
rice,germination,0,47.08,1747.53,35.84,31.71,29.23,60.56,57.14,9.8,101.56,70,90,700,0,1,0,CRITICAL
rice,germination,0,81.35,184.64,30.65,26.41,70.27,68.86,289.38,20.53,66.73,70,90,700,0,0,0,GOOD
rice,germination,0,26.51,1717.2,44.12,40.26,26.06,431.24,846.88,235.03,13.31,70,90,700,0,1,1,CRITICAL
rice,germination,0,43.79,1617.44,29.3,23.32,64.72,32.12,149.01,11.61,141.75,70,90,700,0,1,0,POOR
rice,germination,0,69.55,993.78,15.18,9.96,81.82,54.84,233.49,20.08,134.23,70,90,700,0,1,0,CRITICAL
rice,germination,0,25.29,430.2,44.38,39.38,92.66,75.87,355.65,3.91,54.19,70,90,700,1,0,0,POOR
rice,germination,0,31.74,469.08,29.02,23.39,60.56,18.79,153.12,19.91,52.81,70,90,700,1,0,0,MODERATE
rice,germination,0,39.21,575.55,21.3,16.52,37.5,59.53,325.98,4.69,73.67,70,90,700,1,0,0,MODERATE
rice,germination,0,33.36,115.67,44.01,41.04,64.59,3.9,359.17,22.52,168.97,70,90,700,1,0,0,POOR
rice,tillering,1,16.05,235.09,47.96,44.66,79.85,450.31,96.6,3.25,156.75,65,85,700,1,0,1,CRITICAL
rice,tillering,1,68.89,502.44,15.47,10.42,69.9,163.63,247.81,21.61,198.14,65,85,700,0,0,0,MODERATE
rice,tillering,1,73.67,809.0,22.55,18.17,94.25,92.91,1496.94,16.24,118.63,65,85,700,0,1,1,POOR
rice,tillering,1,70.73,1371.19,27.31,21.55,33.39,50.04,259.46,15.9,141.03,65,85,700,0,1,0,MODERATE
rice,tillering,1,85.36,380.97,15.63,10.52,68.78,443.35,384.37,10.05,55.4,65,85,700,0,0,1,POOR
rice,tillering,1,63.36,742.1,16.72,14.59,53.87,362.4,353.17,21.57,147.49,65,85,700,0,1,1,CRITICAL
rice,tillering,1,99.75,108.55,44.61,40.12,97.87,46.5,846.91,346.92,17.02,65,85,700,0,0,1,POOR
rice,tillering,1,28.97,497.26,30.48,27.41,28.08,201.55,303.72,6.96,59.88,65,85,700,1,0,0,POOR
rice,tillering,1,33.08,742.87,37.24,34.99,36.84,80.9,345.86,12.11,160.76,65,85,700,0,1,0,CRITICAL
rice,tillering,1,55.5,330.95,35.59,32.5,59.03,8.23,328.95,11.46,788.52,65,85,700,1,0,1,CRITICAL
rice,tillering,1,38.25,1099.14,42.72,36.77,91.16,37.15,296.66,170.11,81.36,65,85,700,0,1,1,CRITICAL
rice,tillering,1,78.62,295.7,21.48,15.68,34.04,56.77,257.9,9.3,114.18,65,85,700,0,0,0,GOOD
rice,tillering,1,29.68,406.53,42.25,39.11,94.17,96.99,149.82,2.18,159.19,65,85,700,1,0,0,POOR
rice,tillering,1,29.85,475.5,43.84,40.85,41.06,0.07,250.93,11.46,97.23,65,85,700,1,0,0,POOR
rice,tillering,1,36.23,454.7,22.86,17.23,57.45,46.63,194.91,24.99,165.51,65,85,700,1,0,0,MODERATE
rice,tillering,1,28.4,713.8,31.85,27.39,92.85,50.99,13.96,20.98,89.81,65,85,700,0,1,0,POOR
rice,tillering,1,75.21,267.61,35.07,31.95,33.88,37.98,300.31,5.92,185.83,65,85,700,0,0,0,MODERATE
rice,tillering,1,11.72,1662.37,32.32,27.22,38.75,160.54,267.15,15.29,873.58,65,85,700,0,1,1,CRITICAL
rice,tillering,1,76.52,591.06,24.29,18.44,20.82,71.6,396.04,1.97,817.29,65,85,700,0,0,1,POOR
rice,tillering,1,26.72,776.39,45.64,43.4,27.39,16.28,387.23,6.17,150.24,65,85,700,0,1,0,CRITICAL
rice,tillering,1,91.39,1643.95,39.98,37.76,20.55,21.24,1419.21,22.73,54.33,65,85,700,0,1,1,CRITICAL
rice,tillering,1,40.79,888.42,42.42,39.94,78.79,53.15,119.98,4.11,180.48,65,85,700,0,1,0,CRITICAL
rice,tillering,1,69.28,1866.53,42.09,37.83,72.56,89.84,4.32,2.61,23.74,65,85,700,0,1,0,POOR
rice,tillering,1,16.05,1209.95,39.38,37.25,72.7,53.23,1007.45,20.47,193.94,65,85,700,0,1,1,CRITICAL
rice,tillering,1,14.53,152.89,37.84,34.0,38.12,61.4,143.68,11.93,161.14,65,85,700,1,0,0,POOR
rice,tillering,1,17.62,960.05,30.91,25.55,37.7,432.94,153.84,82.71,136.77,65,85,700,0,1,1,CRITICAL
rice,tillering,1,52.8,845.11,20.32,15.69,97.69,56.22,167.07,23.46,70.93,65,85,700,0,1,0,POOR
rice,tillering,1,85.03,1638.61,35.19,31.7,40.43,10.59,270.33,9.88,165.46,65,85,700,0,1,0,POOR
rice,tillering,1,25.14,1764.69,33.38,30.46,60.19,73.15,1454.01,15.89,150.48,65,85,700,0,1,1,CRITICAL
rice,tillering,1,48.56,1476.42,42.21,39.62,86.63,54.03,151.62,21.11,61.69,65,85,700,0,1,0,CRITICAL
rice,tillering,1,13.53,580.4,15.21,9.3,97.26,39.52,1363.8,10.01,198.07,65,85,700,1,0,1,CRITICAL
rice,tillering,1,69.36,1391.69,18.97,13.22,34.49,62.28,218.58,4.27,179.59,65,85,700,0,1,0,POOR
rice,tillering,1,19.02,82.36,36.84,32.43,33.04,158.3,389.88,21.71,10.12,65,85,700,1,0,0,POOR
rice,tillering,1,45.36,105.87,34.25,32.2,82.99,30.64,159.07,6.88,180.85,65,85,700,1,0,0,MODERATE
rice,tillering,1,14.55,880.94,42.47,37.25,37.95,436.06,38.14,21.77,150.49,65,85,700,0,1,1,CRITICAL
rice,tillering,1,49.79,702.08,28.02,23.9,32.91,57.2,61.56,9.03,11.34,65,85,700,0,1,0,POOR
rice,tillering,1,72.74,427.2,36.17,33.13,90.89,89.57,164.52,20.65,79.4,65,85,700,0,0,0,MODERATE
rice,tillering,1,42.44,1358.98,23.93,21.61,99.41,495.95,317.53,21.65,123.88,65,85,700,0,1,1,CRITICAL
rice,tillering,1,39.73,1150.25,43.07,40.26,94.75,68.91,311.81,360.37,58.81,65,85,700,0,1,1,CRITICAL
rice,tillering,1,32.77,1737.85,18.39,15.89,98.33,67.38,270.59,17.06,55.18,65,85,700,0,1,0,CRITICAL
rice,tillering,1,72.31,505.0,35.64,30.65,37.5,5.99,339.78,212.27,66.39,65,85,700,0,0,1,POOR
rice,tillering,1,17.34,554.25,15.92,11.39,54.11,54.81,265.53,22.26,100.06,65,85,700,1,0,0,POOR
rice,tillering,1,64.08,714.87,45.27,41.64,31.46,71.47,279.13,284.67,59.16,65,85,700,0,1,1,CRITICAL
rice,tillering,1,29.61,1340.58,35.91,31.54,21.3,72.88,222.63,339.35,129.96,65,85,700,0,1,1,CRITICAL
rice,tillering,1,75.6,1570.65,18.9,16.9,76.97,35.66,1395.81,14.14,109.77,65,85,700,0,1,1,CRITICAL
rice,tillering,1,44.99,518.58,18.13,14.87,27.73,17.69,1411.53,14.57,61.15,65,85,700,1,0,1,CRITICAL
rice,tillering,1,71.4,664.72,19.4,14.87,30.27,57.85,301.39,18.26,5.14,65,85,700,0,0,0,MODERATE
rice,tillering,1,65.54,1707.42,21.48,18.97,97.08,10.8,216.55,2.64,46.75,65,85,700,0,1,0,MODERATE
rice,tillering,1,13.74,1021.35,37.75,34.74,44.62,464.28,233.25,16.02,140.35,65,85,700,0,1,1,CRITICAL
rice,tillering,1,92.02,90.82,25.42,23.19,81.32,70.21,158.37,10.31,692.27,65,85,700,0,0,1,MODERATE
rice,tillering,1,44.01,170.97,26.2,22.17,32.95,65.81,141.89,22.08,131.94,65,85,700,1,0,0,MODERATE
rice,tillering,1,15.53,1636.76,46.04,41.44,96.37,15.14,232.69,3.17,146.87,65,85,700,0,1,0,CRITICAL
rice,tillering,1,59.71,1210.7,43.77,39.47,47.64,80.3,226.34,7.41,86.55,65,85,700,0,1,0,CRITICAL
rice,tillering,1,94.56,1522.51,34.36,29.04,26.41,370.53,993.95,355.05,35.43,65,85,700,0,1,1,CRITICAL
rice,tillering,1,46.49,1056.75,34.16,28.42,73.78,433.39,8.83,20.36,87.97,65,85,700,0,1,1,CRITICAL
rice,tillering,1,14.91,1218.95,44.78,41.25,37.31,166.93,330.54,19.99,126.29,65,85,700,0,1,0,CRITICAL
rice,tillering,1,47.27,1917.99,32.86,28.44,37.64,62.57,23.83,13.09,16.02,65,85,700,0,1,0,POOR
rice,tillering,1,26.6,444.47,27.76,25.56,51.82,51.17,335.66,1.55,113.2,65,85,700,1,0,0,MODERATE
rice,tillering,1,96.38,144.95,18.23,16.06,34.82,54.13,378.39,1.93,24.66,65,85,700,0,0,0,MODERATE
rice,tillering,1,42.23,1979.54,37.58,31.79,31.4,38.21,1.67,10.27,4.8,65,85,700,0,1,0,CRITICAL
rice,tillering,1,18.86,1915.6,34.78,29.86,45.23,39.31,71.61,211.03,14.55,65,85,700,0,1,1,CRITICAL
rice,tillering,1,80.42,1985.4,22.94,17.44,86.45,22.47,391.29,8.35,115.67,65,85,700,0,1,0,MODERATE
rice,tillering,1,87.98,166.25,37.84,35.28,53.27,54.86,398.61,9.9,839.8,65,85,700,0,0,1,POOR
rice,tillering,1,99.24,456.22,26.73,22.05,58.7,41.84,230.24,13.84,148.45,65,85,700,0,0,0,GOOD
rice,tillering,1,80.22,1149.59,23.62,18.84,65.39,79.62,195.27,10.48,57.64,65,85,700,0,1,0,MODERATE
rice,tillering,1,35.71,1482.49,15.79,11.45,95.32,17.44,250.27,13.03,4.51,65,85,700,0,1,0,CRITICAL
rice,tillering,1,90.16,1214.04,41.74,38.02,79.99,91.3,107.52,7.66,85.3,65,85,700,0,1,0,POOR
rice,tillering,1,17.9,385.07,32.1,29.24,42.66,40.03,259.75,23.32,177.23,65,85,700,1,0,0,MODERATE
rice,tillering,1,69.67,1374.18,45.75,39.76,77.61,28.72,92.43,89.73,100.01,65,85,700,0,1,1,CRITICAL
rice,tillering,1,78.22,1532.01,25.32,21.67,36.78,375.96,121.35,17.29,26.14,65,85,700,0,1,1,POOR
rice,tillering,1,61.76,453.29,31.65,28.4,54.2,64.52,162.13,19.58,150.26,65,85,700,1,0,0,MODERATE
rice,tillering,1,26.45,1914.77,27.43,24.07,24.99,48.62,1366.18,349.13,152.93,65,85,700,0,1,1,CRITICAL
rice,tillering,1,95.05,1380.95,25.94,21.94,71.66,51.06,320.96,23.81,805.97,65,85,700,0,1,1,POOR
rice,tillering,1,38.16,1724.09,19.35,14.53,79.36,238.31,67.54,11.89,33.66,65,85,700,0,1,0,CRITICAL
rice,tillering,1,27.03,1454.75,31.87,27.45,56.87,82.87,42.16,170.67,145.07,65,85,700,0,1,1,CRITICAL
rice,tillering,1,89.77,142.03,46.73,42.01,70.51,237.08,119.31,3.48,195.16,65,85,700,0,0,0,MODERATE
rice,tillering,1,40.97,1065.06,29.54,24.02,60.44,198.43,99.99,14.88,157.01,65,85,700,0,1,0,POOR
rice,tillering,1,68.39,866.99,30.11,27.09,80.17,51.29,1104.68,8.63,83.74,65,85,700,0,1,1,POOR
rice,tillering,1,92.35,1695.56,39.5,36.82,29.63,403.41,172.21,8.72,143.74,65,85,700,0,1,1,CRITICAL
rice,tillering,1,99.49,503.82,16.78,14.02,23.12,39.18,177.67,21.54,630.37,65,85,700,0,0,1,CRITICAL
rice,tillering,1,53.49,1974.45,39.9,36.91,63.07,99.21,282.55,10.09,67.47,65,85,700,0,1,0,CRITICAL
rice,tillering,1,37.7,520.27,22.71,20.43,34.97,55.55,1413.13,12.32,190.68,65,85,700,1,0,1,POOR
rice,tillering,1,36.83,674.78,20.42,15.29,29.8,63.49,363.77,68.03,49.39,65,85,700,1,0,1,CRITICAL
rice,tillering,1,86.85,75.8,31.89,26.81,94.78,436.87,79.69,9.43,31.98,65,85,700,0,0,1,MODERATE
rice,tillering,1,37.93,1031.52,41.28,36.32,71.64,15.58,150.95,384.03,70.47,65,85,700,0,1,1,CRITICAL
rice,tillering,1,45.3,1898.17,19.66,14.61,28.69,98.13,137.04,377.7,177.49,65,85,700,0,1,1,CRITICAL
rice,tillering,1,16.21,702.84,25.35,20.81,48.48,358.76,152.85,5.94,120.19,65,85,700,0,1,1,CRITICAL
rice,tillering,1,84.16,447.97,30.48,25.27,34.41,10.99,273.55,7.9,48.16,65,85,700,0,0,0,GOOD
rice,tillering,1,23.24,631.06,17.96,12.32,20.48,48.39,913.19,5.14,176.9,65,85,700,1,0,0,CRITICAL
rice,tillering,1,27.59,374.15,45.24,41.93,49.77,268.59,1218.2,1.24,771.95,65,85,700,1,0,1,CRITICAL
rice,tillering,1,48.14,717.16,46.73,42.95,59.12,35.16,304.87,10.84,158.79,65,85,700,0,1,0,CRITICAL
rice,tillering,1,76.75,1619.94,42.89,39.31,24.1,40.19,299.59,4.66,40.81,65,85,700,0,1,0,CRITICAL
rice,tillering,1,53.43,471.26,46.92,42.06,96.57,316.29,210.02,11.17,419.63,65,85,700,1,0,1,CRITICAL
rice,tillering,1,31.81,1343.46,42.69,38.49,32.25,72.81,307.9,8.54,179.48,65,85,700,0,1,0,CRITICAL
rice,tillering,1,83.42,1214.76,27.99,24.1,88.36,34.0,310.72,10.76,107.07,65,85,700,0,1,0,MODERATE
rice,tillering,1,29.06,130.92,25.63,21.39,88.63,302.39,287.7,6.47,24.26,65,85,700,1,0,1,POOR
rice,tillering,1,60.8,1221.14,20.49,16.97,69.38,404.67,304.88,16.67,97.96,65,85,700,0,1,1,CRITICAL
rice,tillering,1,56.74,435.23,41.57,38.83,26.8,43.62,110.7,23.32,65.58,65,85,700,1,0,0,CRITICAL
rice,tillering,1,52.73,705.83,45.38,43.33,64.23,74.07,388.98,5.92,14.98,65,85,700,0,1,0,CRITICAL
rice,tillering,1,31.58,430.17,31.66,26.59,24.96,57.68,21.1,1.13,52.48,65,85,700,1,0,0,POOR
rice,tillering,1,50.42,1176.35,33.84,30.51,45.24,10.66,1476.39,21.63,57.04,65,85,700,0,1,1,CRITICAL
rice,tillering,1,53.38,1527.66,24.3,21.03,93.97,319.97,244.15,8.58,102.95,65,85,700,0,1,1,CRITICAL
rice,tillering,1,96.73,785.12,34.91,32.59,74.65,93.26,232.69,273.53,124.7,65,85,700,0,1,1,POOR
rice,tillering,1,28.16,1822.21,40.09,35.39,44.08,18.4,90.32,8.15,196.93,65,85,700,0,1,0,CRITICAL
rice,tillering,1,28.32,1549.67,29.04,24.78,21.68,306.04,354.1,22.83,26.74,65,85,700,0,1,1,CRITICAL
rice,tillering,1,94.72,1369.4,26.99,21.24,42.05,33.22,371.76,18.46,552.25,65,85,700,0,1,1,POOR
rice,tillering,1,67.85,1449.47,47.23,43.72,84.15,43.45,379.07,18.9,88.91,65,85,700,0,1,0,POOR
rice,tillering,1,15.26,634.86,30.65,27.98,48.38,40.0,353.74,16.62,82.15,65,85,700,1,0,0,MODERATE
rice,tillering,1,72.25,1339.62,16.27,12.79,98.32,325.68,286.9,21.61,77.21,65,85,700,0,1,1,CRITICAL
rice,tillering,1,17.49,1732.77,30.86,28.58,63.98,41.72,330.59,24.3,93.88,65,85,700,0,1,0,POOR
rice,tillering,1,27.34,301.69,24.83,19.71,57.73,22.75,1040.12,104.5,754.84,65,85,700,1,0,1,POOR
rice,tillering,1,14.52,238.55,38.78,35.65,34.74,3.94,53.77,10.71,780.94,65,85,700,1,0,1,CRITICAL
rice,tillering,1,48.96,1094.31,30.74,27.18,90.99,89.39,370.76,140.33,28.56,65,85,700,0,1,1,CRITICAL
rice,tillering,1,35.11,839.69,47.96,45.74,66.28,8.26,204.18,149.16,188.94,65,85,700,0,1,1,CRITICAL
rice,tillering,1,91.86,62.06,41.75,35.96,27.31,16.14,5.68,303.94,57.5,65,85,700,0,0,1,CRITICAL
rice,tillering,1,46.51,379.87,47.26,41.84,59.87,60.32,1160.62,15.28,34.09,65,85,700,1,0,1,CRITICAL
rice,tillering,1,48.86,1574.47,30.98,25.8,66.12,34.21,89.75,0.23,89.1,65,85,700,0,1,0,POOR
rice,tillering,1,87.71,321.93,33.78,28.31,66.65,71.8,1076.14,388.02,574.03,65,85,700,0,0,1,MODERATE
rice,tillering,1,97.0,914.71,25.59,21.49,75.02,27.35,19.72,7.89,554.73,65,85,700,0,1,1,POOR
rice,tillering,1,47.0,917.19,34.03,28.09,39.33,68.13,35.43,14.9,168.32,65,85,700,0,1,0,POOR
rice,tillering,1,51.43,474.3,19.41,13.6,25.81,19.91,217.92,5.97,140.81,65,85,700,1,0,0,CRITICAL
rice,tillering,1,45.18,1954.09,46.5,41.3,39.33,6.8,1344.41,21.12,62.57,65,85,700,0,1,1,CRITICAL
rice,tillering,1,10.88,847.91,25.87,21.1,81.3,30.41,178.53,24.68,121.94,65,85,700,0,1,0,POOR
rice,tillering,1,77.66,1158.12,24.06,20.17,46.7,57.93,252.69,5.82,36.35,65,85,700,0,1,0,MODERATE
rice,tillering,1,33.23,954.77,19.4,13.69,89.42,70.76,323.18,16.1,129.28,65,85,700,0,1,0,CRITICAL
rice,tillering,1,13.09,1295.98,17.69,13.95,43.41,54.54,318.0,3.64,93.45,65,85,700,0,1,0,CRITICAL
rice,tillering,1,88.12,1664.96,35.66,33.36,28.99,4.93,1069.54,15.26,22.5,65,85,700,0,1,1,CRITICAL
rice,tillering,1,67.52,714.88,47.92,44.87,42.33,93.07,1385.47,24.39,129.26,65,85,700,0,1,1,CRITICAL
rice,tillering,1,68.52,1965.84,45.09,41.33,23.2,36.23,183.74,11.73,62.33,65,85,700,0,1,0,CRITICAL
rice,tillering,1,97.53,752.12,30.77,27.35,74.6,66.22,126.27,255.17,178.17,65,85,700,0,1,1,POOR
rice,tillering,1,16.93,1357.99,42.1,39.12,53.7,83.88,220.23,22.78,9.75,65,85,700,0,1,0,CRITICAL
rice,tillering,1,40.82,1115.63,18.01,12.99,66.59,18.66,22.8,0.44,163.9,65,85,700,0,1,0,CRITICAL
rice,tillering,1,63.67,584.72,15.88,10.94,70.05,58.08,82.35,283.43,192.55,65,85,700,1,0,1,CRITICAL
rice,tillering,1,19.51,1635.06,34.1,29.63,82.52,70.33,299.01,153.1,6.68,65,85,700,0,1,1,CRITICAL
rice,tillering,1,74.1,392.99,22.77,18.79,93.19,21.17,200.25,16.15,136.69,65,85,700,0,0,0,GOOD
rice,tillering,1,37.85,923.54,28.38,22.44,43.38,29.48,100.93,22.4,484.37,65,85,700,0,1,1,CRITICAL
rice,tillering,1,50.76,1894.14,37.34,34.13,35.06,30.37,41.86,3.53,39.44,65,85,700,0,1,0,CRITICAL
rice,tillering,1,93.14,1651.87,26.68,22.06,62.98,67.71,106.44,22.27,198.32,65,85,700,0,1,0,MODERATE
rice,tillering,1,70.69,1960.91,47.52,42.78,39.49,79.86,364.08,10.75,868.09,65,85,700,0,1,1,CRITICAL
rice,tillering,1,25.73,1755.75,39.34,36.32,25.38,26.8,288.42,0.7,29.22,65,85,700,0,1,0,CRITICAL
rice,tillering,1,68.71,840.13,34.67,32.24,21.35,244.37,399.74,387.56,100.58,65,85,700,0,1,1,CRITICAL
rice,tillering,1,97.97,1930.49,20.4,17.21,28.01,27.17,1039.56,15.74,197.24,65,85,700,0,1,1,CRITICAL
rice,tillering,1,16.31,160.42,18.97,14.65,94.3,49.67,283.43,9.03,667.4,65,85,700,1,0,1,CRITICAL
rice,tillering,1,52.71,1641.31,29.26,24.07,67.63,88.66,252.01,46.0,47.29,65,85,700,0,1,1,CRITICAL
rice,tillering,1,38.8,1036.79,20.36,14.52,88.13,86.38,57.55,14.67,1.49,65,85,700,0,1,0,POOR
rice,tillering,1,49.84,1477.83,22.69,17.44,67.07,21.08,331.98,21.68,97.58,65,85,700,0,1,0,POOR
rice,tillering,1,42.29,1991.51,30.85,26.9,65.27,91.68,287.48,4.81,567.7,65,85,700,0,1,1,CRITICAL
rice,tillering,1,57.97,1281.51,32.92,30.4,50.07,9.91,311.19,10.16,83.78,65,85,700,0,1,0,POOR
rice,tillering,1,98.61,1349.49,24.42,20.08,28.76,96.58,98.18,261.22,15.73,65,85,700,0,1,1,CRITICAL
rice,tillering,1,98.92,809.31,39.18,34.44,36.97,23.9,813.76,24.14,1.42,65,85,700,0,1,0,POOR
rice,tillering,1,23.19,361.35,41.07,36.61,23.59,62.25,307.89,23.68,848.77,65,85,700,1,0,1,CRITICAL
rice,tillering,1,17.87,1876.16,42.24,37.08,36.07,80.51,380.9,13.44,3.39,65,85,700,0,1,0,CRITICAL
rice,tillering,1,22.88,77.33,33.71,27.98,73.28,82.27,183.83,17.11,97.06,65,85,700,1,0,0,MODERATE
rice,tillering,1,25.51,1751.17,35.23,32.6,96.99,51.84,101.28,24.47,150.7,65,85,700,0,1,0,CRITICAL
rice,tillering,1,59.16,224.47,28.79,23.38,88.49,9.92,349.91,2.53,157.78,65,85,700,1,0,0,MODERATE
rice,tillering,1,31.21,1441.64,43.83,41.32,89.33,59.36,64.34,2.64,656.76,65,85,700,0,1,1,CRITICAL
rice,tillering,1,58.21,818.67,42.99,39.02,57.75,446.37,161.41,14.32,97.3,65,85,700,0,1,1,CRITICAL
rice,tillering,1,31.5,1901.1,25.07,22.39,56.85,30.71,217.64,11.18,51.65,65,85,700,0,1,0,POOR
rice,tillering,1,78.36,451.68,38.41,36.32,53.51,77.59,81.99,111.35,70.51,65,85,700,0,0,1,POOR
rice,tillering,1,91.53,296.94,20.89,16.92,26.56,480.32,150.5,6.74,197.83,65,85,700,0,0,1,POOR
rice,tillering,1,14.68,271.61,15.13,9.13,84.18,78.67,60.51,18.91,3.61,65,85,700,1,0,0,POOR
rice,tillering,1,93.99,1292.93,41.46,37.59,48.93,10.84,67.25,15.63,108.04,65,85,700,0,1,0,POOR
rice,tillering,1,26.86,113.32,39.53,34.64,30.88,83.61,99.59,186.67,11.19,65,85,700,1,0,1,CRITICAL
rice,tillering,1,66.33,156.29,42.6,38.55,62.16,56.16,127.53,2.91,160.54,65,85,700,0,0,0,MODERATE
rice,tillering,1,22.21,333.98,38.02,33.44,82.62,93.75,97.38,1.81,184.01,65,85,700,1,0,0,POOR
rice,tillering,1,95.31,554.19,26.13,22.52,24.1,49.65,140.28,3.84,30.28,65,85,700,0,0,0,MODERATE
rice,tillering,1,27.13,765.11,18.49,13.98,29.71,98.59,231.43,4.36,725.36,65,85,700,0,1,1,CRITICAL
rice,tillering,1,90.46,1843.6,18.13,13.95,79.24,75.69,318.97,11.6,3.62,65,85,700,0,1,0,POOR
rice,tillering,1,65.76,1343.81,42.6,39.74,29.64,204.81,1150.61,2.43,70.0,65,85,700,0,1,1,CRITICAL
rice,tillering,1,59.45,1202.19,36.54,33.52,49.17,218.23,225.06,244.77,86.42,65,85,700,0,1,1,CRITICAL
rice,tillering,1,22.85,809.4,46.41,43.13,89.45,88.13,289.82,11.07,76.47,65,85,700,0,1,0,CRITICAL
rice,tillering,1,43.06,1075.6,41.69,38.24,61.94,67.07,373.37,16.19,101.9,65,85,700,0,1,0,CRITICAL
rice,tillering,1,17.33,427.01,46.37,42.74,57.33,5.27,215.24,18.62,92.14,65,85,700,1,0,0,POOR
rice,tillering,1,68.07,1319.39,42.21,38.54,25.85,27.37,283.89,244.92,193.68,65,85,700,0,1,1,CRITICAL
rice,tillering,1,95.05,1363.54,17.14,13.28,39.22,46.98,142.71,20.76,187.1,65,85,700,0,1,0,POOR
rice,tillering,1,13.55,1495.55,42.31,36.44,91.19,60.05,98.66,13.93,112.99,65,85,700,0,1,0,CRITICAL
rice,tillering,1,77.51,1402.13,47.69,44.58,59.86,304.21,273.68,61.51,65.81,65,85,700,0,1,1,CRITICAL
rice,tillering,1,94.66,143.17,26.62,21.2,51.68,19.92,366.17,24.71,52.45,65,85,700,0,0,0,GOOD
rice,tillering,1,95.28,1545.36,23.85,19.49,77.72,94.13,309.86,2.87,53.77,65,85,700,0,1,0,MODERATE
rice,tillering,1,12.92,1210.79,32.79,26.92,58.74,343.09,398.74,22.67,81.14,65,85,700,0,1,1,CRITICAL
rice,tillering,1,33.87,1387.88,46.31,43.24,84.92,5.54,373.61,273.11,142.79,65,85,700,0,1,1,CRITICAL
rice,tillering,1,20.54,1079.95,19.19,14.82,58.6,62.26,196.53,10.61,59.79,65,85,700,0,1,0,CRITICAL
rice,tillering,1,96.94,304.74,27.27,25.17,37.74,78.05,189.78,317.73,170.9,65,85,700,0,0,1,MODERATE
rice,tillering,1,80.46,1698.75,41.37,37.34,38.63,404.51,62.28,19.81,199.71,65,85,700,0,1,1,CRITICAL
rice,tillering,1,42.88,1691.15,33.3,27.7,94.1,0.91,267.73,15.17,193.47,65,85,700,0,1,0,POOR
rice,tillering,1,17.75,1140.32,31.59,29.01,55.37,33.41,3.4,9.16,191.04,65,85,700,0,1,0,POOR
rice,tillering,1,26.54,1175.03,20.11,16.68,75.76,56.01,224.84,22.03,184.01,65,85,700,0,1,0,POOR
rice,tillering,1,61.2,1769.33,46.08,41.12,26.93,66.92,19.66,11.35,170.88,65,85,700,0,1,0,CRITICAL
rice,tillering,1,20.58,541.4,45.38,41.06,62.68,278.11,209.31,13.42,173.91,65,85,700,1,0,1,CRITICAL
rice,tillering,1,13.27,248.6,39.04,36.24,49.7,50.17,162.55,20.46,138.58,65,85,700,1,0,0,POOR
rice,tillering,1,47.08,319.88,36.97,32.87,71.15,33.8,34.16,218.05,605.3,65,85,700,1,0,1,CRITICAL
rice,tillering,1,90.66,1387.14,43.35,40.99,89.2,32.06,167.19,3.37,88.37,65,85,700,0,1,0,POOR
rice,tillering,1,90.42,1525.74,25.96,20.98,32.16,270.97,98.54,21.47,111.06,65,85,700,0,1,1,POOR
rice,tillering,1,30.99,1735.59,25.21,20.43,21.29,37.27,29.09,16.93,148.18,65,85,700,0,1,0,CRITICAL
rice,tillering,1,82.8,624.67,33.85,28.87,50.32,310.77,371.97,22.58,811.87,65,85,700,0,0,1,MODERATE
rice,tillering,1,47.36,224.21,29.45,26.52,43.3,176.43,171.07,72.29,161.45,65,85,700,1,0,1,POOR
rice,tillering,1,94.01,721.96,20.31,16.06,95.5,233.34,68.43,211.76,437.04,65,85,700,0,1,1,POOR
rice,tillering,1,46.71,610.43,33.41,30.19,26.92,307.35,228.93,7.01,796.42,65,85,700,1,0,1,CRITICAL
rice,tillering,1,97.76,502.96,44.08,40.77,29.03,87.0,171.93,11.34,71.0,65,85,700,0,0,0,POOR
rice,tillering,1,38.43,1472.02,43.87,38.11,84.41,342.69,121.4,142.81,62.57,65,85,700,0,1,1,CRITICAL
rice,panicle_init,1,15.14,265.56,22.24,18.38,54.66,79.97,133.48,1.3,95.43,70,90,700,1,0,0,MODERATE
rice,panicle_init,1,93.93,1726.03,38.42,34.49,61.63,97.52,324.44,185.8,655.76,70,90,700,0,1,1,CRITICAL
rice,panicle_init,1,91.37,355.23,27.1,22.62,32.75,96.8,859.79,4.84,119.8,70,90,700,0,0,0,GOOD
rice,panicle_init,1,93.83,1821.4,40.78,38.7,46.16,246.32,850.33,23.94,60.67,70,90,700,0,1,0,POOR
rice,panicle_init,1,62.03,1918.06,31.6,29.27,69.6,34.02,77.14,6.64,632.74,70,90,700,0,1,1,CRITICAL
rice,panicle_init,1,93.86,453.4,26.82,24.22,60.8,465.27,1144.22,20.17,84.35,70,90,700,0,0,1,MODERATE
rice,panicle_init,1,13.4,1304.57,23.66,21.45,38.48,80.19,166.43,5.38,75.87,70,90,700,0,1,0,POOR
rice,panicle_init,1,47.08,1872.1,16.6,13.76,65.27,61.56,259.66,8.01,25.75,70,90,700,0,1,0,CRITICAL
rice,panicle_init,1,38.55,1544.29,31.43,28.19,84.96,86.72,226.53,5.72,150.55,70,90,700,0,1,0,POOR
rice,panicle_init,1,10.64,1647.83,26.87,22.71,74.18,70.26,159.89,7.45,72.44,70,90,700,0,1,0,POOR
rice,panicle_init,1,27.9,1223.29,17.0,13.35,63.73,412.04,308.5,13.42,168.51,70,90,700,0,1,1,CRITICAL
rice,panicle_init,1,52.36,356.87,16.03,10.24,39.26,179.18,1266.93,8.64,37.35,70,90,700,1,0,1,CRITICAL
rice,panicle_init,1,41.56,784.78,32.61,30.61,39.3,237.67,111.87,21.64,71.28,70,90,700,0,1,0,POOR
rice,panicle_init,1,83.51,1921.2,41.16,36.74,59.47,4.01,60.89,14.64,167.22,70,90,700,0,1,0,POOR
rice,panicle_init,1,58.39,1344.07,40.87,37.29,71.68,15.06,291.81,12.18,185.97,70,90,700,0,1,0,CRITICAL
rice,panicle_init,1,20.78,1615.18,23.15,17.55,92.87,94.33,311.41,0.86,36.58,70,90,700,0,1,0,POOR
rice,panicle_init,1,66.09,195.14,31.62,28.89,65.92,63.74,134.24,12.1,130.8,70,90,700,1,0,0,MODERATE
rice,panicle_init,1,17.72,227.32,45.47,40.71,30.17,357.37,965.64,112.5,122.68,70,90,700,1,0,1,CRITICAL
rice,panicle_init,1,12.54,527.25,44.09,40.43,77.63,91.83,206.85,1.65,181.49,70,90,700,1,0,0,POOR
rice,panicle_init,1,89.15,849.55,30.91,28.62,42.25,32.45,184.35,305.87,125.25,70,90,700,0,1,1,POOR
rice,panicle_init,1,95.12,308.52,40.56,37.5,94.69,72.0,177.22,386.45,54.07,70,90,700,0,0,1,POOR
rice,panicle_init,1,51.56,663.15,34.17,29.25,52.87,62.92,20.79,6.56,177.37,70,90,700,1,0,0,MODERATE
rice,panicle_init,1,18.71,978.31,47.73,42.64,36.84,50.14,312.03,23.06,100.39,70,90,700,0,1,0,CRITICAL
rice,panicle_init,1,53.78,1034.62,20.82,15.57,63.34,418.15,378.92,80.54,36.72,70,90,700,0,1,1,CRITICAL
rice,panicle_init,1,44.48,1599.59,30.06,27.38,41.38,50.91,1300.29,22.81,551.14,70,90,700,0,1,1,CRITICAL
rice,panicle_init,1,97.48,1725.68,18.63,12.84,53.87,0.93,217.55,15.33,809.71,70,90,700,0,1,1,CRITICAL
rice,panicle_init,1,20.78,1087.27,24.39,22.2,73.48,207.02,341.36,22.6,10.1,70,90,700,0,1,0,POOR
rice,panicle_init,1,50.0,549.77,21.28,16.6,20.03,80.59,154.49,8.02,615.09,70,90,700,1,0,1,CRITICAL
rice,panicle_init,1,37.13,234.38,40.03,35.6,65.63,5.36,83.13,7.09,144.47,70,90,700,1,0,0,POOR
rice,panicle_init,1,54.35,363.39,47.28,44.65,59.0,36.41,992.29,1.01,59.51,70,90,700,1,0,0,POOR
rice,panicle_init,1,97.02,1076.86,25.01,21.56,25.31,98.93,177.09,13.3,13.6,70,90,700,0,1,0,POOR
rice,panicle_init,1,76.43,418.82,33.93,31.06,88.93,94.22,93.62,232.1,79.26,70,90,700,0,0,1,MODERATE
rice,panicle_init,1,56.13,572.16,30.01,26.13,76.53,94.06,198.52,394.57,39.42,70,90,700,1,0,1,POOR
rice,panicle_init,1,50.85,1104.19,43.04,39.12,49.86,49.32,360.36,2.49,15.74,70,90,700,0,1,0,CRITICAL
rice,panicle_init,1,62.99,223.98,29.22,26.52,98.97,56.12,37.9,10.6,162.05,70,90,700,1,0,0,MODERATE
rice,panicle_init,1,15.54,366.87,44.54,39.79,39.99,6.56,161.81,16.74,119.42,70,90,700,1,0,0,POOR
rice,panicle_init,1,32.87,1659.01,31.01,26.84,44.38,18.18,78.49,10.39,20.12,70,90,700,0,1,0,POOR
rice,panicle_init,1,69.92,608.14,30.18,27.41,36.83,2.3,91.01,15.98,128.95,70,90,700,1,0,0,MODERATE
rice,panicle_init,1,60.17,549.24,36.48,34.01,62.91,43.71,348.53,10.12,583.64,70,90,700,1,0,1,CRITICAL
rice,panicle_init,1,43.15,778.22,27.66,22.31,72.06,266.95,15.35,9.96,2.55,70,90,700,0,1,1,CRITICAL
rice,panicle_init,1,40.87,319.58,29.5,25.52,52.29,297.31,239.71,9.93,172.22,70,90,700,1,0,1,POOR
rice,panicle_init,1,86.53,465.06,37.07,32.9,86.63,12.51,378.55,15.17,199.1,70,90,700,0,0,0,MODERATE
rice,panicle_init,1,64.85,1650.12,24.41,21.46,82.96,5.64,224.14,15.32,128.1,70,90,700,0,1,0,POOR
rice,panicle_init,1,20.73,487.94,31.51,26.14,76.1,78.9,157.47,14.77,9.34,70,90,700,1,0,0,MODERATE
rice,panicle_init,1,84.67,1422.68,46.21,42.57,72.96,46.49,75.45,20.27,22.68,70,90,700,0,1,0,POOR
rice,panicle_init,1,90.47,1843.75,16.82,11.54,23.02,36.72,298.53,297.18,141.1,70,90,700,0,1,1,CRITICAL
rice,panicle_init,1,10.12,284.31,32.64,27.94,53.4,73.07,76.81,82.32,405.89,70,90,700,1,0,1,POOR
rice,panicle_init,1,35.3,1352.64,20.83,16.51,92.32,32.02,249.92,104.38,79.44,70,90,700,0,1,1,CRITICAL
rice,panicle_init,1,38.85,1501.62,47.05,43.3,88.88,56.59,1255.42,11.01,97.72,70,90,700,0,1,1,CRITICAL
rice,panicle_init,1,98.52,1351.33,16.45,13.14,69.87,5.63,133.08,4.12,40.03,70,90,700,0,1,0,POOR
rice,panicle_init,1,16.5,337.53,17.42,12.17,80.19,75.33,190.8,15.54,71.5,70,90,700,1,0,0,POOR
rice,panicle_init,1,72.35,1748.39,26.3,21.22,64.91,88.28,1324.52,59.24,105.98,70,90,700,0,1,1,POOR
rice,panicle_init,1,18.43,1547.77,39.66,36.41,44.5,175.33,1215.09,16.95,538.63,70,90,700,0,1,1,CRITICAL
rice,panicle_init,1,77.57,1307.2,26.72,24.53,22.48,55.42,336.31,5.93,511.63,70,90,700,0,1,1,CRITICAL
rice,panicle_init,1,48.33,1971.77,33.28,27.56,20.43,74.82,1097.2,13.56,0.16,70,90,700,0,1,1,CRITICAL
rice,panicle_init,1,67.05,1833.5,21.89,17.22,26.3,60.38,120.49,4.28,132.47,70,90,700,0,1,0,CRITICAL
rice,panicle_init,1,21.54,879.45,23.16,18.16,40.96,88.17,245.54,17.83,56.51,70,90,700,0,1,0,POOR
rice,panicle_init,1,74.71,1032.58,38.39,35.39,45.96,33.42,321.32,51.1,2.6,70,90,700,0,1,1,CRITICAL
rice,panicle_init,1,40.77,1852.23,15.8,11.48,63.91,21.93,800.5,4.11,461.53,70,90,700,0,1,1,CRITICAL
rice,panicle_init,1,38.37,274.84,18.53,13.65,88.37,25.7,22.61,5.75,188.11,70,90,700,1,0,0,POOR
rice,panicle_init,1,41.9,793.24,28.59,23.68,56.13,85.67,224.28,114.23,31.66,70,90,700,0,1,1,CRITICAL
rice,panicle_init,1,72.27,796.99,43.68,39.41,55.16,312.64,245.82,2.96,139.6,70,90,700,0,1,1,CRITICAL
rice,panicle_init,1,54.61,871.18,28.55,25.62,30.91,19.67,3.68,24.33,71.57,70,90,700,0,1,0,POOR
rice,panicle_init,1,12.88,1883.35,44.44,40.3,63.49,65.38,17.91,13.74,164.53,70,90,700,0,1,0,CRITICAL
rice,panicle_init,1,38.49,830.3,19.97,15.95,84.13,321.71,282.42,22.12,53.82,70,90,700,0,1,1,CRITICAL
rice,panicle_init,1,99.29,304.19,41.27,37.69,59.38,88.07,19.72,17.01,82.19,70,90,700,0,0,0,MODERATE
rice,panicle_init,1,26.06,205.2,46.03,42.99,88.27,86.35,328.72,8.43,101.95,70,90,700,1,0,0,POOR
rice,panicle_init,1,52.78,758.85,36.15,30.55,33.11,38.14,291.55,23.76,11.43,70,90,700,0,1,0,CRITICAL
rice,panicle_init,1,70.24,1671.57,19.96,17.81,90.31,31.49,239.32,191.32,196.53,70,90,700,0,1,1,CRITICAL
rice,panicle_init,1,91.53,1056.68,20.07,14.39,80.6,73.17,84.4,10.97,90.65,70,90,700,0,1,0,MODERATE
rice,panicle_init,1,68.93,495.43,24.04,20.78,29.34,27.32,363.38,74.47,113.69,70,90,700,1,0,1,CRITICAL
rice,panicle_init,1,33.16,1402.34,16.31,10.95,55.85,63.67,308.9,11.41,168.36,70,90,700,0,1,0,CRITICAL
rice,panicle_init,1,30.71,841.86,42.27,39.35,61.95,80.61,98.25,137.7,886.52,70,90,700,0,1,1,CRITICAL
rice,panicle_init,1,34.14,129.91,38.27,34.46,28.06,160.91,55.46,24.01,79.53,70,90,700,1,0,0,CRITICAL
rice,panicle_init,1,53.26,1126.07,35.85,32.82,95.89,16.98,192.45,14.27,146.54,70,90,700,0,1,0,CRITICAL
rice,panicle_init,1,32.5,1238.58,34.31,30.83,58.88,31.38,42.21,23.77,176.85,70,90,700,0,1,0,POOR
rice,panicle_init,1,62.73,1953.35,32.57,26.94,26.64,19.11,326.49,1.19,39.71,70,90,700,0,1,0,CRITICAL
rice,panicle_init,1,79.34,1024.26,25.07,19.18,73.07,40.82,96.87,7.25,130.99,70,90,700,0,1,0,MODERATE
rice,panicle_init,1,21.42,1870.55,43.62,40.69,82.27,60.86,272.58,24.1,24.05,70,90,700,0,1,0,CRITICAL
rice,panicle_init,1,43.65,1904.34,15.73,12.52,93.69,32.09,872.2,19.88,76.99,70,90,700,0,1,0,CRITICAL
rice,panicle_init,1,96.65,296.98,28.88,24.96,50.1,36.32,174.49,20.06,127.62,70,90,700,0,0,0,GOOD
rice,panicle_init,1,75.75,128.63,18.13,16.1,32.24,6.9,968.7,171.33,79.0,70,90,700,0,0,1,POOR
rice,panicle_init,1,44.0,667.53,37.35,34.19,66.18,6.59,374.78,6.38,61.08,70,90,700,1,0,0,POOR
rice,panicle_init,1,78.47,80.88,33.41,29.89,60.52,56.28,293.36,2.44,110.26,70,90,700,0,0,0,GOOD
rice,panicle_init,1,63.04,1074.02,21.7,17.89,83.76,59.04,281.1,3.82,4.89,70,90,700,0,1,0,POOR
rice,panicle_init,1,70.25,471.46,34.5,28.85,83.82,92.15,1088.99,6.3,158.71,70,90,700,0,0,1,MODERATE
rice,panicle_init,1,78.26,92.87,41.96,39.9,72.57,36.51,136.99,14.72,101.95,70,90,700,0,0,0,MODERATE
rice,panicle_init,1,12.38,704.34,47.21,41.71,46.35,58.78,7.18,24.24,37.87,70,90,700,0,1,0,CRITICAL
rice,panicle_init,1,65.59,1306.63,15.94,10.62,83.06,25.9,16.13,8.44,95.35,70,90,700,0,1,0,CRITICAL
rice,panicle_init,1,64.46,821.7,24.86,19.39,79.74,85.78,278.49,1.63,180.62,70,90,700,0,1,0,POOR
rice,panicle_init,1,76.99,1257.92,41.5,37.77,82.86,46.25,185.05,13.86,193.61,70,90,700,0,1,0,POOR
rice,panicle_init,1,12.95,962.33,36.34,31.02,23.94,85.24,126.9,1.29,26.52,70,90,700,0,1,0,CRITICAL
rice,panicle_init,1,56.54,1539.04,29.76,24.6,69.47,11.31,158.76,9.7,115.1,70,90,700,0,1,0,POOR
rice,panicle_init,1,25.36,1342.67,43.13,40.1,59.32,97.55,36.08,23.98,140.82,70,90,700,0,1,0,CRITICAL
rice,panicle_init,1,87.25,1915.83,31.47,25.74,66.67,53.84,1.49,201.45,70.05,70,90,700,0,1,1,POOR
rice,panicle_init,1,14.32,1562.05,33.83,28.79,31.99,57.18,4.61,2.92,26.06,70,90,700,0,1,0,POOR
rice,panicle_init,1,15.76,1731.75,46.73,43.74,56.01,2.21,108.02,10.41,113.01,70,90,700,0,1,0,CRITICAL
rice,panicle_init,1,80.71,1363.36,18.8,14.02,55.32,94.5,152.79,24.05,160.71,70,90,700,0,1,0,POOR
rice,panicle_init,1,49.31,1064.35,24.73,22.67,37.61,28.19,349.3,275.32,523.97,70,90,700,0,1,1,CRITICAL
rice,panicle_init,1,93.89,1455.14,40.27,37.9,61.11,213.43,1128.06,392.08,111.12,70,90,700,0,1,1,CRITICAL
rice,panicle_init,1,48.2,653.18,24.26,18.37,32.27,73.33,366.38,16.29,526.1,70,90,700,1,0,1,POOR
rice,panicle_init,1,93.1,941.77,42.92,39.12,53.95,15.68,9.0,268.66,3.61,70,90,700,0,1,1,CRITICAL
rice,panicle_init,1,58.72,681.6,19.5,13.95,57.66,87.81,321.7,12.84,447.85,70,90,700,1,0,1,CRITICAL
rice,panicle_init,1,18.19,1314.01,28.64,25.01,74.36,6.71,919.37,16.4,859.52,70,90,700,0,1,1,CRITICAL
rice,panicle_init,1,50.33,585.1,27.97,24.42,42.95,26.86,271.04,1.54,177.0,70,90,700,1,0,0,MODERATE
rice,panicle_init,1,52.33,1753.47,40.17,36.12,73.66,84.74,362.9,13.24,131.08,70,90,700,0,1,0,CRITICAL
rice,panicle_init,1,87.51,351.64,29.9,26.27,75.0,374.09,1437.71,123.9,191.67,70,90,700,0,0,1,MODERATE
rice,panicle_init,1,24.5,1992.22,20.94,16.93,87.87,2.04,344.93,16.86,81.85,70,90,700,0,1,0,POOR
rice,panicle_init,1,82.03,941.2,35.01,30.6,86.17,42.5,214.48,2.28,39.39,70,90,700,0,1,0,POOR
rice,panicle_init,1,62.55,774.35,29.81,25.67,36.28,15.58,164.84,13.85,35.5,70,90,700,0,1,0,POOR
rice,panicle_init,1,95.25,315.07,31.42,28.57,24.81,32.55,213.49,20.2,67.38,70,90,700,0,0,0,MODERATE
rice,panicle_init,1,17.82,484.75,21.21,17.49,72.66,26.38,242.3,246.42,165.68,70,90,700,1,0,1,POOR
rice,panicle_init,1,33.64,1033.62,39.55,35.54,25.42,72.36,1098.61,21.13,176.67,70,90,700,0,1,1,CRITICAL
rice,panicle_init,1,77.83,479.13,27.82,22.36,77.95,40.38,113.64,6.3,196.42,70,90,700,0,0,0,GOOD
rice,panicle_init,1,18.08,1201.97,34.78,31.1,54.55,5.39,59.82,2.53,486.79,70,90,700,0,1,1,CRITICAL
rice,panicle_init,1,86.92,499.46,25.81,22.97,59.35,1.96,359.46,19.8,34.03,70,90,700,0,0,0,GOOD
rice,panicle_init,1,60.06,852.25,46.28,43.77,97.9,23.06,57.23,16.47,99.16,70,90,700,0,1,0,CRITICAL
rice,panicle_init,1,70.14,1796.83,16.91,14.34,77.33,43.73,202.71,19.09,198.4,70,90,700,0,1,0,POOR
rice,panicle_init,1,47.34,1547.33,16.34,13.85,36.25,40.2,261.85,8.93,16.77,70,90,700,0,1,0,CRITICAL
rice,panicle_init,1,16.51,1763.13,24.96,20.36,46.32,39.15,164.28,23.59,116.84,70,90,700,0,1,0,POOR
rice,panicle_init,1,61.61,1714.58,22.98,17.48,21.52,73.25,831.42,11.76,96.37,70,90,700,0,1,0,CRITICAL
rice,panicle_init,1,15.8,1169.87,35.53,31.5,85.37,86.1,278.09,166.09,26.79,70,90,700,0,1,1,CRITICAL
rice,panicle_init,1,93.22,269.38,18.13,14.8,49.89,21.43,13.67,17.24,62.19,70,90,700,0,0,0,MODERATE
rice,panicle_init,1,84.86,1961.92,31.3,29.26,31.2,32.21,1055.56,19.51,125.36,70,90,700,0,1,1,POOR
rice,panicle_init,1,59.84,1973.51,39.17,34.06,89.8,21.56,205.63,14.27,123.04,70,90,700,0,1,0,CRITICAL
rice,panicle_init,1,63.49,1207.54,20.42,17.92,98.4,39.37,267.04,2.2,62.67,70,90,700,0,1,0,POOR
rice,panicle_init,1,87.72,1862.06,25.01,19.56,82.52,93.08,109.82,14.12,128.98,70,90,700,0,1,0,MODERATE
rice,panicle_init,1,86.79,565.96,32.14,28.34,20.93,55.68,294.51,2.91,15.93,70,90,700,0,0,0,MODERATE
rice,panicle_init,1,39.59,1454.85,36.24,32.91,80.39,64.87,4.56,23.57,50.44,70,90,700,0,1,0,CRITICAL
rice,panicle_init,1,52.89,627.33,31.99,29.33,98.22,476.18,210.14,15.75,115.65,70,90,700,1,0,1,POOR
rice,panicle_init,1,35.8,765.57,17.77,15.56,40.28,186.32,15.55,21.79,103.53,70,90,700,0,1,0,CRITICAL
rice,panicle_init,1,20.31,1994.13,29.04,25.65,76.82,36.39,287.82,18.39,63.26,70,90,700,0,1,0,POOR
rice,panicle_init,1,51.05,108.54,28.11,23.82,96.25,51.67,16.31,23.76,500.59,70,90,700,1,0,1,POOR
rice,panicle_init,1,86.74,1561.02,27.96,23.94,57.15,25.34,52.72,10.57,148.16,70,90,700,0,1,0,MODERATE
rice,panicle_init,1,75.04,448.78,26.15,22.27,46.46,75.49,159.62,15.3,97.58,70,90,700,0,0,0,GOOD
rice,panicle_init,1,88.49,613.43,17.85,12.1,50.26,57.64,286.47,3.62,143.48,70,90,700,0,0,0,MODERATE
rice,panicle_init,1,58.6,949.02,25.75,21.85,68.22,478.22,355.65,181.46,83.16,70,90,700,0,1,1,CRITICAL
rice,panicle_init,1,95.55,527.0,39.62,35.54,41.48,77.66,129.16,111.41,102.29,70,90,700,0,0,1,POOR
rice,panicle_init,1,41.96,843.97,28.5,24.33,63.48,49.72,888.3,15.12,181.8,70,90,700,0,1,0,POOR
rice,panicle_init,1,43.17,1922.02,42.08,36.66,33.78,27.1,342.16,6.85,159.59,70,90,700,0,1,0,CRITICAL
rice,panicle_init,1,48.64,845.38,18.76,14.06,76.17,72.09,1369.95,0.39,167.44,70,90,700,0,1,1,CRITICAL
rice,panicle_init,1,96.39,1373.17,33.83,28.05,55.43,316.72,30.43,249.89,188.4,70,90,700,0,1,1,POOR
rice,panicle_init,1,12.11,692.36,32.72,27.07,87.72,12.75,986.46,184.94,76.79,70,90,700,1,0,1,POOR
rice,panicle_init,1,21.03,1859.47,29.99,25.05,49.37,1.89,275.99,17.47,182.98,70,90,700,0,1,0,POOR
rice,panicle_init,1,27.94,649.93,16.4,11.86,39.88,30.42,96.88,3.24,137.48,70,90,700,1,0,0,POOR
rice,panicle_init,1,14.03,628.06,24.24,21.66,43.13,30.98,152.44,7.26,608.98,70,90,700,1,0,1,POOR
rice,panicle_init,1,74.94,221.85,42.93,38.0,68.88,82.03,204.81,381.53,800.71,70,90,700,0,0,1,POOR
rice,panicle_init,1,18.86,566.99,31.34,25.95,60.41,74.8,292.71,6.62,73.57,70,90,700,1,0,0,MODERATE
rice,panicle_init,1,82.45,771.28,36.4,31.5,36.77,88.47,72.93,5.2,139.14,70,90,700,0,1,0,POOR
rice,panicle_init,1,74.48,803.66,21.97,17.44,98.08,31.06,216.6,1.46,725.6,70,90,700,0,1,1,POOR
rice,panicle_init,1,20.11,728.09,43.92,41.12,26.26,78.81,341.74,20.76,56.97,70,90,700,0,1,0,CRITICAL
rice,panicle_init,1,82.5,1593.14,34.19,29.06,35.34,5.01,98.68,21.91,60.13,70,90,700,0,1,0,MODERATE
rice,panicle_init,1,58.14,1759.37,45.11,42.05,56.97,482.19,94.16,0.2,97.67,70,90,700,0,1,1,CRITICAL
rice,panicle_init,1,36.46,1141.79,24.93,22.26,52.57,23.23,203.36,18.85,14.17,70,90,700,0,1,0,POOR
rice,panicle_init,1,57.49,1059.05,45.5,41.31,66.64,40.17,114.16,20.72,140.23,70,90,700,0,1,0,CRITICAL
rice,panicle_init,1,36.67,1464.86,22.58,20.58,77.22,17.12,151.96,24.26,63.74,70,90,700,0,1,0,POOR
rice,panicle_init,1,23.17,418.41,43.36,40.34,50.42,87.13,273.48,332.75,185.16,70,90,700,1,0,1,CRITICAL
rice,panicle_init,1,42.41,956.82,37.77,32.23,36.56,435.31,352.1,2.81,160.86,70,90,700,0,1,1,CRITICAL
rice,panicle_init,1,10.51,413.32,18.29,14.84,60.11,4.34,258.83,10.69,103.33,70,90,700,1,0,0,POOR
rice,panicle_init,1,93.61,787.04,30.3,27.95,68.72,28.82,212.92,15.59,144.06,70,90,700,0,1,0,MODERATE
rice,panicle_init,1,39.01,1240.27,45.99,41.3,25.98,46.07,395.55,23.34,83.68,70,90,700,0,1,0,CRITICAL
rice,panicle_init,1,79.7,115.89,34.57,31.83,47.68,34.8,42.94,11.76,189.25,70,90,700,0,0,0,GOOD
rice,panicle_init,1,68.07,1662.12,18.53,14.51,75.77,58.68,276.28,263.5,99.24,70,90,700,0,1,1,CRITICAL
rice,panicle_init,1,19.22,169.94,16.69,13.17,46.98,71.79,88.45,88.22,160.84,70,90,700,1,0,1,CRITICAL
rice,panicle_init,1,42.01,1592.46,31.84,29.33,79.12,39.69,199.1,9.96,34.19,70,90,700,0,1,0,POOR
rice,panicle_init,1,79.65,1636.97,31.29,28.46,78.98,236.19,1487.88,17.2,38.09,70,90,700,0,1,1,POOR
rice,panicle_init,1,45.07,1496.13,27.75,24.43,67.63,87.22,63.3,16.62,187.27,70,90,700,0,1,0,POOR
rice,panicle_init,1,11.95,993.01,31.53,28.25,30.57,37.64,212.3,7.18,44.98,70,90,700,0,1,0,POOR
rice,panicle_init,1,95.05,431.36,36.18,30.91,64.82,25.5,122.18,5.48,91.06,70,90,700,0,0,0,MODERATE
rice,panicle_init,1,24.39,826.39,34.14,28.35,25.5,50.74,9.59,13.85,59.61,70,90,700,0,1,0,CRITICAL
rice,panicle_init,1,97.05,905.38,27.98,22.59,54.15,55.2,212.8,5.38,69.22,70,90,700,0,1,0,MODERATE
rice,panicle_init,1,50.58,737.24,33.31,30.56,88.77,25.78,199.54,4.24,92.47,70,90,700,0,1,0,POOR
rice,panicle_init,1,22.44,1934.05,42.09,39.28,34.89,12.57,187.86,15.12,62.36,70,90,700,0,1,0,CRITICAL
rice,panicle_init,1,12.97,1711.18,37.57,34.51,75.04,79.25,373.11,12.3,521.36,70,90,700,0,1,1,CRITICAL
rice,panicle_init,1,27.77,1172.26,45.53,42.95,97.67,94.75,1332.62,4.51,35.13,70,90,700,0,1,1,CRITICAL
rice,panicle_init,1,51.84,1098.17,47.84,44.24,69.23,36.52,375.15,2.23,4.0,70,90,700,0,1,0,CRITICAL
rice,panicle_init,1,11.35,565.87,31.96,27.67,94.06,295.16,313.95,16.9,712.61,70,90,700,1,0,1,POOR
rice,panicle_init,1,58.02,270.56,42.33,39.33,82.18,95.71,184.15,15.91,39.68,70,90,700,1,0,0,POOR
rice,panicle_init,1,52.81,1096.42,40.45,35.8,52.75,206.9,810.46,6.12,171.8,70,90,700,0,1,0,CRITICAL
rice,panicle_init,1,73.92,275.03,28.42,23.03,49.41,59.11,389.16,21.58,112.11,70,90,700,0,0,0,GOOD
rice,panicle_init,1,86.41,1067.12,45.8,40.57,75.44,0.5,364.32,12.92,119.82,70,90,700,0,1,0,POOR
rice,panicle_init,1,43.5,1455.3,33.31,29.62,65.26,36.55,269.36,4.6,16.85,70,90,700,0,1,0,POOR
rice,panicle_init,1,75.66,245.47,38.69,33.97,86.47,4.16,1190.87,9.79,33.7,70,90,700,0,0,1,POOR
rice,panicle_init,1,91.74,239.06,35.01,31.21,95.08,12.25,994.48,15.12,622.51,70,90,700,0,0,1,POOR
rice,panicle_init,1,85.17,1792.25,42.17,39.75,38.2,0.31,1273.99,18.73,2.44,70,90,700,0,1,1,CRITICAL
rice,panicle_init,1,32.82,695.23,23.9,19.86,55.21,51.24,100.52,18.55,46.81,70,90,700,1,0,0,MODERATE
rice,panicle_init,1,53.58,1122.46,31.23,26.97,77.24,10.96,1483.26,1.51,815.09,70,90,700,0,1,1,CRITICAL
rice,panicle_init,1,67.08,740.12,34.91,31.66,92.79,87.04,117.36,11.26,462.31,70,90,700,0,1,1,CRITICAL
rice,panicle_init,1,90.78,1896.08,28.12,25.25,49.89,33.29,190.65,16.1,764.52,70,90,700,0,1,1,POOR
rice,panicle_init,1,39.94,1031.26,15.46,13.44,39.21,10.08,11.41,94.77,178.56,70,90,700,0,1,1,CRITICAL
rice,panicle_init,1,10.48,1970.5,43.97,38.39,72.74,34.48,869.81,3.52,152.82,70,90,700,0,1,0,CRITICAL
rice,panicle_init,1,10.08,1526.44,47.51,42.27,56.82,90.38,190.85,13.17,7.55,70,90,700,0,1,0,CRITICAL
rice,panicle_init,1,23.33,1324.97,37.48,32.47,60.29,477.72,1012.6,6.85,11.37,70,90,700,0,1,1,CRITICAL
rice,panicle_init,1,60.13,1328.8,31.4,29.27,68.98,71.62,90.8,9.3,76.56,70,90,700,0,1,0,POOR
rice,panicle_init,1,31.71,377.88,47.08,42.61,98.51,33.78,104.48,4.19,140.88,70,90,700,1,0,0,POOR
rice,panicle_init,1,25.45,249.94,35.22,32.84,80.34,237.28,287.41,12.33,136.37,70,90,700,1,0,0,POOR
rice,panicle_init,1,66.16,947.63,16.3,14.24,29.54,64.91,1128.51,9.94,659.64,70,90,700,0,1,1,CRITICAL
rice,panicle_init,1,45.22,1782.95,22.93,19.81,24.25,79.56,92.72,13.84,78.33,70,90,700,0,1,0,CRITICAL
rice,panicle_init,1,47.66,721.9,31.44,27.61,61.51,13.99,73.73,10.69,135.86,70,90,700,0,1,0,POOR
rice,panicle_init,1,43.84,1298.1,31.33,25.93,89.98,17.06,813.0,5.67,152.53,70,90,700,0,1,0,POOR
rice,flowering,1,56.91,385.59,25.08,21.79,32.77,20.52,1240.55,8.28,181.27,75,95,700,1,0,1,POOR
rice,flowering,1,38.36,1106.67,18.01,13.3,78.01,96.5,218.24,4.84,66.12,75,95,700,0,1,0,CRITICAL
rice,flowering,1,81.96,1182.21,40.51,37.18,86.51,27.46,190.21,24.17,196.83,75,95,700,0,1,0,POOR
rice,flowering,1,32.76,128.95,28.3,22.55,20.94,325.49,33.6,16.73,8.39,75,95,700,1,0,1,CRITICAL
rice,flowering,1,37.91,930.11,27.68,23.95,98.34,8.86,249.5,10.76,185.11,75,95,700,0,1,0,POOR
rice,flowering,1,19.73,884.35,18.26,13.78,31.5,52.24,1138.83,21.85,169.13,75,95,700,0,1,1,CRITICAL
rice,flowering,1,21.52,1995.93,23.53,18.64,92.64,23.57,996.88,1.34,95.58,75,95,700,0,1,0,POOR
rice,flowering,1,27.17,1128.04,23.36,17.53,22.29,19.97,1143.94,17.8,138.8,75,95,700,0,1,1,CRITICAL
rice,flowering,1,32.51,863.25,26.57,21.13,30.12,56.56,362.03,23.19,115.67,75,95,700,0,1,0,POOR
rice,flowering,1,83.9,899.23,17.39,12.24,50.16,371.82,1470.36,0.05,73.25,75,95,700,0,1,1,CRITICAL
rice,flowering,1,42.85,1813.72,31.61,27.75,99.8,49.35,325.61,131.52,178.69,75,95,700,0,1,1,CRITICAL
rice,flowering,1,97.8,1743.23,44.48,38.93,63.33,64.64,298.2,12.57,55.74,75,95,700,0,1,0,POOR
rice,flowering,1,97.57,348.57,23.89,19.52,68.81,15.4,1002.07,20.64,83.65,75,95,700,0,0,1,MODERATE
rice,flowering,1,50.34,1222.0,25.8,20.68,87.24,32.36,335.09,209.9,72.64,75,95,700,0,1,1,CRITICAL
rice,flowering,1,51.04,721.63,37.89,32.86,88.24,97.29,157.7,302.4,166.99,75,95,700,0,1,1,CRITICAL
rice,flowering,1,51.32,540.99,27.22,25.14,61.92,333.84,364.58,10.6,686.05,75,95,700,1,0,1,POOR
rice,flowering,1,82.53,307.81,38.56,34.82,43.57,5.0,100.61,6.12,1.99,75,95,700,0,0,0,MODERATE
rice,flowering,1,38.97,530.63,15.3,12.36,31.02,61.22,236.05,0.93,63.6,75,95,700,1,0,0,POOR
rice,flowering,1,50.77,1050.12,38.53,35.44,29.73,55.61,258.78,13.61,739.45,75,95,700,0,1,1,CRITICAL
rice,flowering,1,48.9,854.89,40.22,35.89,25.68,89.21,303.52,14.92,18.06,75,95,700,0,1,0,CRITICAL
rice,flowering,1,19.41,1244.35,39.35,34.28,92.43,483.58,118.6,10.05,150.0,75,95,700,0,1,1,CRITICAL
rice,flowering,1,87.25,654.04,47.05,44.58,96.66,9.1,282.05,23.21,169.08,75,95,700,0,0,0,MODERATE
rice,flowering,1,91.54,1806.88,47.22,41.62,30.19,293.44,188.91,67.01,160.54,75,95,700,0,1,1,CRITICAL
rice,flowering,1,66.33,847.83,23.38,17.94,76.02,54.77,189.57,16.53,724.37,75,95,700,0,1,1,CRITICAL
rice,flowering,1,77.35,1744.08,32.71,27.7,31.21,34.83,371.63,4.32,851.39,75,95,700,0,1,1,POOR
rice,flowering,1,68.82,1684.41,32.33,29.5,61.98,55.51,1054.82,11.1,685.93,75,95,700,0,1,1,CRITICAL
rice,flowering,1,52.77,1892.98,22.08,19.78,91.32,84.77,374.68,177.65,86.42,75,95,700,0,1,1,CRITICAL
rice,flowering,1,60.83,967.48,16.58,11.05,55.55,58.89,98.12,22.72,36.3,75,95,700,0,1,0,CRITICAL
rice,flowering,1,88.75,1247.62,21.21,18.07,58.07,95.43,175.78,1.78,434.17,75,95,700,0,1,1,POOR
rice,flowering,1,27.37,1771.35,41.71,35.84,58.23,72.74,916.02,2.41,107.62,75,95,700,0,1,0,CRITICAL
rice,flowering,1,59.95,610.06,46.03,40.98,97.8,3.76,4.46,223.24,138.75,75,95,700,1,0,1,CRITICAL
rice,flowering,1,51.02,395.23,35.92,32.47,88.19,75.66,83.97,5.62,155.43,75,95,700,1,0,0,POOR
rice,flowering,1,50.64,1180.24,43.95,38.48,56.09,1.54,223.11,16.16,67.82,75,95,700,0,1,0,CRITICAL
rice,flowering,1,46.71,1424.82,22.49,17.31,70.46,58.76,238.94,10.84,1.16,75,95,700,0,1,0,POOR
rice,flowering,1,81.47,444.81,46.65,42.64,93.36,70.68,88.0,8.61,163.87,75,95,700,0,0,0,MODERATE
rice,flowering,1,40.68,846.55,26.51,21.45,27.76,35.12,376.94,7.28,119.19,75,95,700,0,1,0,CRITICAL
rice,flowering,1,20.62,1674.76,38.29,33.98,91.18,70.03,838.65,3.21,862.37,75,95,700,0,1,1,CRITICAL
rice,flowering,1,57.18,496.44,19.01,15.56,40.43,50.67,355.97,209.69,464.41,75,95,700,1,0,1,CRITICAL
rice,flowering,1,62.87,1783.73,45.95,43.73,60.08,37.5,112.24,3.36,189.91,75,95,700,0,1,0,CRITICAL
rice,flowering,1,55.59,217.33,46.99,44.84,80.28,52.51,248.87,22.76,450.12,75,95,700,1,0,1,CRITICAL
rice,flowering,1,43.71,207.52,27.78,23.38,61.09,69.45,855.93,2.3,122.44,75,95,700,1,0,0,MODERATE
rice,flowering,1,29.43,299.31,25.31,21.25,67.1,78.99,164.71,21.05,501.23,75,95,700,1,0,1,POOR
rice,flowering,1,87.31,199.62,18.51,14.53,68.74,27.49,129.93,5.37,836.47,75,95,700,0,0,1,POOR
rice,flowering,1,43.44,457.33,40.58,36.85,35.36,90.44,8.11,7.78,429.07,75,95,700,1,0,1,CRITICAL
rice,flowering,1,30.03,1999.36,20.66,15.57,37.87,456.23,161.43,21.32,576.95,75,95,700,0,1,1,CRITICAL
rice,flowering,1,24.93,341.54,34.04,29.41,35.57,39.07,267.34,23.44,113.87,75,95,700,1,0,0,MODERATE
rice,flowering,1,89.08,745.93,24.9,22.04,23.02,4.3,264.21,12.01,185.34,75,95,700,0,1,0,POOR
rice,flowering,1,60.77,1089.41,19.55,15.19,45.18,5.23,350.77,283.27,837.49,75,95,700,0,1,1,CRITICAL
rice,flowering,1,70.34,1865.97,28.13,22.32,76.22,4.2,184.13,11.73,54.58,75,95,700,0,1,0,POOR
rice,flowering,1,75.55,1607.61,46.19,41.76,40.37,92.41,278.26,9.21,77.28,75,95,700,0,1,0,POOR
rice,flowering,1,12.08,310.09,36.6,31.39,99.06,359.78,66.82,2.22,6.68,75,95,700,1,0,1,CRITICAL
rice,flowering,1,40.13,1043.11,32.57,29.5,92.93,36.83,212.44,334.9,65.91,75,95,700,0,1,1,CRITICAL
rice,flowering,1,74.66,814.46,44.86,40.62,56.03,64.67,16.01,7.86,146.27,75,95,700,0,1,0,CRITICAL
rice,flowering,1,88.75,1544.91,26.95,22.02,28.33,78.93,262.31,0.76,175.32,75,95,700,0,1,0,POOR
rice,flowering,1,77.84,906.64,39.62,36.8,49.69,63.42,334.21,21.28,64.8,75,95,700,0,1,0,POOR
rice,flowering,1,24.6,654.36,44.7,39.95,98.88,76.7,308.59,164.83,170.85,75,95,700,1,0,1,CRITICAL
rice,flowering,1,43.1,860.54,42.46,39.22,95.44,17.96,100.88,19.05,12.34,75,95,700,0,1,0,CRITICAL
rice,flowering,1,17.74,1694.5,38.69,32.92,75.48,94.04,390.79,18.1,735.65,75,95,700,0,1,1,CRITICAL
rice,flowering,1,18.16,1351.13,24.35,19.79,68.61,15.35,51.29,215.7,45.43,75,95,700,0,1,1,CRITICAL
rice,flowering,1,77.98,1808.22,45.21,40.1,38.27,2.48,284.16,20.91,133.59,75,95,700,0,1,0,POOR
rice,flowering,1,15.91,832.81,40.24,34.58,53.08,395.92,106.82,15.24,37.35,75,95,700,0,1,1,CRITICAL
rice,flowering,1,88.86,951.86,24.22,21.3,89.94,17.1,309.32,9.03,848.52,75,95,700,0,1,1,POOR
rice,flowering,1,39.57,1907.28,15.82,12.31,91.66,27.46,244.93,22.37,186.54,75,95,700,0,1,0,CRITICAL
rice,flowering,1,18.1,1148.6,18.75,16.2,44.0,361.48,304.54,42.97,39.95,75,95,700,0,1,1,CRITICAL
rice,flowering,1,49.63,1428.89,34.39,31.12,64.31,73.07,183.23,5.35,109.7,75,95,700,0,1,0,POOR
rice,flowering,1,14.6,1910.8,19.7,14.86,25.43,10.82,380.63,15.05,189.42,75,95,700,0,1,0,CRITICAL
rice,flowering,1,30.87,141.06,46.19,42.94,55.41,11.46,898.2,18.24,489.12,75,95,700,1,0,1,CRITICAL
rice,flowering,1,46.32,827.16,20.61,17.07,89.73,483.06,924.12,9.82,119.53,75,95,700,0,1,1,CRITICAL
rice,flowering,1,19.95,1848.08,39.79,35.43,81.53,42.89,97.64,165.81,186.59,75,95,700,0,1,1,CRITICAL
rice,flowering,1,48.98,1839.17,29.85,24.88,57.36,22.78,302.2,7.06,163.51,75,95,700,0,1,0,POOR
rice,flowering,1,10.99,381.1,36.53,32.09,83.03,25.39,129.13,11.31,167.91,75,95,700,1,0,0,POOR
rice,flowering,1,62.3,1036.67,28.16,25.68,53.34,7.28,122.15,18.95,52.02,75,95,700,0,1,0,POOR
rice,flowering,1,84.82,761.84,18.31,13.61,20.62,47.53,391.77,218.5,177.99,75,95,700,0,1,1,CRITICAL
rice,flowering,1,59.05,486.6,29.65,25.71,86.53,89.6,344.71,183.82,20.14,75,95,700,1,0,1,POOR
rice,flowering,1,91.46,1745.21,22.84,20.52,70.17,33.64,53.36,21.44,199.71,75,95,700,0,1,0,MODERATE
rice,flowering,1,26.44,1239.24,38.96,35.7,86.31,60.34,230.7,8.59,96.51,75,95,700,0,1,0,CRITICAL
rice,flowering,1,47.41,1584.57,33.02,28.83,24.27,244.76,123.34,8.52,176.67,75,95,700,0,1,0,CRITICAL
rice,flowering,1,40.17,131.99,34.74,29.32,50.53,74.0,1296.53,17.15,13.9,75,95,700,1,0,1,POOR
rice,flowering,1,19.95,1684.76,33.33,28.57,97.71,8.37,1396.01,12.66,166.55,75,95,700,0,1,1,CRITICAL
rice,flowering,1,53.31,928.72,28.99,24.95,95.6,54.82,289.65,243.33,164.33,75,95,700,0,1,1,CRITICAL
rice,flowering,1,47.27,544.71,43.7,39.97,84.67,26.34,40.09,11.09,156.3,75,95,700,1,0,0,POOR
rice,flowering,1,92.57,1375.68,41.76,39.33,40.06,89.45,265.51,19.61,179.95,75,95,700,0,1,0,POOR
rice,flowering,1,88.55,1604.13,31.99,29.47,37.21,284.76,379.98,19.72,592.86,75,95,700,0,1,1,POOR
rice,flowering,1,31.51,452.7,47.0,44.9,82.86,163.12,55.86,1.63,14.27,75,95,700,1,0,0,POOR
rice,flowering,1,40.86,865.82,45.66,40.01,77.25,88.47,245.48,10.02,87.0,75,95,700,0,1,0,CRITICAL
rice,flowering,1,19.02,737.24,28.3,26.23,85.18,35.92,70.0,23.76,829.18,75,95,700,0,1,1,CRITICAL
rice,flowering,1,66.67,1600.52,40.8,37.38,65.94,83.31,134.68,22.64,61.91,75,95,700,0,1,0,CRITICAL
rice,flowering,1,29.64,370.27,22.81,18.8,41.69,94.76,291.71,6.99,185.6,75,95,700,1,0,0,MODERATE
rice,flowering,1,51.78,1857.99,44.75,42.39,30.55,49.55,1245.23,24.92,171.25,75,95,700,0,1,1,CRITICAL
rice,flowering,1,46.8,451.99,28.29,25.99,75.63,25.27,345.86,14.24,149.03,75,95,700,1,0,0,MODERATE
rice,flowering,1,73.91,457.23,25.12,21.22,55.95,70.86,285.62,150.69,162.81,75,95,700,1,0,1,POOR
rice,flowering,1,13.85,525.92,18.77,14.64,88.64,73.68,203.16,22.74,22.36,75,95,700,1,0,0,POOR
rice,flowering,1,48.85,1286.4,23.48,21.27,20.82,2.22,954.86,7.65,171.59,75,95,700,0,1,0,CRITICAL
rice,flowering,1,60.55,1443.97,39.03,34.36,89.66,87.01,256.63,24.8,174.41,75,95,700,0,1,0,CRITICAL
rice,flowering,1,21.93,820.4,20.85,17.39,49.88,99.32,290.39,387.57,38.79,75,95,700,0,1,1,CRITICAL
rice,flowering,1,56.4,1160.92,22.31,17.29,44.76,92.21,315.96,8.49,8.43,75,95,700,0,1,0,POOR
rice,flowering,1,79.45,1843.08,32.6,30.2,67.1,77.84,1215.56,16.77,180.6,75,95,700,0,1,1,POOR
rice,flowering,1,97.62,611.48,44.35,38.82,80.61,56.35,142.72,22.77,187.69,75,95,700,0,0,0,MODERATE
rice,flowering,1,17.32,90.65,35.75,31.23,98.95,39.8,330.24,268.57,98.12,75,95,700,1,0,1,CRITICAL
rice,flowering,1,10.01,1450.56,18.67,15.69,43.83,56.04,22.26,8.42,179.14,75,95,700,0,1,0,CRITICAL
rice,flowering,1,15.85,1951.0,37.48,33.81,76.14,75.63,807.72,113.14,894.59,75,95,700,0,1,1,CRITICAL
rice,flowering,1,99.8,527.14,42.79,37.5,38.48,9.84,348.36,11.65,113.11,75,95,700,0,0,0,MODERATE
rice,flowering,1,44.92,411.93,41.14,37.48,27.47,48.43,1401.67,20.66,760.93,75,95,700,1,0,1,CRITICAL
rice,flowering,1,21.84,146.12,37.91,32.58,87.71,67.85,365.53,7.74,90.6,75,95,700,1,0,0,POOR
rice,flowering,1,33.2,1516.01,18.13,14.85,50.97,205.35,179.02,6.88,106.43,75,95,700,0,1,0,CRITICAL
rice,flowering,1,63.03,587.59,20.78,15.68,95.74,204.46,15.11,150.64,63.39,75,95,700,1,0,1,POOR
rice,flowering,1,31.81,1558.67,32.45,26.73,54.3,307.13,1030.4,21.19,14.54,75,95,700,0,1,1,CRITICAL
rice,flowering,1,16.37,830.43,34.04,28.62,97.94,43.95,226.07,12.56,108.78,75,95,700,0,1,0,POOR
rice,flowering,1,31.44,1709.63,33.39,30.56,69.88,35.77,290.58,24.58,55.55,75,95,700,0,1,0,POOR
rice,flowering,1,78.13,1511.58,31.83,26.58,54.97,347.55,317.2,23.26,195.45,75,95,700,0,1,1,POOR
rice,flowering,1,51.74,859.4,19.92,14.09,52.34,87.53,9.58,15.64,14.87,75,95,700,0,1,0,CRITICAL
rice,flowering,1,60.96,1243.69,33.13,30.03,39.56,13.71,924.05,18.57,52.4,75,95,700,0,1,0,POOR
rice,flowering,1,37.16,1702.75,40.04,36.86,54.12,18.6,1374.04,1.92,157.79,75,95,700,0,1,1,CRITICAL
rice,flowering,1,50.85,1210.19,47.14,43.83,93.85,26.94,185.4,6.85,69.53,75,95,700,0,1,0,CRITICAL
rice,flowering,1,19.23,1711.86,34.85,29.0,73.61,17.52,11.31,6.29,27.61,75,95,700,0,1,0,POOR
rice,flowering,1,36.5,76.64,17.56,14.0,32.32,37.68,92.47,21.52,582.53,75,95,700,1,0,1,CRITICAL
rice,flowering,1,13.53,1976.57,36.92,32.2,23.04,60.55,111.17,10.34,140.57,75,95,700,0,1,0,CRITICAL
rice,flowering,1,49.04,1206.88,22.7,16.94,67.1,307.39,64.65,7.89,152.54,75,95,700,0,1,1,CRITICAL
rice,flowering,1,90.84,1183.61,26.61,23.68,69.35,497.06,254.01,17.06,15.05,75,95,700,0,1,1,POOR
rice,flowering,1,53.67,1580.31,31.02,27.68,26.59,55.03,390.88,11.83,566.86,75,95,700,0,1,1,CRITICAL
rice,flowering,1,19.25,153.3,43.23,37.53,27.25,11.34,83.77,19.46,159.5,75,95,700,1,0,0,CRITICAL
rice,flowering,1,60.5,1090.34,42.17,36.25,52.88,76.34,148.57,82.93,15.53,75,95,700,0,1,1,CRITICAL
rice,flowering,1,39.67,811.96,39.45,35.04,73.73,320.73,85.57,19.13,16.28,75,95,700,0,1,1,CRITICAL
rice,flowering,1,46.93,1977.36,30.5,27.48,91.3,49.11,153.17,265.24,652.56,75,95,700,0,1,1,CRITICAL
rice,flowering,1,25.52,1453.34,35.28,30.56,48.1,31.39,167.86,195.41,28.06,75,95,700,0,1,1,CRITICAL
rice,flowering,1,81.11,1578.22,18.72,13.07,35.57,494.97,382.63,4.71,30.03,75,95,700,0,1,1,CRITICAL
rice,flowering,1,40.71,1340.74,30.41,25.16,32.47,78.99,262.46,8.18,162.23,75,95,700,0,1,0,POOR
rice,flowering,1,51.74,1560.91,26.13,21.6,24.02,203.43,142.18,1.25,56.96,75,95,700,0,1,0,CRITICAL
rice,flowering,1,15.75,1443.64,32.4,26.8,45.04,57.42,182.44,11.28,136.55,75,95,700,0,1,0,POOR
rice,flowering,1,88.41,1663.59,26.88,22.48,32.5,53.55,211.22,24.97,885.54,75,95,700,0,1,1,POOR
rice,flowering,1,68.94,1766.21,22.06,16.17,31.42,10.11,1056.67,10.86,135.81,75,95,700,0,1,1,CRITICAL
rice,flowering,1,63.42,571.32,36.32,30.37,23.92,88.65,381.96,4.54,122.88,75,95,700,1,0,0,CRITICAL
rice,flowering,1,20.9,61.87,31.76,25.77,75.6,30.84,6.17,3.74,84.97,75,95,700,1,0,0,MODERATE
rice,flowering,1,78.6,1980.71,40.67,37.48,39.58,21.77,242.16,7.31,69.89,75,95,700,0,1,0,POOR
rice,flowering,1,34.49,222.21,42.39,36.98,37.58,6.48,157.37,19.82,67.18,75,95,700,1,0,0,POOR
rice,flowering,1,99.3,1328.41,32.89,27.83,87.21,80.67,1063.03,16.64,560.68,75,95,700,0,1,1,POOR
rice,flowering,1,24.19,1056.86,41.16,37.43,57.45,98.64,21.82,10.1,2.53,75,95,700,0,1,0,CRITICAL
rice,flowering,1,27.01,424.18,36.56,34.34,45.07,14.94,288.45,193.41,43.55,75,95,700,1,0,1,CRITICAL
rice,flowering,1,64.5,1375.75,36.22,30.77,58.91,13.45,245.25,15.93,155.72,75,95,700,0,1,0,CRITICAL
rice,flowering,1,91.2,802.18,40.71,35.81,24.76,195.57,324.56,14.86,108.33,75,95,700,0,1,0,CRITICAL
rice,flowering,1,82.17,1834.4,39.97,34.68,37.32,26.36,1301.79,15.97,15.06,75,95,700,0,1,1,CRITICAL
rice,flowering,1,49.46,1126.82,33.4,30.29,58.07,285.95,1222.55,21.66,7.0,75,95,700,0,1,1,CRITICAL
rice,flowering,1,91.84,1316.02,17.7,15.15,32.45,407.39,376.25,169.15,115.02,75,95,700,0,1,1,CRITICAL
rice,flowering,1,12.6,175.18,32.75,27.88,37.23,72.19,298.57,19.1,82.21,75,95,700,1,0,0,MODERATE
rice,flowering,1,72.41,1838.24,28.02,25.3,42.81,45.51,294.39,19.84,133.78,75,95,700,0,1,0,POOR
rice,flowering,1,41.19,1680.05,40.03,36.74,28.24,7.18,20.66,7.36,49.17,75,95,700,0,1,0,CRITICAL
rice,flowering,1,45.77,460.32,32.2,26.52,71.17,17.29,236.61,20.35,817.97,75,95,700,1,0,1,POOR
rice,flowering,1,22.33,1002.07,23.54,18.53,77.73,14.09,318.9,3.96,110.09,75,95,700,0,1,0,POOR
rice,flowering,1,16.51,1500.35,38.49,36.26,64.82,466.31,279.29,20.71,43.56,75,95,700,0,1,1,CRITICAL
rice,flowering,1,25.54,554.35,30.45,27.51,67.09,92.32,233.09,22.37,150.0,75,95,700,1,0,0,MODERATE
rice,flowering,1,12.55,317.28,20.72,18.5,72.53,280.66,85.34,15.51,152.33,75,95,700,1,0,1,POOR
rice,flowering,1,94.17,633.18,26.85,21.98,68.9,17.85,924.79,19.06,179.46,75,95,700,0,0,0,GOOD
rice,flowering,1,58.84,1608.07,16.2,10.26,56.39,35.92,316.63,23.81,134.81,75,95,700,0,1,0,CRITICAL
rice,flowering,1,15.22,1407.71,16.74,11.47,86.0,23.71,238.67,7.44,796.13,75,95,700,0,1,1,CRITICAL
rice,flowering,1,48.43,1049.73,19.85,15.64,31.57,61.12,305.83,2.77,74.66,75,95,700,0,1,0,CRITICAL
rice,flowering,1,69.1,1841.76,28.22,25.45,41.66,85.4,59.85,23.58,103.33,75,95,700,0,1,0,POOR
rice,flowering,1,88.92,1078.65,26.03,23.2,84.03,62.45,133.7,10.02,68.02,75,95,700,0,1,0,MODERATE
rice,flowering,1,69.87,1439.8,44.11,40.62,26.03,95.83,266.52,18.88,97.71,75,95,700,0,1,0,CRITICAL
rice,flowering,1,40.56,656.15,46.47,41.34,72.79,208.58,150.02,21.85,177.26,75,95,700,1,0,0,POOR
rice,flowering,1,86.3,1734.54,34.68,30.38,85.05,78.63,387.06,21.24,122.61,75,95,700,0,1,0,MODERATE
rice,flowering,1,88.38,466.25,29.07,23.31,54.29,35.84,252.8,20.44,131.59,75,95,700,0,0,0,GOOD
rice,flowering,1,15.1,381.27,24.41,21.28,73.87,1.83,124.01,22.11,169.88,75,95,700,1,0,0,MODERATE
rice,flowering,1,47.87,1428.05,47.12,41.55,47.39,99.82,329.54,5.93,124.87,75,95,700,0,1,0,CRITICAL
rice,flowering,1,93.36,1639.27,25.67,19.74,76.69,6.24,291.14,2.33,181.63,75,95,700,0,1,0,MODERATE
rice,flowering,1,51.77,98.08,44.99,40.91,26.0,284.23,277.16,1.08,189.53,75,95,700,1,0,1,CRITICAL
rice,flowering,1,72.02,1962.05,46.87,44.22,34.5,56.55,72.42,21.18,691.06,75,95,700,0,1,1,CRITICAL
rice,flowering,1,95.8,1366.94,33.11,31.1,23.2,20.09,121.97,2.47,107.47,75,95,700,0,1,0,POOR
rice,flowering,1,84.49,884.0,36.16,30.34,87.17,42.6,224.21,186.64,115.84,75,95,700,0,1,1,CRITICAL
rice,flowering,1,34.71,113.34,42.09,38.99,83.72,218.01,144.66,14.01,80.75,75,95,700,1,0,0,POOR
rice,flowering,1,58.98,1903.57,35.64,30.37,72.28,83.94,67.86,5.68,193.77,75,95,700,0,1,0,CRITICAL
rice,flowering,1,27.33,744.37,20.6,18.18,92.54,99.77,131.89,7.54,142.52,75,95,700,0,1,0,POOR
rice,flowering,1,91.81,1940.59,20.73,17.84,62.05,9.13,208.83,23.97,8.68,75,95,700,0,1,0,MODERATE
rice,flowering,1,19.44,93.58,20.66,16.4,76.27,20.25,245.38,24.88,433.25,75,95,700,1,0,1,POOR
rice,flowering,1,35.36,794.97,18.02,15.57,78.14,94.43,304.79,0.05,12.46,75,95,700,0,1,0,CRITICAL
rice,flowering,1,92.34,323.52,32.74,28.37,63.48,9.91,158.27,17.32,77.47,75,95,700,0,0,0,GOOD
rice,flowering,1,76.08,1527.09,28.83,25.64,57.64,9.32,74.86,376.66,191.78,75,95,700,0,1,1,POOR
rice,flowering,1,16.54,1159.2,33.44,28.04,99.68,50.82,1.92,221.65,125.62,75,95,700,0,1,1,CRITICAL
rice,flowering,1,86.98,1366.53,20.62,17.86,94.12,3.22,266.03,10.67,179.44,75,95,700,0,1,0,MODERATE
rice,flowering,1,47.07,1446.38,18.61,15.53,23.73,43.23,270.13,391.04,46.99,75,95,700,0,1,1,CRITICAL
rice,flowering,1,73.18,1465.23,37.25,33.91,33.58,58.08,176.54,5.29,69.37,75,95,700,0,1,0,CRITICAL
rice,flowering,1,77.21,684.66,37.05,32.18,66.49,95.87,383.51,8.17,142.44,75,95,700,0,0,0,MODERATE
rice,flowering,1,72.18,871.61,43.18,38.1,25.17,62.11,382.76,7.29,22.85,75,95,700,0,1,0,CRITICAL
rice,flowering,1,39.15,478.87,47.05,42.14,47.97,9.28,214.57,234.77,186.38,75,95,700,1,0,1,CRITICAL
rice,flowering,1,51.36,413.79,36.0,32.0,28.26,317.87,226.56,14.29,10.12,75,95,700,1,0,1,CRITICAL
rice,flowering,1,39.36,1923.79,21.03,17.78,60.79,86.3,342.55,8.91,61.68,75,95,700,0,1,0,POOR
rice,flowering,1,49.27,1102.9,21.52,17.8,60.14,241.29,257.7,399.06,59.47,75,95,700,0,1,1,CRITICAL
rice,flowering,1,42.06,776.06,25.5,21.02,33.14,84.6,341.09,15.48,179.87,75,95,700,0,1,0,POOR
rice,flowering,1,78.77,213.43,20.3,15.37,54.51,44.6,74.07,1.6,177.8,75,95,700,0,0,0,GOOD
rice,flowering,1,59.38,988.08,16.51,14.48,99.05,65.88,106.62,22.07,24.31,75,95,700,0,1,0,CRITICAL
rice,flowering,1,22.67,1838.74,30.16,27.85,96.78,414.14,88.05,21.74,154.88,75,95,700,0,1,1,CRITICAL
rice,flowering,1,19.71,1873.4,24.6,20.52,51.31,95.99,342.17,18.69,45.43,75,95,700,0,1,0,POOR
rice,flowering,1,61.86,1671.3,21.22,16.08,67.69,89.33,333.14,140.94,36.51,75,95,700,0,1,1,CRITICAL
rice,flowering,1,69.2,1183.19,32.49,27.11,38.8,44.25,100.22,0.67,85.79,75,95,700,0,1,0,POOR
rice,flowering,1,10.73,1252.59,18.09,12.97,99.32,53.12,175.04,6.64,75.18,75,95,700,0,1,0,CRITICAL
rice,flowering,1,43.37,1432.46,22.46,17.83,33.14,192.36,220.7,218.18,149.51,75,95,700,0,1,1,CRITICAL
rice,flowering,1,59.47,960.63,45.62,42.59,41.59,41.13,1190.79,20.78,16.64,75,95,700,0,1,1,CRITICAL
rice,flowering,1,45.43,640.37,30.2,27.19,49.99,79.99,187.61,22.23,676.47,75,95,700,1,0,1,POOR
rice,flowering,1,19.14,726.7,32.76,27.52,37.32,80.29,303.59,1.6,111.22,75,95,700,0,1,0,POOR
rice,flowering,1,30.41,938.97,46.46,41.06,31.62,2.98,215.14,12.05,30.75,75,95,700,0,1,0,CRITICAL
rice,flowering,1,79.0,625.99,15.71,9.93,33.58,0.96,1444.27,11.42,426.09,75,95,700,0,0,1,POOR
rice,grain_filling,1,26.8,436.88,30.59,26.62,21.47,14.8,91.37,22.21,97.85,65,85,700,1,0,0,POOR
rice,grain_filling,1,48.22,84.68,16.11,12.18,43.86,84.51,163.17,22.32,24.08,65,85,700,1,0,0,POOR
rice,grain_filling,1,69.53,1703.45,39.81,36.01,69.03,68.83,258.04,15.32,103.95,65,85,700,0,1,0,POOR
rice,grain_filling,1,31.75,52.77,33.48,29.12,97.76,36.15,28.21,15.22,175.27,65,85,700,1,0,0,MODERATE
rice,grain_filling,1,90.64,1730.05,20.41,18.31,27.2,28.65,149.3,7.88,168.73,65,85,700,0,1,0,POOR
rice,grain_filling,1,26.14,1167.78,47.47,44.3,83.55,49.05,67.43,23.67,25.83,65,85,700,0,1,0,CRITICAL
rice,grain_filling,1,76.75,1023.84,30.67,28.23,64.79,24.69,165.2,3.05,111.38,65,85,700,0,1,0,MODERATE
rice,grain_filling,1,17.62,955.85,39.69,36.8,37.59,483.95,323.06,154.53,157.81,65,85,700,0,1,1,CRITICAL
rice,grain_filling,1,91.86,1664.35,20.4,14.92,41.78,8.09,1023.2,16.96,15.76,65,85,700,0,1,1,POOR
rice,grain_filling,1,31.11,425.87,33.97,30.65,85.63,18.39,839.09,19.76,118.49,65,85,700,1,0,0,MODERATE
rice,grain_filling,1,61.14,1637.71,40.35,35.14,90.35,93.77,1288.0,0.34,52.46,65,85,700,0,1,1,CRITICAL
rice,grain_filling,1,17.63,1496.14,37.88,34.88,40.23,416.76,340.86,331.06,2.33,65,85,700,0,1,1,CRITICAL
rice,grain_filling,1,81.84,298.05,28.07,24.98,43.33,12.33,125.0,6.36,130.54,65,85,700,0,0,0,GOOD
rice,grain_filling,1,32.25,1948.81,28.11,23.71,39.32,49.05,187.49,17.19,124.91,65,85,700,0,1,0,POOR
rice,grain_filling,1,51.72,1488.1,19.23,15.18,42.32,16.12,279.59,3.66,197.0,65,85,700,0,1,0,CRITICAL
rice,grain_filling,1,88.25,190.93,43.9,39.81,52.66,30.97,353.92,19.97,92.01,65,85,700,0,0,0,MODERATE
rice,grain_filling,1,67.89,1770.31,28.27,26.0,61.28,385.28,194.24,131.26,133.99,65,85,700,0,1,1,POOR
rice,grain_filling,1,71.46,1540.58,42.72,39.55,94.48,55.29,49.1,6.37,167.63,65,85,700,0,1,0,POOR
rice,grain_filling,1,92.97,120.69,43.25,40.33,87.9,353.08,189.42,18.41,34.63,65,85,700,0,0,1,POOR
rice,grain_filling,1,22.89,1138.0,21.1,18.95,22.88,83.16,849.14,15.41,614.67,65,85,700,0,1,1,CRITICAL
rice,grain_filling,1,23.57,593.73,18.09,15.24,39.1,91.76,1429.09,18.83,192.64,65,85,700,1,0,1,CRITICAL
rice,grain_filling,1,46.17,1310.86,26.57,23.48,66.19,93.35,1474.77,19.06,782.68,65,85,700,0,1,1,CRITICAL
rice,grain_filling,1,81.07,430.77,34.79,31.46,20.74,189.63,999.29,9.48,23.86,65,85,700,0,0,0,MODERATE
rice,grain_filling,1,63.39,419.23,26.92,21.47,53.95,91.57,300.16,16.3,183.25,65,85,700,1,0,0,MODERATE
rice,grain_filling,1,55.06,1964.14,42.43,36.78,40.35,77.25,813.51,3.73,70.14,65,85,700,0,1,0,CRITICAL
rice,grain_filling,1,41.33,1331.92,15.52,13.26,27.97,435.18,97.92,7.22,26.97,65,85,700,0,1,1,CRITICAL
rice,grain_filling,1,66.42,193.56,21.26,17.91,26.23,19.17,261.37,14.72,98.39,65,85,700,0,0,0,MODERATE
rice,grain_filling,1,98.62,1552.45,46.88,42.82,57.9,458.1,129.82,13.64,186.27,65,85,700,0,1,1,CRITICAL
rice,grain_filling,1,63.37,285.44,25.76,21.51,34.97,80.06,74.76,7.04,191.32,65,85,700,1,0,0,MODERATE
rice,grain_filling,1,97.2,1404.48,38.73,34.48,97.97,68.89,294.05,19.57,49.87,65,85,700,0,1,0,POOR
rice,grain_filling,1,84.65,1225.32,21.17,17.0,42.6,32.35,394.38,9.28,134.75,65,85,700,0,1,0,MODERATE
rice,grain_filling,1,20.26,1330.94,24.24,22.12,53.19,43.35,123.54,17.17,141.04,65,85,700,0,1,0,POOR
rice,grain_filling,1,56.02,1290.88,36.78,33.62,31.26,373.79,163.8,20.81,172.15,65,85,700,0,1,1,CRITICAL
rice,grain_filling,1,18.33,1439.58,17.3,13.31,57.82,31.07,140.99,333.9,175.26,65,85,700,0,1,1,CRITICAL
rice,grain_filling,1,16.96,552.85,18.11,14.85,90.01,34.72,183.57,15.68,97.87,65,85,700,1,0,0,POOR
rice,grain_filling,1,16.26,349.58,40.23,35.33,65.2,46.82,324.78,351.28,425.78,65,85,700,1,0,1,CRITICAL
rice,grain_filling,1,34.94,1753.07,27.83,25.35,26.44,15.65,280.6,12.95,103.55,65,85,700,0,1,0,CRITICAL
rice,grain_filling,1,18.79,248.04,38.26,35.44,91.58,491.56,108.76,359.84,86.67,65,85,700,1,0,1,CRITICAL
rice,grain_filling,1,13.62,1518.81,29.04,23.05,27.78,317.99,326.85,23.74,86.32,65,85,700,0,1,1,CRITICAL
rice,grain_filling,1,84.64,1472.89,21.91,16.12,24.86,89.83,168.94,4.82,97.8,65,85,700,0,1,0,POOR
rice,grain_filling,1,90.39,1291.26,37.75,33.08,55.96,174.4,311.12,0.32,156.05,65,85,700,0,1,0,POOR
rice,grain_filling,1,10.4,1027.4,38.26,35.64,71.98,8.41,261.43,5.11,79.03,65,85,700,0,1,0,CRITICAL
rice,grain_filling,1,79.84,1452.57,19.18,16.98,90.24,7.98,1207.66,22.17,59.37,65,85,700,0,1,1,CRITICAL
rice,grain_filling,1,21.91,272.52,22.94,19.71,96.93,57.85,183.05,380.23,8.98,65,85,700,1,0,1,POOR
rice,grain_filling,1,26.77,759.57,19.26,15.43,41.74,35.19,1030.18,21.08,131.92,65,85,700,0,1,1,CRITICAL
rice,grain_filling,1,51.65,1979.05,40.4,34.55,82.37,87.49,209.27,21.1,7.13,65,85,700,0,1,0,CRITICAL
rice,grain_filling,1,36.83,340.81,42.37,37.03,85.16,64.51,3.42,15.77,185.34,65,85,700,1,0,0,POOR
rice,grain_filling,1,14.68,124.4,29.18,26.93,83.13,52.96,245.07,13.86,44.95,65,85,700,1,0,0,MODERATE
rice,grain_filling,1,76.07,1260.7,46.98,44.2,96.09,53.83,152.23,1.0,199.17,65,85,700,0,1,0,POOR
rice,grain_filling,1,87.28,1842.89,26.67,21.79,55.37,65.52,169.77,184.05,672.13,65,85,700,0,1,1,POOR
rice,grain_filling,1,89.81,380.46,30.62,24.73,49.79,37.16,1339.02,19.34,197.09,65,85,700,0,0,1,MODERATE
rice,grain_filling,1,91.54,1190.94,22.09,16.53,99.47,8.67,1440.37,6.55,112.36,65,85,700,0,1,1,POOR
rice,grain_filling,1,16.6,840.19,16.32,10.98,36.78,32.83,87.62,9.77,69.2,65,85,700,0,1,0,CRITICAL
rice,grain_filling,1,91.2,147.05,32.3,30.16,57.47,276.56,252.24,2.59,34.02,65,85,700,0,0,1,MODERATE
rice,grain_filling,1,96.06,895.77,40.93,35.16,90.16,20.87,159.94,228.53,12.0,65,85,700,0,1,1,CRITICAL
rice,grain_filling,1,23.6,1242.49,22.9,17.43,46.17,32.91,113.96,13.12,130.83,65,85,700,0,1,0,POOR
rice,grain_filling,1,78.47,1709.02,23.48,19.85,59.89,53.33,288.59,20.69,197.01,65,85,700,0,1,0,MODERATE
rice,grain_filling,1,47.04,408.5,46.07,41.94,88.19,267.35,208.73,12.05,83.79,65,85,700,1,0,1,CRITICAL
rice,grain_filling,1,98.43,402.5,34.5,32.14,78.71,99.48,1384.52,182.75,31.19,65,85,700,0,0,1,MODERATE
rice,grain_filling,1,34.46,1547.48,43.15,38.03,70.49,51.4,336.52,13.4,76.23,65,85,700,0,1,0,CRITICAL
rice,grain_filling,1,90.03,725.48,27.19,21.63,57.15,51.61,883.89,19.48,120.53,65,85,700,0,1,0,MODERATE
rice,grain_filling,1,46.81,1413.52,36.08,31.95,81.47,75.79,133.71,20.56,108.48,65,85,700,0,1,0,CRITICAL
rice,grain_filling,1,52.82,1680.42,37.38,32.64,37.37,98.42,132.09,13.46,129.74,65,85,700,0,1,0,CRITICAL
rice,grain_filling,1,88.81,261.7,41.13,38.44,22.94,18.56,349.01,17.92,33.62,65,85,700,0,0,0,POOR
rice,grain_filling,1,95.88,774.3,42.37,39.61,84.57,65.75,52.71,16.1,686.83,65,85,700,0,1,1,CRITICAL
rice,grain_filling,1,55.54,1110.22,30.56,27.49,24.48,40.87,122.92,23.32,68.69,65,85,700,0,1,0,CRITICAL
rice,grain_filling,1,41.91,539.67,45.21,39.8,66.39,475.75,387.73,16.92,844.04,65,85,700,1,0,1,CRITICAL
rice,grain_filling,1,42.15,1787.55,34.59,29.37,54.19,11.34,873.91,6.1,107.44,65,85,700,0,1,0,POOR
rice,grain_filling,1,56.5,1238.91,38.88,36.78,65.65,88.42,370.49,24.54,171.88,65,85,700,0,1,0,CRITICAL
rice,grain_filling,1,56.28,1679.82,39.37,36.31,21.35,450.62,382.49,11.12,443.66,65,85,700,0,1,1,CRITICAL
rice,grain_filling,1,51.0,758.5,35.78,31.08,36.86,83.69,1311.39,20.23,14.24,65,85,700,0,1,1,CRITICAL
rice,grain_filling,1,84.52,1360.38,47.03,44.01,58.86,50.12,177.31,0.42,0.26,65,85,700,0,1,0,POOR
rice,grain_filling,1,45.41,307.11,31.75,26.98,70.41,80.38,324.16,10.87,34.97,65,85,700,1,0,0,MODERATE
rice,grain_filling,1,42.32,499.23,34.12,28.93,82.93,36.45,159.76,18.73,172.37,65,85,700,1,0,0,MODERATE
rice,grain_filling,1,62.91,1692.6,24.39,20.09,29.86,69.02,270.32,10.5,76.87,65,85,700,0,1,0,CRITICAL
rice,grain_filling,1,64.63,94.24,45.72,40.98,22.74,81.88,1093.89,67.12,184.11,65,85,700,1,0,1,CRITICAL
rice,grain_filling,1,18.36,1591.96,17.49,15.22,62.99,16.01,54.89,5.13,90.51,65,85,700,0,1,0,CRITICAL
rice,grain_filling,1,16.24,552.26,32.95,27.99,68.4,39.21,145.51,366.62,107.02,65,85,700,1,0,1,POOR
rice,grain_filling,1,94.22,942.94,19.21,15.48,30.16,50.25,28.66,20.97,97.07,65,85,700,0,1,0,POOR
rice,grain_filling,1,41.05,318.23,47.94,45.75,55.29,45.21,59.99,297.63,167.16,65,85,700,1,0,1,CRITICAL
rice,grain_filling,1,55.29,1549.03,43.96,41.54,50.79,77.61,1221.99,12.32,8.47,65,85,700,0,1,1,CRITICAL
rice,grain_filling,1,28.47,1405.89,39.46,36.42,47.53,99.05,181.09,347.72,116.0,65,85,700,0,1,1,CRITICAL
rice,grain_filling,1,78.25,1319.22,20.87,18.66,74.64,25.11,225.07,5.48,100.79,65,85,700,0,1,0,MODERATE
rice,grain_filling,1,25.43,1969.54,30.46,24.99,87.9,51.15,275.36,2.09,176.24,65,85,700,0,1,0,POOR
rice,grain_filling,1,53.88,764.29,36.3,30.51,23.3,363.18,1130.29,10.37,31.72,65,85,700,0,1,1,CRITICAL
rice,grain_filling,1,62.43,329.45,29.7,26.28,59.65,87.03,356.12,3.5,87.68,65,85,700,1,0,0,MODERATE
rice,grain_filling,1,18.29,517.5,18.3,13.53,22.32,199.25,373.24,0.7,8.64,65,85,700,1,0,0,CRITICAL
rice,grain_filling,1,45.36,1356.36,30.51,26.97,29.53,185.05,54.1,5.65,80.03,65,85,700,0,1,0,CRITICAL
rice,grain_filling,1,37.31,1140.17,37.09,34.99,57.27,5.77,346.48,10.48,772.12,65,85,700,0,1,1,CRITICAL
rice,grain_filling,1,10.76,472.53,42.3,37.61,91.55,5.72,14.27,4.78,93.66,65,85,700,1,0,0,POOR
rice,grain_filling,1,34.0,1970.49,45.07,42.95,81.66,11.03,107.74,24.54,139.79,65,85,700,0,1,0,CRITICAL
rice,grain_filling,1,78.55,1879.81,18.75,13.93,88.06,95.44,272.22,6.44,105.84,65,85,700,0,1,0,POOR
rice,grain_filling,1,36.87,359.98,16.56,13.78,66.56,78.61,1013.61,17.86,104.74,65,85,700,1,0,1,CRITICAL
rice,grain_filling,1,25.83,1560.71,31.96,29.92,73.88,42.37,220.71,7.1,809.05,65,85,700,0,1,1,CRITICAL
rice,grain_filling,1,28.2,1108.75,36.02,31.93,54.73,19.2,318.23,2.21,171.56,65,85,700,0,1,0,CRITICAL
rice,grain_filling,1,58.55,1728.37,18.22,15.26,52.52,478.61,383.68,3.69,178.53,65,85,700,0,1,1,CRITICAL
rice,grain_filling,1,92.56,954.28,18.42,14.59,50.06,57.77,397.6,23.87,161.6,65,85,700,0,1,0,POOR
rice,grain_filling,1,34.44,114.72,32.06,29.27,80.63,64.12,72.31,16.72,93.2,65,85,700,1,0,0,MODERATE
rice,grain_filling,1,26.43,1252.35,22.72,20.4,20.04,60.83,150.07,168.21,824.01,65,85,700,0,1,1,CRITICAL
rice,grain_filling,1,50.42,1096.04,39.49,34.7,91.25,71.63,333.2,322.82,43.71,65,85,700,0,1,1,CRITICAL
rice,grain_filling,1,99.06,983.72,22.53,19.01,72.31,361.26,847.37,17.47,34.26,65,85,700,0,1,1,POOR
rice,grain_filling,1,30.98,1526.75,34.34,29.21,79.69,5.06,221.36,24.41,187.45,65,85,700,0,1,0,POOR
rice,grain_filling,1,57.27,1677.74,16.09,13.02,57.57,7.66,109.07,20.85,45.54,65,85,700,0,1,0,CRITICAL
rice,grain_filling,1,53.98,1306.2,45.3,41.77,81.22,59.77,127.64,3.41,2.12,65,85,700,0,1,0,CRITICAL
rice,grain_filling,1,10.36,833.21,21.16,16.67,74.35,48.75,336.82,5.01,821.7,65,85,700,0,1,1,CRITICAL
rice,grain_filling,1,69.0,501.3,23.31,19.44,91.83,14.96,323.43,9.13,136.89,65,85,700,0,0,0,GOOD
rice,grain_filling,1,86.03,431.76,45.77,42.76,78.71,28.47,1189.77,7.68,30.3,65,85,700,0,0,1,POOR
rice,grain_filling,1,42.01,678.12,37.65,34.79,76.75,93.5,27.57,15.38,144.94,65,85,700,1,0,0,POOR
rice,grain_filling,1,81.78,118.25,38.12,36.03,88.98,15.76,183.02,7.79,518.96,65,85,700,0,0,1,POOR
rice,grain_filling,1,55.08,428.62,30.74,25.28,21.74,67.96,326.99,269.87,125.98,65,85,700,1,0,1,CRITICAL
rice,grain_filling,1,14.93,1563.3,35.25,32.97,60.69,8.25,381.43,5.29,807.54,65,85,700,0,1,1,CRITICAL
rice,grain_filling,1,16.95,719.37,37.68,33.68,35.25,55.27,323.9,348.25,582.18,65,85,700,0,1,1,CRITICAL
rice,grain_filling,1,69.65,1696.45,40.27,36.76,58.3,18.61,357.59,2.16,92.76,65,85,700,0,1,0,POOR
rice,grain_filling,1,99.08,759.68,42.99,38.85,30.44,79.76,205.82,22.78,180.46,65,85,700,0,1,0,POOR
rice,grain_filling,1,58.13,1212.84,28.72,25.52,23.88,74.43,257.45,20.22,20.39,65,85,700,0,1,0,CRITICAL
rice,grain_filling,1,82.43,1841.51,44.59,38.91,92.62,52.72,85.49,12.87,90.63,65,85,700,0,1,0,POOR
rice,grain_filling,1,89.05,431.95,20.51,16.21,57.07,66.02,376.9,13.77,41.58,65,85,700,0,0,0,GOOD
rice,grain_filling,1,12.87,1330.75,35.14,30.3,72.83,11.43,337.19,8.53,160.23,65,85,700,0,1,0,CRITICAL
rice,grain_filling,1,80.55,1387.45,37.47,33.26,65.09,73.57,348.65,17.57,85.62,65,85,700,0,1,0,POOR
rice,grain_filling,1,75.8,953.3,25.69,21.26,90.1,88.38,185.89,10.18,19.22,65,85,700,0,1,0,MODERATE
rice,grain_filling,1,51.45,886.96,44.61,41.46,39.92,433.24,78.08,5.93,145.82,65,85,700,0,1,1,CRITICAL
rice,grain_filling,1,98.48,527.38,27.42,24.22,28.77,48.99,327.04,15.47,137.01,65,85,700,0,0,0,MODERATE
rice,grain_filling,1,92.0,1635.52,25.07,20.72,93.19,32.07,1.46,19.72,46.4,65,85,700,0,1,0,MODERATE
rice,grain_filling,1,71.4,1084.4,17.75,14.6,61.63,85.24,198.41,10.23,86.5,65,85,700,0,1,0,POOR
rice,grain_filling,1,63.02,1121.88,17.58,11.8,27.95,150.11,7.89,18.46,435.63,65,85,700,0,1,1,CRITICAL
rice,grain_filling,1,14.59,984.68,38.86,35.29,37.38,424.5,150.47,6.43,85.63,65,85,700,0,1,1,CRITICAL
rice,grain_filling,1,92.6,1350.17,30.56,25.45,71.28,6.06,182.73,9.6,133.01,65,85,700,0,1,0,MODERATE
rice,grain_filling,1,11.45,258.67,24.66,20.45,25.12,13.62,246.32,9.28,179.54,65,85,700,1,0,0,POOR
rice,grain_filling,1,92.51,1303.35,16.1,10.11,27.92,68.26,258.37,162.96,159.72,65,85,700,0,1,1,CRITICAL
rice,grain_filling,1,82.99,356.51,21.95,18.48,90.43,13.18,110.56,10.87,164.22,65,85,700,0,0,0,GOOD
rice,grain_filling,1,20.21,154.16,35.07,30.21,49.82,399.54,25.95,21.7,16.73,65,85,700,1,0,1,CRITICAL
rice,grain_filling,1,60.47,553.19,17.41,12.48,43.93,194.68,226.21,23.54,186.78,65,85,700,1,0,0,POOR
rice,grain_filling,1,14.09,1198.94,38.82,33.73,31.99,44.42,63.18,7.29,4.8,65,85,700,0,1,0,CRITICAL
rice,grain_filling,1,98.68,1196.82,23.47,19.21,26.15,473.86,136.7,16.29,181.53,65,85,700,0,1,1,CRITICAL
rice,grain_filling,1,16.6,485.57,16.1,12.09,45.13,18.05,275.04,23.35,170.88,65,85,700,1,0,0,POOR
rice,grain_filling,1,45.79,1376.52,44.4,42.23,25.72,32.51,88.51,23.35,49.25,65,85,700,0,1,0,CRITICAL
rice,grain_filling,1,81.07,254.28,42.6,38.97,41.03,57.58,356.0,45.27,30.91,65,85,700,0,0,1,POOR
rice,grain_filling,1,43.13,126.31,25.79,20.23,22.04,40.63,976.55,10.9,28.42,65,85,700,1,0,0,POOR
rice,grain_filling,1,31.38,1374.3,31.22,26.13,95.86,11.58,60.47,12.11,111.1,65,85,700,0,1,0,POOR
rice,grain_filling,1,33.88,1351.72,26.93,22.75,59.01,401.61,2.09,17.52,166.99,65,85,700,0,1,1,CRITICAL
rice,grain_filling,1,69.17,1746.78,44.45,39.88,62.04,33.14,297.67,9.84,187.56,65,85,700,0,1,0,POOR
rice,grain_filling,1,74.55,1502.91,44.86,42.85,20.03,160.25,88.83,13.05,595.72,65,85,700,0,1,1,CRITICAL
rice,grain_filling,1,28.71,1112.32,47.58,42.41,99.47,96.83,44.18,12.63,50.69,65,85,700,0,1,0,CRITICAL
rice,grain_filling,1,28.92,1737.56,28.79,23.79,63.84,38.19,876.72,0.89,127.87,65,85,700,0,1,0,POOR
rice,grain_filling,1,61.03,1540.64,40.0,35.9,69.98,75.75,141.6,0.61,24.29,65,85,700,0,1,0,CRITICAL
rice,grain_filling,1,71.97,194.28,21.71,19.34,25.05,350.16,350.22,6.62,13.96,65,85,700,0,0,1,POOR
rice,grain_filling,1,31.91,1981.91,39.97,34.63,65.76,375.92,112.54,356.69,98.75,65,85,700,0,1,1,CRITICAL
rice,grain_filling,1,86.75,1308.66,16.48,12.31,21.38,77.85,319.47,9.95,812.71,65,85,700,0,1,1,CRITICAL
rice,grain_filling,1,94.33,714.82,24.8,21.87,86.41,67.96,1169.7,9.51,865.13,65,85,700,0,1,1,POOR
rice,grain_filling,1,15.13,451.12,30.74,27.01,71.27,94.47,1425.88,11.97,577.34,65,85,700,1,0,1,POOR
rice,grain_filling,1,97.82,1137.82,33.67,30.48,66.76,43.96,101.08,15.04,84.25,65,85,700,0,1,0,MODERATE
rice,grain_filling,1,98.9,907.25,36.44,34.23,72.27,479.86,112.87,96.68,181.91,65,85,700,0,1,1,CRITICAL
rice,grain_filling,1,22.68,1383.34,25.3,19.67,73.68,64.57,1239.56,13.43,126.35,65,85,700,0,1,1,CRITICAL
rice,grain_filling,1,79.31,491.25,47.19,41.21,26.05,93.64,135.24,12.44,129.11,65,85,700,0,0,0,POOR
rice,grain_filling,1,98.25,1618.89,43.38,39.94,45.99,166.0,57.51,20.57,143.9,65,85,700,0,1,0,POOR
rice,grain_filling,1,59.96,262.17,45.76,41.95,78.76,50.1,80.14,9.75,9.18,65,85,700,1,0,0,POOR
rice,grain_filling,1,18.72,510.01,16.7,10.72,78.92,8.75,1350.76,14.98,191.16,65,85,700,1,0,1,CRITICAL
rice,grain_filling,1,40.37,793.98,39.24,33.53,70.32,78.98,212.81,7.29,92.76,65,85,700,0,1,0,CRITICAL
rice,grain_filling,1,99.35,1264.05,16.18,14.11,45.63,434.57,103.45,22.71,83.1,65,85,700,0,1,1,CRITICAL
rice,grain_filling,1,40.57,1287.24,34.51,31.33,31.95,36.86,365.81,4.84,145.81,65,85,700,0,1,0,POOR
rice,grain_filling,1,89.55,1825.82,46.64,41.55,92.48,23.45,282.74,308.73,129.37,65,85,700,0,1,1,CRITICAL
rice,grain_filling,1,41.49,1108.87,27.66,25.65,78.54,75.17,208.92,14.06,404.75,65,85,700,0,1,1,CRITICAL
rice,grain_filling,1,56.37,1966.88,16.91,12.58,47.95,84.35,343.02,9.76,86.4,65,85,700,0,1,0,CRITICAL
rice,grain_filling,1,78.07,855.96,28.87,26.51,36.16,15.47,379.58,225.84,41.11,65,85,700,0,1,1,POOR
rice,grain_filling,1,41.06,84.3,23.3,20.06,69.35,17.26,183.69,23.77,626.92,65,85,700,1,0,1,POOR
rice,grain_filling,1,90.63,515.44,21.57,17.59,92.02,32.24,311.47,24.18,69.0,65,85,700,0,0,0,GOOD
rice,grain_filling,1,32.06,1443.71,32.21,27.47,41.56,59.87,116.35,6.5,139.12,65,85,700,0,1,0,POOR
rice,grain_filling,1,45.35,819.96,23.41,20.78,75.41,478.23,343.0,21.17,437.4,65,85,700,0,1,1,CRITICAL
rice,grain_filling,1,70.73,1519.23,23.11,18.42,23.46,83.78,89.79,4.23,68.49,65,85,700,0,1,0,POOR
rice,grain_filling,1,44.02,1640.46,20.91,18.59,46.27,42.44,315.96,273.13,102.08,65,85,700,0,1,1,CRITICAL
rice,grain_filling,1,12.78,373.04,28.04,24.77,27.76,43.27,118.45,17.85,47.81,65,85,700,1,0,0,POOR
rice,grain_filling,1,41.57,469.05,18.84,13.32,55.23,321.64,1136.55,17.99,157.42,65,85,700,1,0,1,CRITICAL
rice,grain_filling,1,59.9,1282.27,29.49,24.77,28.68,96.13,126.53,16.54,122.66,65,85,700,0,1,0,CRITICAL
rice,grain_filling,1,50.56,1529.18,33.02,28.42,61.33,99.19,36.57,386.93,67.22,65,85,700,0,1,1,CRITICAL
rice,grain_filling,1,83.4,1273.52,15.01,9.96,79.75,466.02,1225.59,7.47,179.17,65,85,700,0,1,1,CRITICAL
rice,grain_filling,1,98.36,1475.38,43.07,40.87,60.4,69.86,327.15,4.07,72.89,65,85,700,0,1,0,POOR
rice,grain_filling,1,68.78,901.61,36.52,34.31,34.42,62.69,161.2,24.08,120.35,65,85,700,0,1,0,POOR
rice,grain_filling,1,57.09,725.06,32.35,29.43,23.81,57.26,834.5,14.53,180.66,65,85,700,0,1,0,CRITICAL
rice,grain_filling,1,54.26,1479.89,33.7,30.61,31.64,60.61,158.25,1.9,129.68,65,85,700,0,1,0,POOR
rice,grain_filling,1,54.4,1021.79,47.23,41.44,48.68,14.06,1076.87,21.78,1.19,65,85,700,0,1,1,CRITICAL
rice,grain_filling,1,77.91,334.01,43.68,39.11,38.35,369.67,287.34,7.77,122.88,65,85,700,0,0,1,POOR
rice,grain_filling,1,40.75,106.29,28.04,22.32,70.1,8.4,97.51,13.62,63.31,65,85,700,1,0,0,MODERATE
rice,grain_filling,1,80.44,1344.43,37.55,33.62,73.36,7.98,59.5,371.48,121.19,65,85,700,0,1,1,CRITICAL
rice,grain_filling,1,39.55,1011.87,45.23,39.41,94.17,26.24,176.52,15.52,162.88,65,85,700,0,1,0,CRITICAL
rice,grain_filling,1,81.04,1089.5,34.08,31.87,40.43,450.71,200.17,226.07,157.99,65,85,700,0,1,1,POOR
rice,grain_filling,1,57.19,1692.82,18.67,13.49,34.64,80.81,189.34,10.68,431.13,65,85,700,0,1,1,CRITICAL
rice,grain_filling,1,25.94,1080.27,41.52,38.66,62.19,24.07,342.39,18.13,129.62,65,85,700,0,1,0,CRITICAL
rice,grain_filling,1,38.3,807.45,29.37,27.07,59.88,49.43,1414.75,55.33,141.17,65,85,700,0,1,1,CRITICAL
rice,grain_filling,1,22.91,377.1,16.5,10.9,63.26,70.0,353.04,23.76,743.36,65,85,700,1,0,1,CRITICAL
rice,grain_filling,1,43.56,1190.58,15.4,12.07,24.98,52.19,210.98,12.77,6.27,65,85,700,0,1,0,CRITICAL
rice,grain_filling,1,63.23,106.52,33.92,28.57,77.79,13.12,1398.74,21.26,126.69,65,85,700,1,0,1,POOR
rice,grain_filling,1,69.62,689.07,27.41,21.82,21.37,69.88,397.56,20.68,62.42,65,85,700,0,0,0,MODERATE
rice,grain_filling,1,44.09,1285.01,41.83,38.65,37.1,384.61,6.38,15.53,45.46,65,85,700,0,1,1,CRITICAL
rice,grain_filling,1,83.12,1500.37,34.5,30.35,54.18,97.27,92.04,0.19,132.37,65,85,700,0,1,0,MODERATE
rice,grain_filling,1,94.18,1732.05,24.42,21.79,55.93,388.78,843.56,0.95,188.34,65,85,700,0,1,1,POOR
rice,grain_filling,1,53.94,928.72,25.94,20.11,85.81,66.16,1097.55,4.17,159.09,65,85,700,0,1,1,CRITICAL
rice,grain_filling,1,24.74,128.29,20.5,16.69,39.77,25.9,291.7,11.98,174.06,65,85,700,1,0,0,MODERATE
rice,grain_filling,1,41.41,1918.66,17.74,13.17,97.78,97.82,1422.72,15.2,132.36,65,85,700,0,1,1,CRITICAL
rice,grain_filling,1,58.06,512.06,39.55,35.65,43.58,393.85,66.18,22.59,577.46,65,85,700,1,0,1,CRITICAL
rice,grain_filling,1,86.57,624.51,15.25,12.06,42.5,89.0,188.52,9.44,132.24,65,85,700,0,0,0,MODERATE
rice,maturity,0,83.17,1373.16,44.34,40.54,91.51,86.58,1300.62,19.92,58.3,45,65,700,0,1,1,CRITICAL
rice,maturity,0,18.39,1429.73,39.22,36.08,43.81,46.89,126.84,16.54,88.97,45,65,700,0,1,0,CRITICAL
rice,maturity,0,53.52,1673.81,18.47,15.91,98.19,58.78,86.11,245.48,105.24,45,65,700,0,1,1,CRITICAL
rice,maturity,0,18.22,447.4,16.03,11.97,26.76,46.94,30.96,22.37,673.05,45,65,700,1,0,1,CRITICAL
rice,maturity,0,77.29,1707.73,26.68,22.46,69.23,32.16,57.35,22.9,20.61,45,65,700,0,1,0,MODERATE
rice,maturity,0,80.23,1599.16,23.46,19.35,96.84,389.07,1403.01,18.68,7.16,45,65,700,0,1,1,POOR
rice,maturity,0,66.94,737.43,17.53,12.52,78.12,405.69,298.38,22.55,16.69,45,65,700,0,1,1,CRITICAL
rice,maturity,0,34.81,481.41,32.4,29.72,84.03,48.44,129.83,19.25,894.12,45,65,700,1,0,1,POOR
rice,maturity,0,60.69,1412.86,41.45,36.56,75.99,95.86,339.71,5.85,627.86,45,65,700,0,1,1,CRITICAL
rice,maturity,0,65.01,1583.57,26.02,20.7,69.21,69.7,1212.37,22.46,194.38,45,65,700,0,1,1,POOR
rice,maturity,0,48.47,514.87,15.14,12.39,20.32,71.98,1382.74,16.05,44.46,45,65,700,0,0,1,CRITICAL
rice,maturity,0,99.26,51.66,21.51,18.75,77.37,35.25,162.0,2.45,144.79,45,65,700,0,0,0,GOOD
rice,maturity,0,18.84,1071.52,31.98,28.11,79.24,83.25,248.82,87.7,122.8,45,65,700,0,1,1,CRITICAL
rice,maturity,0,58.36,1850.29,34.68,28.79,30.92,56.83,36.43,18.22,132.69,45,65,700,0,1,0,MODERATE
rice,maturity,0,79.85,1909.18,17.61,13.46,45.0,22.54,3.91,24.14,85.33,45,65,700,0,1,0,POOR
rice,maturity,0,80.41,94.95,46.99,41.75,80.09,76.04,154.71,7.31,646.21,45,65,700,0,0,1,POOR
rice,maturity,0,57.09,756.8,23.18,19.54,61.26,74.61,151.86,19.84,124.78,45,65,700,0,1,0,MODERATE
rice,maturity,0,59.24,921.22,41.72,38.75,90.65,363.21,327.03,10.83,17.97,45,65,700,0,1,1,CRITICAL
rice,maturity,0,25.25,1601.87,15.04,11.91,66.72,59.54,203.76,15.21,77.03,45,65,700,0,1,0,CRITICAL
rice,maturity,0,12.68,1033.09,41.54,37.34,41.57,78.62,919.0,5.02,52.7,45,65,700,0,1,0,CRITICAL
rice,maturity,0,75.91,1402.18,41.15,38.12,55.55,65.91,253.59,18.02,53.6,45,65,700,0,1,0,POOR
rice,maturity,0,30.5,1620.45,36.06,31.8,38.08,91.81,1308.96,16.28,64.91,45,65,700,0,1,1,CRITICAL
rice,maturity,0,34.18,1639.61,26.85,22.93,97.26,24.22,88.4,19.3,155.87,45,65,700,0,1,0,POOR
rice,maturity,0,87.88,1763.31,40.86,37.23,98.54,37.96,392.18,1.64,134.35,45,65,700,0,1,0,POOR
rice,maturity,0,19.94,969.59,23.05,19.65,33.01,176.8,212.16,15.71,59.11,45,65,700,0,1,0,POOR
rice,maturity,0,12.03,337.9,15.87,9.91,42.31,92.35,13.28,10.15,186.82,45,65,700,1,0,0,POOR
rice,maturity,0,90.68,336.4,22.58,20.15,31.17,51.26,393.0,2.47,189.33,45,65,700,0,0,0,GOOD
rice,maturity,0,44.93,334.2,22.59,18.12,25.39,46.47,7.65,19.46,77.69,45,65,700,1,0,0,POOR
rice,maturity,0,42.4,1784.51,37.78,35.2,67.29,89.22,347.13,346.18,403.98,45,65,700,0,1,1,CRITICAL
rice,maturity,0,14.89,568.26,31.99,28.07,68.38,47.94,109.61,15.24,486.38,45,65,700,1,0,1,POOR
rice,maturity,0,22.6,831.58,17.48,13.3,73.58,94.12,373.05,14.9,37.04,45,65,700,0,1,0,CRITICAL
rice,maturity,0,91.36,1773.64,31.79,27.22,51.54,467.19,896.86,23.71,681.04,45,65,700,0,1,1,POOR
rice,maturity,0,51.01,1442.19,41.16,37.18,88.56,54.62,1313.76,6.29,138.14,45,65,700,0,1,1,CRITICAL
rice,maturity,0,65.54,1129.31,17.92,13.0,68.16,66.15,1449.03,14.53,157.52,45,65,700,0,1,1,CRITICAL
rice,maturity,0,16.04,1475.52,31.54,28.06,28.45,73.22,260.93,16.04,45.86,45,65,700,0,1,0,CRITICAL
rice,maturity,0,73.71,406.15,18.84,13.48,82.13,32.73,202.82,1.87,88.88,45,65,700,0,0,0,MODERATE
rice,maturity,0,78.08,769.38,38.6,35.12,53.86,56.39,1225.57,24.74,128.99,45,65,700,0,1,1,CRITICAL
rice,maturity,0,88.66,1505.3,31.4,27.55,71.17,45.57,69.63,6.97,879.15,45,65,700,0,1,1,POOR
rice,maturity,0,17.06,1453.59,26.47,20.49,44.19,348.76,77.01,69.19,624.05,45,65,700,0,1,1,CRITICAL
rice,maturity,0,99.13,1317.85,19.19,15.17,62.33,51.44,284.49,14.26,17.08,45,65,700,0,1,0,POOR
rice,maturity,0,55.63,1557.98,38.29,35.81,67.29,204.87,281.02,7.2,12.6,45,65,700,0,1,0,POOR
rice,maturity,0,81.69,1301.41,43.87,38.73,28.97,38.11,388.95,22.0,146.9,45,65,700,0,1,0,CRITICAL
rice,maturity,0,36.01,735.07,26.32,23.01,39.43,60.89,74.68,23.27,108.29,45,65,700,0,1,0,POOR
rice,maturity,0,63.91,401.74,30.83,26.19,54.62,67.94,121.44,16.71,9.21,45,65,700,0,0,0,GOOD
rice,maturity,0,21.4,771.02,39.37,36.2,65.98,41.56,289.95,4.08,69.89,45,65,700,0,1,0,CRITICAL
rice,maturity,0,38.02,89.53,40.35,36.75,85.29,70.84,74.04,20.85,148.56,45,65,700,1,0,0,POOR
rice,maturity,0,48.62,84.35,22.79,19.65,28.95,63.15,359.3,18.1,89.65,45,65,700,0,0,0,MODERATE
rice,maturity,0,79.52,1944.38,46.13,43.07,38.11,95.75,282.8,21.98,53.84,45,65,700,0,1,0,POOR
rice,maturity,0,52.44,1273.31,43.01,40.09,85.39,23.49,45.87,4.42,46.8,45,65,700,0,1,0,POOR
rice,maturity,0,52.45,885.86,22.72,20.5,54.34,400.35,3.83,24.76,70.79,45,65,700,0,1,1,POOR
rice,maturity,0,77.18,1984.7,35.25,31.39,27.21,99.66,1183.4,4.16,158.44,45,65,700,0,1,1,CRITICAL
rice,maturity,0,36.86,1052.67,28.41,26.23,96.6,95.29,231.43,12.28,161.5,45,65,700,0,1,0,POOR
rice,maturity,0,27.03,1090.34,25.49,21.39,82.47,76.89,376.52,77.77,103.33,45,65,700,0,1,1,CRITICAL
rice,maturity,0,44.27,1811.25,15.69,11.79,94.49,39.48,185.17,15.25,42.19,45,65,700,0,1,0,CRITICAL
rice,maturity,0,34.23,1770.01,16.81,11.05,64.86,65.88,66.63,21.34,114.43,45,65,700,0,1,0,CRITICAL
rice,maturity,0,80.83,1330.12,30.38,24.53,90.32,64.44,230.18,10.18,52.71,45,65,700,0,1,0,MODERATE
rice,maturity,0,16.09,768.22,44.2,39.18,45.86,176.81,98.28,8.97,168.49,45,65,700,0,1,0,CRITICAL
rice,maturity,0,23.34,142.72,36.16,33.9,78.71,53.91,73.2,11.55,37.35,45,65,700,1,0,0,POOR
rice,maturity,0,50.84,1710.3,38.38,36.25,43.69,87.09,291.13,18.14,129.14,45,65,700,0,1,0,POOR
rice,maturity,0,74.51,1758.8,23.98,20.61,94.46,57.85,396.3,5.2,177.86,45,65,700,0,1,0,MODERATE
rice,maturity,0,52.84,576.18,38.6,32.77,75.28,88.69,337.22,15.65,161.92,45,65,700,0,0,0,MODERATE
rice,maturity,0,73.1,1487.2,36.85,32.67,90.53,171.39,269.59,0.77,161.93,45,65,700,0,1,0,POOR
rice,maturity,0,21.81,1351.43,44.34,40.64,53.08,178.8,347.67,18.78,129.95,45,65,700,0,1,0,CRITICAL
rice,maturity,0,94.46,1744.23,43.67,41.41,87.68,60.75,271.07,17.04,90.12,45,65,700,0,1,0,POOR
rice,maturity,0,43.52,266.54,47.05,42.75,30.22,35.28,14.2,0.4,27.56,45,65,700,1,0,0,POOR
rice,maturity,0,66.05,268.09,25.34,21.67,32.76,50.61,207.93,10.6,835.96,45,65,700,0,0,1,MODERATE
rice,maturity,0,78.69,1236.4,27.06,24.33,74.93,99.49,198.04,12.62,174.85,45,65,700,0,1,0,MODERATE
rice,maturity,0,90.63,716.02,25.21,20.3,44.38,5.3,130.78,18.34,33.29,45,65,700,0,1,0,MODERATE
rice,maturity,0,74.25,75.59,25.42,20.3,73.67,73.17,1107.76,14.23,138.71,45,65,700,0,0,1,MODERATE
rice,maturity,0,17.41,1768.99,45.2,42.1,50.18,265.48,43.03,7.15,482.14,45,65,700,0,1,1,CRITICAL
rice,maturity,0,43.12,1357.68,22.44,19.48,65.98,56.06,1114.39,15.56,8.86,45,65,700,0,1,1,CRITICAL
rice,maturity,0,74.93,1123.16,40.94,37.81,34.71,5.39,130.46,2.48,815.86,45,65,700,0,1,1,CRITICAL
rice,maturity,0,25.5,998.26,39.22,34.12,82.77,22.82,296.43,17.92,29.54,45,65,700,0,1,0,CRITICAL
rice,maturity,0,42.26,90.29,18.2,15.04,72.78,9.85,84.65,16.78,19.78,45,65,700,1,0,0,POOR
rice,maturity,0,78.93,646.23,28.48,25.27,26.42,93.94,263.34,16.07,125.82,45,65,700,0,0,0,MODERATE
rice,maturity,0,70.44,340.63,26.42,24.25,77.56,95.26,190.23,1.17,26.32,45,65,700,0,0,0,GOOD
rice,maturity,0,43.47,949.05,42.54,37.9,24.74,95.76,254.45,21.76,100.81,45,65,700,0,1,0,CRITICAL
rice,maturity,0,35.86,758.6,43.35,39.48,37.08,93.46,399.58,5.93,47.81,45,65,700,0,1,0,CRITICAL
rice,maturity,0,63.82,385.04,18.44,13.72,82.33,50.09,155.36,5.2,122.6,45,65,700,0,0,0,MODERATE
rice,maturity,0,79.08,1035.06,43.2,38.19,82.29,95.64,1340.56,1.58,100.78,45,65,700,0,1,1,CRITICAL
rice,maturity,0,11.1,1278.97,26.85,24.43,45.83,16.89,133.58,268.96,41.4,45,65,700,0,1,1,CRITICAL
rice,maturity,0,63.01,1341.62,36.41,34.18,37.44,96.15,304.82,18.41,191.33,45,65,700,0,1,0,POOR
rice,maturity,0,20.33,1226.4,27.39,23.98,86.16,0.96,394.44,1.27,69.18,45,65,700,0,1,0,POOR
rice,maturity,0,97.04,1902.42,47.47,42.0,92.76,21.73,385.11,14.93,78.82,45,65,700,0,1,0,POOR
rice,maturity,0,43.75,309.52,46.04,41.04,20.1,76.56,147.84,19.45,195.28,45,65,700,1,0,0,CRITICAL
rice,maturity,0,22.88,691.57,29.59,26.82,56.0,15.72,24.97,5.63,99.88,45,65,700,1,0,0,MODERATE
rice,maturity,0,65.53,313.99,27.34,22.1,65.47,10.86,206.99,10.83,113.24,45,65,700,0,0,0,GOOD
rice,maturity,0,61.83,823.86,47.69,42.17,79.97,53.73,122.29,22.06,658.42,45,65,700,0,1,1,CRITICAL
rice,maturity,0,99.06,275.88,19.29,16.77,74.49,37.27,251.04,13.49,630.99,45,65,700,0,0,1,POOR
rice,maturity,0,91.59,1652.74,27.38,22.52,51.62,23.26,1122.52,7.84,38.19,45,65,700,0,1,1,POOR
rice,maturity,0,13.99,481.08,30.04,26.71,77.01,206.13,117.16,24.08,66.98,45,65,700,1,0,0,MODERATE
rice,maturity,0,49.39,1718.16,16.66,11.13,88.17,50.64,397.67,17.04,128.77,45,65,700,0,1,0,POOR
rice,maturity,0,22.5,1768.36,39.74,34.71,72.18,50.7,54.77,17.55,27.05,45,65,700,0,1,0,CRITICAL
rice,maturity,0,73.03,271.8,42.36,37.32,34.9,71.92,75.57,9.15,185.09,45,65,700,0,0,0,MODERATE
rice,maturity,0,72.92,594.61,26.02,21.84,28.19,64.27,919.78,13.27,120.91,45,65,700,0,0,0,MODERATE
rice,maturity,0,64.53,1014.31,45.13,41.62,37.6,60.81,194.64,116.37,145.29,45,65,700,0,1,1,CRITICAL
rice,maturity,0,76.77,1442.31,24.72,20.52,70.19,439.51,340.24,9.54,49.27,45,65,700,0,1,1,POOR
rice,maturity,0,72.25,705.05,23.6,17.78,82.15,368.3,1219.14,4.79,105.68,45,65,700,0,1,1,POOR
rice,maturity,0,65.01,1995.52,47.18,41.32,47.87,309.42,1154.08,23.68,35.29,45,65,700,0,1,1,CRITICAL
rice,maturity,0,18.24,270.66,18.58,13.68,31.34,46.77,282.59,183.21,66.17,45,65,700,1,0,1,CRITICAL
rice,maturity,0,42.38,1701.65,25.82,21.01,23.61,270.13,386.82,17.49,15.5,45,65,700,0,1,1,CRITICAL
rice,maturity,0,11.48,540.06,45.42,39.71,83.91,98.18,115.13,5.47,708.1,45,65,700,1,0,1,CRITICAL
rice,maturity,0,55.01,1783.62,29.98,26.88,93.31,38.79,265.14,22.5,33.72,45,65,700,0,1,0,MODERATE
rice,maturity,0,59.81,625.11,19.41,14.32,37.39,22.37,263.87,159.51,157.54,45,65,700,0,0,1,POOR
rice,maturity,0,73.06,1695.09,34.63,29.49,79.93,57.17,82.72,20.55,771.68,45,65,700,0,1,1,POOR
rice,maturity,0,68.58,331.11,45.85,39.9,54.67,59.48,387.11,360.44,195.6,45,65,700,0,0,1,POOR
rice,maturity,0,48.46,873.51,23.36,18.09,98.87,169.65,248.09,1.78,52.36,45,65,700,0,1,0,MODERATE
rice,maturity,0,19.55,1910.12,24.19,20.42,91.89,67.73,331.53,22.25,670.74,45,65,700,0,1,1,CRITICAL
rice,maturity,0,13.62,825.16,46.28,43.28,95.32,95.39,258.78,15.75,195.1,45,65,700,0,1,0,CRITICAL
rice,maturity,0,50.63,800.51,40.83,38.19,98.09,31.51,231.75,18.64,158.6,45,65,700,0,1,0,POOR
rice,maturity,0,12.08,726.27,38.07,35.71,91.07,186.75,119.01,10.21,167.34,45,65,700,0,1,0,CRITICAL
rice,maturity,0,76.09,1883.95,18.07,14.85,57.07,49.8,266.9,2.84,98.21,45,65,700,0,1,0,POOR
rice,maturity,0,11.26,905.73,42.08,36.96,61.07,24.98,399.95,12.29,98.99,45,65,700,0,1,0,CRITICAL
rice,maturity,0,16.12,1381.03,16.54,13.54,48.3,73.95,1088.01,12.49,760.48,45,65,700,0,1,1,CRITICAL
rice,maturity,0,13.04,922.63,37.41,35.03,52.85,302.58,22.74,12.51,179.2,45,65,700,0,1,1,CRITICAL
rice,maturity,0,91.15,887.13,41.87,38.31,88.07,63.66,76.54,0.55,96.31,45,65,700,0,1,0,POOR
rice,maturity,0,71.66,1423.31,26.81,21.29,71.52,71.3,346.15,9.35,172.07,45,65,700,0,1,0,MODERATE
rice,maturity,0,18.75,809.71,15.5,9.91,62.16,84.98,103.75,9.66,15.9,45,65,700,0,1,0,CRITICAL
rice,maturity,0,75.36,1380.46,19.47,16.9,80.43,72.13,4.84,5.75,20.86,45,65,700,0,1,0,POOR
rice,maturity,0,94.1,724.36,37.35,34.53,69.47,150.73,221.96,8.19,113.16,45,65,700,0,1,0,POOR
rice,maturity,0,73.74,694.14,20.95,16.91,60.41,13.7,163.52,389.28,96.73,45,65,700,0,0,1,MODERATE
rice,maturity,0,16.2,279.55,45.23,40.71,87.45,89.83,75.31,10.26,89.16,45,65,700,1,0,0,POOR
rice,maturity,0,48.63,1306.73,45.93,43.5,27.94,85.28,1380.2,78.12,158.5,45,65,700,0,1,1,CRITICAL
rice,maturity,0,81.91,319.0,22.34,18.03,41.2,66.13,262.41,14.93,57.4,45,65,700,0,0,0,GOOD
rice,maturity,0,98.34,1268.36,31.52,27.99,63.15,38.01,110.39,21.07,49.36,45,65,700,0,1,0,MODERATE
rice,maturity,0,63.63,1862.04,29.69,23.76,43.7,24.03,250.55,58.35,176.64,45,65,700,0,1,1,POOR
rice,maturity,0,71.44,1140.06,19.16,16.4,43.16,210.54,209.11,6.73,59.3,45,65,700,0,1,0,POOR
rice,maturity,0,30.99,1302.54,30.03,25.81,29.79,80.21,153.41,18.43,91.26,45,65,700,0,1,0,CRITICAL
rice,maturity,0,57.0,154.0,38.59,34.42,86.32,466.16,367.72,14.34,142.55,45,65,700,0,0,1,POOR
rice,maturity,0,34.42,1383.16,47.32,44.61,46.08,54.19,134.79,314.39,610.98,45,65,700,0,1,1,CRITICAL
rice,maturity,0,13.19,1504.54,36.21,33.21,60.59,12.96,250.42,311.11,59.17,45,65,700,0,1,1,CRITICAL
rice,maturity,0,54.52,391.15,39.2,35.75,34.91,33.2,192.76,22.87,3.53,45,65,700,0,0,0,MODERATE
rice,maturity,0,99.52,1992.33,43.3,41.05,96.26,61.27,127.87,8.93,30.18,45,65,700,0,1,0,POOR
rice,maturity,0,99.73,388.05,19.8,14.14,90.56,3.22,1146.15,1.1,89.96,45,65,700,0,0,1,POOR
rice,maturity,0,14.06,845.33,28.74,22.88,67.94,63.57,966.04,307.07,814.58,45,65,700,0,1,1,CRITICAL
rice,maturity,0,23.6,1020.57,34.16,30.84,87.15,402.31,103.75,97.81,119.09,45,65,700,0,1,1,CRITICAL
rice,maturity,0,29.8,708.22,27.59,21.7,20.45,493.16,190.64,120.76,2.75,45,65,700,0,1,1,CRITICAL
rice,maturity,0,35.78,221.78,43.36,39.0,92.17,68.84,255.48,21.15,157.27,45,65,700,1,0,0,POOR
rice,maturity,0,27.97,1187.47,37.36,31.37,22.44,9.12,328.64,22.42,11.63,45,65,700,0,1,0,CRITICAL
rice,maturity,0,72.88,712.37,27.54,21.7,25.1,77.37,297.03,17.69,116.21,45,65,700,0,1,0,POOR
rice,maturity,0,63.02,74.82,44.75,40.57,89.49,88.27,1114.61,19.7,199.18,45,65,700,0,0,1,POOR
rice,maturity,0,79.22,733.12,27.27,22.37,60.0,57.06,108.61,12.69,10.69,45,65,700,0,1,0,MODERATE
rice,maturity,0,58.12,873.94,24.38,18.76,34.78,68.14,350.56,11.43,734.9,45,65,700,0,1,1,POOR
rice,maturity,0,17.72,688.58,29.65,25.83,81.98,44.34,353.93,4.07,86.15,45,65,700,1,0,0,MODERATE
rice,maturity,0,27.29,568.87,27.67,23.18,55.2,39.24,31.56,2.29,705.46,45,65,700,1,0,1,POOR
rice,maturity,0,35.39,1775.85,28.17,24.57,52.43,9.81,136.35,3.81,173.33,45,65,700,0,1,0,POOR
rice,maturity,0,68.11,1993.37,22.67,19.55,97.75,17.88,372.94,7.87,178.15,45,65,700,0,1,0,MODERATE
rice,maturity,0,69.09,372.83,29.35,24.83,50.83,150.35,355.74,136.94,117.95,45,65,700,0,0,1,MODERATE
rice,maturity,0,86.07,68.86,22.27,17.61,91.61,68.53,295.18,7.29,158.1,45,65,700,0,0,0,GOOD
rice,maturity,0,88.71,147.71,31.91,27.98,80.1,226.67,228.68,24.97,84.03,45,65,700,0,0,0,GOOD
rice,maturity,0,63.73,70.94,44.03,40.25,94.53,49.55,298.06,2.97,65.64,45,65,700,0,0,0,MODERATE
rice,maturity,0,75.19,211.36,34.51,30.58,98.24,84.62,77.22,8.7,98.02,45,65,700,0,0,0,GOOD
rice,maturity,0,17.78,1483.97,42.5,36.88,65.76,75.36,65.69,11.84,145.25,45,65,700,0,1,0,CRITICAL
rice,maturity,0,15.27,1114.71,38.11,32.12,48.69,89.64,239.3,0.52,34.55,45,65,700,0,1,0,CRITICAL
rice,maturity,0,81.73,1606.87,40.59,36.49,42.77,80.94,73.58,16.31,182.23,45,65,700,0,1,0,POOR
rice,maturity,0,62.99,425.94,19.37,15.75,38.18,24.43,1282.64,2.8,29.23,45,65,700,0,0,1,POOR
rice,maturity,0,72.21,523.08,32.65,27.91,55.9,86.3,389.17,9.52,95.29,45,65,700,0,0,0,GOOD
rice,maturity,0,86.69,1742.43,37.24,32.58,67.81,20.29,813.01,21.12,184.65,45,65,700,0,1,0,POOR
rice,maturity,0,51.06,849.9,42.57,39.05,25.09,6.58,287.36,17.18,136.97,45,65,700,0,1,0,CRITICAL
rice,maturity,0,65.72,1956.8,29.09,25.52,57.14,7.62,48.57,10.04,164.9,45,65,700,0,1,0,MODERATE
rice,maturity,0,58.54,592.02,31.29,27.54,41.52,70.04,307.07,11.69,78.58,45,65,700,0,0,0,GOOD
rice,maturity,0,72.27,1436.85,27.46,23.81,49.9,308.67,278.54,268.87,31.63,45,65,700,0,1,1,POOR
rice,maturity,0,98.51,864.33,22.0,17.91,71.9,400.17,358.79,9.29,582.67,45,65,700,0,1,1,POOR
rice,maturity,0,93.42,97.64,47.62,42.78,61.63,38.95,249.08,6.88,115.69,45,65,700,0,0,0,MODERATE
rice,maturity,0,90.4,1242.29,18.82,14.77,59.78,362.4,942.08,8.56,97.24,45,65,700,0,1,1,CRITICAL
rice,maturity,0,79.42,1272.45,15.6,11.16,59.32,498.51,117.0,19.39,161.12,45,65,700,0,1,1,CRITICAL
rice,maturity,0,94.46,1045.29,30.42,25.73,40.9,32.48,330.65,24.28,102.18,45,65,700,0,1,0,MODERATE
rice,maturity,0,89.97,1981.91,33.76,28.66,88.72,70.1,28.4,9.81,105.97,45,65,700,0,1,0,MODERATE
rice,maturity,0,10.72,1692.93,46.51,41.64,78.69,223.17,309.39,13.64,141.0,45,65,700,0,1,0,CRITICAL
rice,maturity,0,49.06,558.23,20.7,18.14,49.31,172.04,306.1,230.7,687.88,45,65,700,0,0,1,MODERATE
rice,maturity,0,23.96,79.67,37.78,35.38,29.23,74.47,366.96,2.66,17.53,45,65,700,1,0,0,CRITICAL
rice,maturity,0,73.59,1746.97,40.9,36.77,28.2,70.98,336.99,21.79,70.96,45,65,700,0,1,0,CRITICAL
rice,maturity,0,15.68,1207.02,46.44,43.39,92.71,95.02,95.51,6.18,71.72,45,65,700,0,1,0,CRITICAL
rice,maturity,0,61.78,1957.29,42.16,38.41,62.93,27.95,1165.35,15.1,786.42,45,65,700,0,1,1,CRITICAL
rice,maturity,0,47.29,1029.15,32.23,29.45,75.16,90.3,295.29,17.39,110.0,45,65,700,0,1,0,MODERATE
rice,maturity,0,88.17,89.31,23.04,20.68,55.37,313.64,1037.7,10.65,189.76,45,65,700,0,0,1,MODERATE
rice,maturity,0,18.06,1010.7,44.73,39.23,23.75,30.37,292.0,16.58,192.24,45,65,700,0,1,0,CRITICAL
rice,maturity,0,30.73,858.23,16.08,13.54,45.58,34.2,388.87,8.19,134.59,45,65,700,0,1,0,CRITICAL
rice,maturity,0,23.42,93.17,22.22,19.79,82.84,11.25,29.35,5.89,40.36,45,65,700,1,0,0,MODERATE
rice,maturity,0,36.03,170.95,43.32,40.06,35.66,51.61,306.32,18.6,28.73,45,65,700,1,0,0,POOR
rice,maturity,0,49.42,1167.86,39.61,34.51,93.59,42.68,166.29,3.82,159.86,45,65,700,0,1,0,POOR
rice,maturity,0,47.32,1583.27,28.62,23.84,60.58,24.12,209.96,12.57,148.95,45,65,700,0,1,0,MODERATE
rice,maturity,0,66.85,1175.04,28.91,24.52,95.78,19.29,123.36,3.28,629.21,45,65,700,0,1,1,POOR
rice,maturity,0,84.77,1023.66,38.16,33.89,67.04,33.1,1287.08,24.08,37.14,45,65,700,0,1,1,CRITICAL
rice,maturity,0,35.62,1353.31,25.24,23.04,86.55,31.03,100.7,8.04,98.58,45,65,700,0,1,0,POOR
rice,maturity,0,64.1,1853.4,22.54,18.57,90.72,7.79,253.21,11.47,706.78,45,65,700,0,1,1,POOR
rice,maturity,0,70.73,1576.66,27.1,24.02,56.34,309.7,395.51,3.74,174.13,45,65,700,0,1,1,POOR
rice,maturity,0,26.62,1866.5,37.09,31.44,97.79,49.71,89.17,1.28,133.05,45,65,700,0,1,0,CRITICAL
rice,maturity,0,58.03,255.66,41.3,35.49,24.8,39.14,347.08,16.77,44.14,45,65,700,0,0,0,POOR
rice,maturity,0,41.09,1674.63,27.09,22.07,55.16,78.49,344.94,16.29,667.76,45,65,700,0,1,1,CRITICAL
rice,maturity,0,76.42,688.32,42.3,37.22,42.53,191.36,334.63,19.82,121.12,45,65,700,0,0,0,MODERATE
rice,maturity,0,31.02,1625.62,27.77,22.43,50.53,82.41,849.2,14.34,661.13,45,65,700,0,1,1,CRITICAL
rice,maturity,0,15.83,270.79,34.69,31.28,57.14,291.65,237.39,6.84,168.65,45,65,700,1,0,1,POOR
rice,maturity,0,91.44,1297.8,22.49,19.61,89.01,89.38,333.84,12.96,31.33,45,65,700,0,1,0,MODERATE
rice,maturity,0,86.91,208.26,42.84,39.67,72.39,4.01,147.5,20.83,55.79,45,65,700,0,0,0,MODERATE
rice,maturity,0,10.32,1574.28,38.08,35.56,98.79,60.81,359.47,3.06,121.81,45,65,700,0,1,0,CRITICAL
rice,maturity,0,78.89,747.88,41.44,38.05,80.65,342.91,392.5,1.57,456.39,45,65,700,0,1,1,CRITICAL
rice,maturity,0,57.72,601.71,26.56,23.47,68.14,93.0,330.6,24.59,197.94,45,65,700,0,0,0,GOOD
rice,maturity,0,94.22,1048.0,15.08,11.58,28.93,41.62,172.77,21.41,113.19,45,65,700,0,1,0,CRITICAL
rice,maturity,0,42.5,1264.25,22.62,16.94,65.99,92.0,990.58,0.92,83.37,45,65,700,0,1,0,POOR
maize,germination,0,76.31,730.75,46.17,41.33,53.74,42.65,282.55,18.09,124.8,60,80,800,0,0,0,MODERATE
maize,germination,0,95.33,1787.65,25.61,21.98,84.67,341.77,214.41,42.67,81.68,60,80,800,0,1,1,POOR
maize,germination,0,64.83,1238.53,24.79,19.45,33.27,5.31,112.92,16.92,860.95,60,80,800,0,1,1,POOR
maize,germination,0,97.19,1318.43,37.3,32.8,69.83,14.71,177.01,62.84,529.26,60,80,800,0,1,1,CRITICAL
maize,germination,0,53.44,314.49,27.68,25.22,36.02,303.38,234.39,8.6,171.59,60,80,800,1,0,1,POOR
maize,germination,0,38.62,710.74,39.8,34.66,38.37,97.29,1305.92,10.12,57.94,60,80,800,1,0,1,CRITICAL
maize,germination,0,15.81,997.66,29.07,24.22,71.65,18.52,1260.05,16.3,855.54,60,80,800,0,1,1,CRITICAL
maize,germination,0,54.71,615.89,40.41,37.88,81.25,193.72,394.2,6.15,41.19,60,80,800,1,0,0,POOR
maize,germination,0,16.38,700.17,15.59,10.59,71.26,6.27,235.98,366.31,112.28,60,80,800,1,0,1,CRITICAL
maize,germination,0,60.58,848.29,40.5,36.89,74.69,10.14,18.21,15.26,67.93,60,80,800,0,1,0,POOR
maize,germination,0,74.09,365.2,15.43,11.05,95.39,60.94,198.97,5.62,90.43,60,80,800,0,0,0,MODERATE
maize,germination,0,43.7,1727.72,32.01,27.87,88.86,49.05,71.45,389.43,63.12,60,80,800,0,1,1,CRITICAL
maize,germination,0,45.36,1418.27,15.55,12.96,86.37,64.56,362.06,145.75,87.47,60,80,800,0,1,1,CRITICAL
maize,germination,0,89.57,1227.66,37.89,34.33,22.33,482.19,377.47,21.11,78.24,60,80,800,0,1,1,CRITICAL
maize,germination,0,88.1,231.76,26.03,22.62,24.13,217.61,25.36,17.39,74.88,60,80,800,0,0,0,MODERATE
maize,germination,0,83.0,320.27,31.07,28.07,33.45,73.43,124.0,22.0,75.35,60,80,800,0,0,0,GOOD
maize,germination,0,63.46,609.93,42.98,40.38,49.37,12.49,109.02,13.59,101.8,60,80,800,0,0,0,MODERATE
maize,germination,0,59.11,697.93,46.26,40.88,98.61,69.22,265.33,22.04,778.43,60,80,800,1,0,1,CRITICAL
maize,germination,0,79.73,924.61,32.53,26.92,64.13,25.54,38.69,10.12,570.94,60,80,800,0,1,1,POOR
maize,germination,0,28.85,124.62,43.79,38.78,38.56,325.8,202.01,8.37,7.35,60,80,800,1,0,1,CRITICAL
maize,germination,0,88.07,1217.8,40.2,34.37,71.52,98.26,1129.56,14.0,101.17,60,80,800,0,1,1,CRITICAL
maize,germination,0,92.03,1693.11,34.36,30.86,26.96,46.96,94.18,15.96,20.64,60,80,800,0,1,0,POOR
maize,germination,0,85.84,1986.28,27.09,23.27,76.93,93.72,67.63,3.33,43.76,60,80,800,0,1,0,MODERATE
maize,germination,0,80.4,1250.85,25.4,20.52,82.59,93.39,1167.64,0.08,35.66,60,80,800,0,1,1,POOR
maize,germination,0,53.01,1638.67,29.88,25.64,20.22,36.57,191.61,5.24,173.08,60,80,800,0,1,0,CRITICAL
maize,germination,0,37.23,1935.06,24.3,19.95,99.47,337.72,280.55,8.36,419.05,60,80,800,0,1,1,CRITICAL
maize,germination,0,36.71,1994.3,46.49,40.73,84.89,22.06,103.87,24.24,633.06,60,80,800,0,1,1,CRITICAL
maize,germination,0,71.97,592.32,29.75,26.03,96.75,181.35,358.67,16.49,119.17,60,80,800,0,0,0,GOOD
maize,germination,0,93.91,642.89,46.01,43.01,45.16,62.84,828.17,4.91,166.55,60,80,800,0,0,0,MODERATE
maize,germination,0,92.62,528.76,23.06,17.8,28.47,326.29,58.99,21.51,130.57,60,80,800,0,0,1,POOR
maize,germination,0,73.88,1985.84,39.31,37.25,59.7,61.46,956.35,17.42,184.39,60,80,800,0,1,0,POOR
maize,germination,0,13.45,144.57,24.37,19.85,66.74,63.38,42.03,1.88,150.53,60,80,800,1,0,0,MODERATE
maize,germination,0,76.18,579.97,47.77,45.04,37.16,491.37,317.96,290.42,566.89,60,80,800,0,0,1,POOR
maize,germination,0,23.49,1894.56,31.75,26.04,46.94,71.6,201.75,6.28,451.06,60,80,800,0,1,1,CRITICAL
maize,germination,0,35.75,554.89,45.37,40.15,31.29,76.93,330.09,12.32,152.54,60,80,800,1,0,0,POOR
maize,germination,0,23.59,1655.97,25.35,21.53,54.3,77.25,29.4,23.68,31.31,60,80,800,0,1,0,POOR
maize,germination,0,84.3,190.27,21.48,18.28,70.14,193.47,136.42,5.57,79.21,60,80,800,0,0,0,GOOD
maize,germination,0,72.09,652.6,42.85,39.99,21.18,26.85,81.48,248.25,199.98,60,80,800,0,0,1,CRITICAL
maize,germination,0,44.78,1518.89,46.57,44.48,63.03,21.8,1185.67,13.8,87.62,60,80,800,0,1,1,CRITICAL
maize,germination,0,44.18,1217.1,34.15,29.6,48.15,31.58,101.21,6.08,131.0,60,80,800,0,1,0,POOR
maize,germination,0,92.18,1593.01,25.08,19.38,46.37,497.92,186.37,4.86,182.31,60,80,800,0,1,1,POOR
maize,germination,0,15.18,982.53,36.05,31.3,24.68,41.86,54.04,232.69,3.12,60,80,800,0,1,1,CRITICAL
maize,germination,0,10.58,343.78,28.96,23.75,42.54,62.57,205.7,21.16,769.21,60,80,800,1,0,1,POOR
maize,germination,0,11.24,908.71,36.38,31.57,34.09,97.22,8.21,3.53,137.38,60,80,800,0,1,0,CRITICAL
maize,germination,0,97.69,578.64,38.2,32.49,74.9,68.11,1290.09,0.84,148.6,60,80,800,0,0,1,POOR
maize,germination,0,39.22,941.77,22.12,16.65,66.89,94.46,68.35,1.23,61.44,60,80,800,0,1,0,POOR
maize,germination,0,15.75,615.18,25.11,22.47,60.65,255.34,124.21,14.04,174.35,60,80,800,1,0,1,POOR
maize,germination,0,17.81,92.2,34.6,29.15,66.76,21.32,288.71,10.21,161.99,60,80,800,1,0,0,MODERATE
maize,germination,0,71.43,1969.14,44.88,39.4,44.17,75.08,100.22,3.25,87.54,60,80,800,0,1,0,POOR
maize,germination,0,81.94,1464.56,21.67,16.92,20.86,289.59,156.16,381.64,36.17,60,80,800,0,1,1,CRITICAL
maize,germination,0,81.0,61.74,19.2,15.05,39.8,9.24,204.44,375.51,78.85,60,80,800,0,0,1,MODERATE
maize,germination,0,74.13,1947.07,32.74,28.74,34.99,63.38,10.43,5.19,142.34,60,80,800,0,1,0,MODERATE
maize,germination,0,36.61,1828.53,39.54,35.96,27.62,25.7,131.96,6.89,86.75,60,80,800,0,1,0,CRITICAL
maize,germination,0,83.31,1647.61,41.34,38.94,83.97,193.65,1186.69,24.73,150.89,60,80,800,0,1,1,CRITICAL
maize,germination,0,78.36,722.56,19.46,16.2,48.69,96.52,387.55,22.64,46.54,60,80,800,0,0,0,GOOD
maize,germination,0,69.31,1387.85,15.74,13.52,62.61,19.1,234.3,20.74,111.5,60,80,800,0,1,0,POOR
maize,germination,0,94.39,463.14,23.45,20.85,78.94,171.94,223.07,7.26,109.59,60,80,800,0,0,0,GOOD
maize,germination,0,36.5,1081.04,42.72,40.45,26.26,55.62,1252.38,4.22,113.06,60,80,800,0,1,1,CRITICAL
maize,germination,0,86.01,58.52,32.17,29.3,79.48,441.04,333.15,0.36,106.23,60,80,800,0,0,1,MODERATE
maize,germination,0,57.58,617.99,47.1,41.67,78.66,271.4,130.1,0.46,199.42,60,80,800,1,0,1,CRITICAL
maize,germination,0,81.15,442.46,31.01,26.58,32.82,77.86,1087.22,22.0,65.1,60,80,800,0,0,1,MODERATE
maize,germination,0,82.45,655.98,21.27,17.37,25.52,70.13,120.18,175.61,145.75,60,80,800,0,0,1,POOR
maize,germination,0,71.4,112.99,19.41,14.87,73.01,74.67,306.5,22.81,145.77,60,80,800,0,0,0,GOOD
maize,germination,0,15.94,1314.84,46.84,42.63,60.54,31.83,109.18,298.38,187.35,60,80,800,0,1,1,CRITICAL
maize,germination,0,76.68,264.69,37.1,31.98,78.07,95.19,104.7,22.62,165.34,60,80,800,0,0,0,MODERATE
maize,germination,0,33.61,1775.21,37.82,33.15,49.23,5.94,148.9,4.97,415.78,60,80,800,0,1,1,CRITICAL
maize,germination,0,27.87,265.13,34.04,31.72,68.2,85.06,157.79,79.82,108.85,60,80,800,1,0,1,POOR
maize,germination,0,83.57,1466.1,31.13,25.69,29.63,90.99,327.16,14.01,51.49,60,80,800,0,1,0,POOR
maize,germination,0,21.06,677.63,43.12,39.59,79.84,17.52,55.45,210.79,34.84,60,80,800,1,0,1,CRITICAL
maize,germination,0,14.81,1960.88,35.12,31.24,54.4,181.72,250.26,3.33,129.7,60,80,800,0,1,0,CRITICAL
maize,germination,0,64.31,160.2,35.1,30.89,72.42,447.63,1340.62,21.68,9.81,60,80,800,0,0,1,POOR
maize,germination,0,83.31,660.19,28.12,23.32,93.23,8.78,126.22,0.39,38.8,60,80,800,0,0,0,GOOD
maize,germination,0,67.03,415.58,42.35,36.87,61.87,91.26,293.63,1.67,519.94,60,80,800,0,0,1,POOR
maize,germination,0,63.76,512.65,31.41,28.53,98.72,159.18,288.43,16.17,17.41,60,80,800,0,0,0,GOOD
maize,germination,0,97.19,1515.55,20.24,16.88,32.84,170.61,376.88,9.0,133.73,60,80,800,0,1,0,MODERATE
maize,germination,0,90.18,208.71,30.39,25.28,24.87,70.53,5.17,5.84,59.39,60,80,800,0,0,0,MODERATE
maize,germination,0,35.61,788.82,21.58,15.7,61.38,271.27,1487.46,9.08,180.25,60,80,800,1,0,1,POOR
maize,germination,0,87.85,1568.23,27.98,22.6,23.76,78.2,197.29,13.62,153.7,60,80,800,0,1,0,POOR
maize,germination,0,68.02,1823.79,38.35,36.17,87.08,315.37,218.93,16.44,5.45,60,80,800,0,1,1,CRITICAL
maize,germination,0,59.69,620.86,47.47,44.31,55.28,10.33,223.8,9.2,155.99,60,80,800,1,0,0,POOR
maize,germination,0,95.98,814.45,32.36,28.94,67.69,97.82,161.72,24.64,660.24,60,80,800,0,1,1,POOR
maize,germination,0,57.08,405.73,15.73,12.31,93.46,99.66,223.26,17.68,24.32,60,80,800,1,0,0,POOR
maize,germination,0,91.34,1101.07,16.04,10.34,76.17,41.4,186.14,2.59,29.48,60,80,800,0,1,0,POOR
maize,germination,0,30.45,698.79,16.04,11.61,65.5,358.25,377.79,8.84,64.35,60,80,800,1,0,1,CRITICAL
maize,germination,0,77.42,529.51,25.62,22.38,49.02,422.28,277.24,12.21,93.0,60,80,800,0,0,1,MODERATE
maize,germination,0,86.9,869.84,37.04,34.8,62.36,4.5,1319.78,3.48,22.42,60,80,800,0,1,1,CRITICAL
maize,germination,0,56.41,1856.62,32.2,26.23,60.74,11.59,238.85,2.44,795.18,60,80,800,0,1,1,CRITICAL
maize,germination,0,23.39,1088.22,33.73,28.04,70.18,14.55,280.11,61.29,171.55,60,80,800,0,1,1,CRITICAL
maize,germination,0,16.54,130.89,18.36,16.01,63.79,21.54,278.2,6.08,117.26,60,80,800,1,0,0,MODERATE
maize,germination,0,14.93,1413.41,29.49,24.57,94.2,75.0,322.54,17.98,180.55,60,80,800,0,1,0,POOR
maize,germination,0,74.47,1777.51,15.01,10.26,81.36,20.99,298.7,20.41,400.02,60,80,800,0,1,1,CRITICAL
maize,germination,0,59.53,1259.66,36.93,32.69,88.54,60.97,68.45,17.48,85.72,60,80,800,0,1,0,CRITICAL
maize,germination,0,82.61,1934.31,30.0,24.86,93.36,68.33,387.98,22.17,190.58,60,80,800,0,1,0,MODERATE
maize,germination,0,47.85,1199.69,34.93,31.76,93.65,91.51,281.0,10.36,91.63,60,80,800,0,1,0,POOR
maize,germination,0,80.1,780.73,40.23,38.21,58.16,79.39,257.86,19.99,114.67,60,80,800,0,0,0,MODERATE
maize,germination,0,60.89,1604.55,29.46,23.62,41.74,74.46,321.0,13.01,193.66,60,80,800,0,1,0,MODERATE
maize,germination,0,71.32,1972.31,46.11,41.26,61.74,16.15,290.08,10.73,481.42,60,80,800,0,1,1,CRITICAL
maize,germination,0,16.84,1612.94,22.71,18.83,93.28,58.59,368.18,11.5,137.24,60,80,800,0,1,0,POOR
maize,germination,0,81.01,1716.34,45.38,42.74,44.31,86.04,348.33,11.16,178.46,60,80,800,0,1,0,POOR
maize,germination,0,39.31,525.24,35.59,31.81,92.84,49.16,315.71,21.55,122.16,60,80,800,1,0,0,POOR
maize,germination,0,13.05,1630.66,19.25,14.37,26.59,37.53,261.25,23.26,887.17,60,80,800,0,1,1,CRITICAL
maize,germination,0,38.57,1927.02,41.81,36.46,21.21,95.42,962.8,12.52,17.47,60,80,800,0,1,0,CRITICAL
maize,germination,0,41.49,650.0,21.93,19.24,71.23,91.94,1381.1,8.73,155.07,60,80,800,1,0,1,POOR
maize,germination,0,74.49,1923.15,20.45,14.46,51.37,72.32,279.23,12.22,187.12,60,80,800,0,1,0,MODERATE
maize,germination,0,23.94,1094.8,25.15,21.19,37.97,5.38,833.25,4.24,770.88,60,80,800,0,1,1,CRITICAL
maize,germination,0,43.36,844.32,29.29,23.6,75.41,24.76,105.43,2.9,58.17,60,80,800,0,1,0,POOR
maize,germination,0,21.34,1679.89,36.71,34.45,51.29,27.86,192.45,356.75,11.72,60,80,800,0,1,1,CRITICAL
maize,germination,0,95.24,543.18,39.49,37.27,70.5,419.12,145.93,10.42,178.9,60,80,800,0,0,1,POOR
maize,germination,0,90.11,1828.34,41.18,38.47,85.39,27.66,314.11,20.53,187.83,60,80,800,0,1,0,POOR
maize,germination,0,72.4,259.32,16.58,11.44,50.77,416.93,234.95,17.52,162.64,60,80,800,0,0,1,POOR
maize,germination,0,94.6,1113.26,35.3,29.57,94.53,254.16,272.33,10.4,164.71,60,80,800,0,1,1,CRITICAL
maize,germination,0,75.0,1717.01,27.78,25.32,87.4,49.82,63.7,5.1,158.6,60,80,800,0,1,0,MODERATE
maize,germination,0,44.32,726.92,42.76,40.62,97.98,64.82,1159.84,5.88,130.49,60,80,800,1,0,1,CRITICAL
maize,germination,0,98.21,430.81,36.0,31.7,65.2,61.51,360.04,317.4,190.23,60,80,800,0,0,1,POOR
maize,germination,0,92.3,1762.97,27.44,23.86,56.79,65.62,56.49,78.41,179.07,60,80,800,0,1,1,POOR
maize,germination,0,19.63,904.37,19.34,13.39,46.64,422.79,302.22,73.9,420.07,60,80,800,0,1,1,CRITICAL
maize,germination,0,54.04,1743.75,43.28,38.01,24.91,456.44,183.23,24.21,521.42,60,80,800,0,1,1,CRITICAL
maize,germination,0,10.98,61.22,31.66,27.71,33.07,294.08,3.7,3.8,46.98,60,80,800,1,0,1,POOR
maize,germination,0,68.52,1129.38,17.57,13.47,83.3,8.12,903.7,16.11,4.73,60,80,800,0,1,0,POOR
maize,germination,0,18.25,90.86,16.68,12.24,69.12,49.97,206.52,1.33,551.09,60,80,800,1,0,1,CRITICAL
maize,germination,0,64.27,933.59,22.34,17.39,92.33,23.53,390.79,178.35,154.27,60,80,800,0,1,1,POOR
maize,germination,0,94.42,1323.96,47.03,42.71,85.7,268.07,1338.1,8.47,152.3,60,80,800,0,1,1,CRITICAL
maize,germination,0,83.43,658.96,22.54,18.82,74.22,18.72,318.23,16.25,159.26,60,80,800,0,0,0,GOOD
maize,germination,0,36.11,1746.06,39.67,35.97,76.84,491.48,130.13,6.19,124.11,60,80,800,0,1,1,CRITICAL
maize,germination,0,26.45,644.39,29.8,26.34,98.63,317.89,139.06,19.31,54.65,60,80,800,1,0,1,POOR
maize,germination,0,16.57,1336.12,38.63,34.01,80.85,355.49,244.31,292.17,2.18,60,80,800,0,1,1,CRITICAL
maize,germination,0,51.03,1712.08,42.19,36.62,95.23,44.72,140.29,12.54,4.1,60,80,800,0,1,0,CRITICAL
maize,germination,0,51.1,1645.83,33.07,27.53,77.02,55.28,10.83,5.89,132.48,60,80,800,0,1,0,POOR
maize,germination,0,40.19,1412.53,30.63,26.56,67.36,76.88,225.29,123.22,99.4,60,80,800,0,1,1,CRITICAL
maize,germination,0,29.78,1039.53,16.31,10.69,85.48,72.58,398.69,14.54,199.71,60,80,800,0,1,0,CRITICAL
maize,germination,0,55.33,1436.67,40.55,38.55,60.4,23.52,266.58,23.51,13.86,60,80,800,0,1,0,CRITICAL
maize,germination,0,39.46,1396.01,17.01,11.58,85.33,98.55,159.71,7.85,110.4,60,80,800,0,1,0,CRITICAL
maize,germination,0,74.74,89.01,47.12,44.24,73.11,43.48,206.7,1.98,628.45,60,80,800,0,0,1,POOR
maize,germination,0,56.32,1496.67,37.54,32.14,37.26,75.38,138.72,7.06,97.99,60,80,800,0,1,0,CRITICAL
maize,germination,0,70.73,1568.16,43.84,41.22,85.83,299.57,181.8,314.56,157.48,60,80,800,0,1,1,CRITICAL
maize,germination,0,90.59,198.77,45.69,42.1,93.73,7.57,398.76,13.93,49.7,60,80,800,0,0,0,MODERATE
maize,germination,0,91.55,1829.82,16.81,14.49,39.61,25.51,235.09,8.47,69.25,60,80,800,0,1,0,POOR
maize,germination,0,22.36,961.35,20.15,16.29,37.68,73.87,800.69,16.79,122.33,60,80,800,0,1,0,POOR
maize,germination,0,89.84,528.04,28.14,24.83,81.7,91.65,394.72,24.57,858.91,60,80,800,0,0,1,MODERATE
maize,germination,0,85.78,1894.29,32.73,30.71,20.88,54.46,160.16,21.41,89.39,60,80,800,0,1,0,POOR
maize,germination,0,39.57,249.97,23.74,21.22,43.58,373.2,274.3,18.2,169.26,60,80,800,1,0,1,POOR
maize,germination,0,10.82,1595.44,24.41,22.37,84.4,389.82,216.47,7.63,32.71,60,80,800,0,1,1,CRITICAL
maize,germination,0,51.85,1324.24,30.55,27.97,60.62,90.68,237.54,23.54,49.32,60,80,800,0,1,0,POOR
maize,germination,0,45.77,798.71,36.71,34.33,78.85,4.29,1480.29,334.86,51.9,60,80,800,1,0,1,CRITICAL
maize,germination,0,47.2,1138.61,38.56,36.44,43.24,60.85,260.66,15.73,65.27,60,80,800,0,1,0,CRITICAL
maize,germination,0,59.22,1539.11,33.99,28.69,30.21,43.56,278.31,2.36,198.7,60,80,800,0,1,0,POOR
maize,germination,0,56.33,1742.45,47.9,42.78,69.0,7.9,310.23,7.39,136.8,60,80,800,0,1,0,CRITICAL
maize,germination,0,67.0,270.87,36.76,31.05,97.54,23.59,360.18,10.18,82.06,60,80,800,0,0,0,MODERATE
maize,germination,0,97.81,1878.68,29.11,24.22,86.36,89.89,128.09,12.41,433.22,60,80,800,0,1,1,POOR
maize,germination,0,94.52,1254.92,44.09,41.56,83.8,11.91,234.24,9.18,43.06,60,80,800,0,1,0,POOR
maize,germination,0,44.78,1094.81,36.42,33.02,43.52,47.53,24.83,24.05,9.08,60,80,800,0,1,0,CRITICAL
maize,germination,0,66.12,422.41,28.36,24.2,87.49,6.04,391.16,17.74,164.03,60,80,800,0,0,0,GOOD
maize,germination,0,19.43,1602.98,23.33,21.09,52.1,81.99,1.45,344.52,151.11,60,80,800,0,1,1,CRITICAL
maize,germination,0,26.58,598.49,32.03,27.09,27.57,29.67,375.55,7.2,50.41,60,80,800,1,0,0,POOR
maize,germination,0,28.14,1319.7,39.18,36.68,42.16,22.13,285.48,3.55,29.29,60,80,800,0,1,0,CRITICAL
maize,germination,0,77.5,1586.06,33.95,31.59,91.21,96.56,336.78,11.96,185.97,60,80,800,0,1,0,MODERATE
maize,germination,0,62.7,1392.94,19.63,16.19,92.44,56.72,207.29,15.76,430.91,60,80,800,0,1,1,POOR
maize,germination,0,22.79,1364.14,27.91,24.31,81.19,49.95,237.16,324.12,75.34,60,80,800,0,1,1,CRITICAL
maize,germination,0,42.29,853.5,42.56,38.51,78.49,312.57,89.73,17.61,133.96,60,80,800,0,1,1,CRITICAL
maize,germination,0,23.78,821.71,36.65,31.33,83.32,72.17,1405.38,23.79,129.74,60,80,800,0,1,1,CRITICAL
maize,germination,0,79.3,750.97,20.92,18.1,20.96,35.03,251.28,6.32,194.2,60,80,800,0,0,0,MODERATE
maize,germination,0,85.67,820.62,44.67,41.63,51.46,462.42,229.74,24.39,89.97,60,80,800,0,1,1,CRITICAL
maize,germination,0,73.26,1710.37,31.74,27.82,47.22,17.71,320.28,264.41,33.54,60,80,800,0,1,1,POOR
maize,germination,0,34.45,1494.47,40.69,35.36,45.03,68.16,185.19,4.05,123.61,60,80,800,0,1,0,CRITICAL
maize,germination,0,15.96,942.06,39.34,36.71,41.73,23.2,141.04,2.03,186.91,60,80,800,0,1,0,CRITICAL
maize,germination,0,75.78,481.93,44.81,40.84,74.31,14.59,127.61,16.01,129.94,60,80,800,0,0,0,MODERATE
maize,germination,0,18.47,479.72,22.38,16.64,54.6,4.21,235.55,9.25,91.65,60,80,800,1,0,0,MODERATE
maize,germination,0,81.39,1340.28,28.55,24.53,97.38,66.16,193.29,74.95,436.87,60,80,800,0,1,1,POOR
maize,germination,0,32.67,93.39,19.48,14.85,98.22,11.15,298.01,238.91,102.22,60,80,800,1,0,1,POOR
maize,germination,0,81.78,307.7,17.4,14.65,79.69,59.17,132.89,22.54,93.46,60,80,800,0,0,0,MODERATE
maize,germination,0,87.7,550.04,33.84,28.47,93.66,48.58,101.29,155.6,613.0,60,80,800,0,0,1,MODERATE
maize,germination,0,23.79,978.3,36.35,34.13,77.36,9.99,371.56,13.89,82.03,60,80,800,0,1,0,CRITICAL
maize,germination,0,21.66,421.8,41.98,37.34,70.48,41.82,1157.15,23.89,108.65,60,80,800,1,0,1,CRITICAL
maize,germination,0,61.66,1806.13,40.74,35.6,32.79,35.84,231.82,10.96,178.37,60,80,800,0,1,0,POOR
maize,germination,0,84.41,1993.78,38.99,36.93,38.14,97.18,94.74,47.86,36.68,60,80,800,0,1,1,CRITICAL
maize,germination,0,58.61,207.19,40.3,35.96,26.89,341.46,366.65,3.02,47.64,60,80,800,1,0,1,CRITICAL
maize,germination,0,75.45,1682.71,40.88,37.78,52.13,41.33,180.99,20.5,132.63,60,80,800,0,1,0,POOR
maize,germination,0,68.08,336.53,26.28,20.65,92.9,395.82,383.42,10.39,802.44,60,80,800,0,0,1,MODERATE
maize,germination,0,14.63,1077.95,18.55,15.74,92.02,49.68,166.73,8.15,813.52,60,80,800,0,1,1,CRITICAL
maize,germination,0,86.1,1717.63,34.05,29.97,52.5,81.81,802.64,18.22,163.58,60,80,800,0,1,0,MODERATE
maize,germination,0,82.39,536.24,16.38,13.57,36.05,6.52,353.75,15.98,74.7,60,80,800,0,0,0,MODERATE
maize,germination,0,17.15,917.83,40.91,38.78,66.87,59.45,111.53,18.41,164.01,60,80,800,0,1,0,CRITICAL
maize,germination,0,98.62,470.54,38.57,34.44,85.35,424.38,292.92,5.12,112.29,60,80,800,0,0,1,POOR
maize,germination,0,43.22,1022.88,21.98,19.29,60.67,58.59,1131.22,23.18,95.21,60,80,800,0,1,1,CRITICAL
maize,germination,0,39.38,1299.94,15.07,9.2,38.57,91.71,93.95,15.99,879.15,60,80,800,0,1,1,CRITICAL
maize,germination,0,49.06,1167.99,46.93,41.0,55.99,84.74,65.93,12.77,893.68,60,80,800,0,1,1,CRITICAL
maize,germination,0,44.92,1832.14,26.31,21.64,97.33,39.03,1201.91,377.55,50.75,60,80,800,0,1,1,CRITICAL
maize,germination,0,56.62,237.12,47.79,42.78,55.02,61.82,372.33,13.28,12.98,60,80,800,1,0,0,POOR
maize,germination,0,10.53,236.37,21.84,18.45,63.28,246.66,1146.82,15.63,3.99,60,80,800,1,0,1,POOR
maize,germination,0,19.94,951.21,45.21,42.39,56.89,433.77,303.71,8.74,193.0,60,80,800,0,1,1,CRITICAL
maize,germination,0,58.53,343.71,30.22,26.04,96.06,36.65,96.99,11.32,197.68,60,80,800,1,0,0,MODERATE
maize,germination,0,20.71,972.55,24.45,18.87,34.5,45.87,332.1,19.8,776.69,60,80,800,0,1,1,CRITICAL
maize,germination,0,65.83,1720.26,32.06,29.13,21.16,65.34,277.87,10.68,421.22,60,80,800,0,1,1,CRITICAL
maize,germination,0,99.4,1215.75,25.94,23.05,42.12,5.01,287.39,13.62,98.35,60,80,800,0,1,0,MODERATE
maize,germination,0,90.26,449.1,43.34,40.14,95.28,474.4,58.2,199.9,97.71,60,80,800,0,0,1,POOR
maize,germination,0,97.15,1577.54,22.4,19.19,27.81,64.45,355.25,9.94,81.61,60,80,800,0,1,0,POOR
maize,germination,0,44.13,1576.65,40.05,34.85,96.3,292.66,203.47,5.6,844.23,60,80,800,0,1,1,CRITICAL
maize,germination,0,62.81,1688.95,21.06,15.45,60.51,6.72,17.42,135.64,47.11,60,80,800,0,1,1,POOR
maize,germination,0,87.34,804.76,43.9,40.53,35.76,32.96,269.16,8.69,137.25,60,80,800,0,1,0,POOR
maize,germination,0,74.97,506.49,47.17,42.51,56.19,15.75,171.8,4.81,88.8,60,80,800,0,0,0,MODERATE
maize,vegetative,0,37.72,803.1,25.09,20.71,46.61,72.57,124.11,12.9,37.83,55,75,800,0,1,0,POOR
maize,vegetative,0,37.02,1386.1,41.58,38.07,79.75,88.37,330.95,19.0,13.44,55,75,800,0,1,0,CRITICAL
maize,vegetative,0,36.48,1194.42,25.22,20.48,85.76,42.04,336.05,7.47,166.33,55,75,800,0,1,0,POOR
maize,vegetative,0,22.5,964.12,47.96,45.32,95.81,82.43,85.41,16.1,59.84,55,75,800,0,1,0,CRITICAL
maize,vegetative,0,18.19,563.33,27.25,21.85,83.4,44.28,136.34,15.48,76.91,55,75,800,1,0,0,MODERATE
maize,vegetative,0,89.55,717.45,19.13,14.73,50.08,81.55,123.3,15.17,745.55,55,75,800,0,0,1,MODERATE
maize,vegetative,0,20.61,169.68,25.26,22.72,62.07,51.9,388.53,8.46,108.94,55,75,800,1,0,0,MODERATE
maize,vegetative,0,74.07,1479.18,15.69,12.11,91.21,52.03,97.34,2.17,156.28,55,75,800,0,1,0,POOR
maize,vegetative,0,61.6,848.64,24.31,21.21,83.82,97.4,14.63,291.1,177.16,55,75,800,0,1,1,POOR
maize,vegetative,0,37.73,1038.7,31.57,27.13,34.89,65.56,95.84,21.88,8.24,55,75,800,0,1,0,POOR
maize,vegetative,0,99.06,1090.72,24.54,19.91,42.02,257.88,242.06,8.71,38.85,55,75,800,0,1,1,POOR
maize,vegetative,0,65.2,721.91,25.2,22.37,52.72,19.55,365.32,5.78,427.85,55,75,800,0,0,1,MODERATE
maize,vegetative,0,98.23,890.53,35.25,31.45,45.75,309.62,1207.48,5.44,51.02,55,75,800,0,1,1,CRITICAL
maize,vegetative,0,45.33,1754.5,35.41,31.78,62.75,95.4,385.01,3.63,130.98,55,75,800,0,1,0,CRITICAL
maize,vegetative,0,53.67,1917.68,29.08,25.66,99.84,53.2,77.98,6.77,101.74,55,75,800,0,1,0,POOR
maize,vegetative,0,95.29,1108.57,17.09,12.32,24.94,73.89,292.88,162.22,100.58,55,75,800,0,1,1,CRITICAL
maize,vegetative,0,52.98,171.68,35.8,33.48,34.03,25.88,338.65,9.88,20.34,55,75,800,1,0,0,POOR
maize,vegetative,0,74.56,440.02,30.18,27.12,56.12,76.91,371.35,15.35,121.56,55,75,800,0,0,0,GOOD
maize,vegetative,0,82.73,1126.7,15.06,10.51,79.91,312.63,119.25,13.97,60.66,55,75,800,0,1,1,CRITICAL
maize,vegetative,0,63.72,360.88,35.94,32.22,21.49,53.98,386.22,2.86,118.56,55,75,800,0,0,0,POOR
maize,vegetative,0,63.43,1829.09,29.92,27.02,32.94,40.0,51.62,6.07,152.26,55,75,800,0,1,0,MODERATE
maize,vegetative,0,18.83,1873.62,26.12,20.13,98.29,77.88,34.73,24.31,103.79,55,75,800,0,1,0,POOR
maize,vegetative,0,67.19,1869.25,34.66,29.24,89.02,51.88,178.35,24.85,168.24,55,75,800,0,1,0,MODERATE
maize,vegetative,0,73.68,887.22,18.01,12.17,54.58,66.54,381.1,24.54,122.27,55,75,800,0,1,0,MODERATE
maize,vegetative,0,16.63,1112.47,33.24,27.74,78.0,24.96,918.29,319.0,60.46,55,75,800,0,1,1,CRITICAL
maize,vegetative,0,24.75,1354.16,37.58,34.43,22.2,19.98,1073.97,155.11,129.13,55,75,800,0,1,1,CRITICAL
maize,vegetative,0,46.97,504.33,27.76,23.65,62.24,76.17,231.24,22.53,442.32,55,75,800,1,0,1,POOR
maize,vegetative,0,19.62,1148.3,25.89,22.17,68.81,310.15,237.12,17.9,29.64,55,75,800,0,1,1,CRITICAL
maize,vegetative,0,51.29,368.73,23.31,19.84,25.56,58.43,160.92,13.94,159.5,55,75,800,1,0,0,POOR
maize,vegetative,0,55.5,644.89,39.01,34.8,58.19,430.8,251.74,13.26,106.39,55,75,800,0,0,1,POOR
maize,vegetative,0,70.31,1004.95,29.42,26.26,50.61,34.98,37.05,10.76,157.95,55,75,800,0,1,0,MODERATE
maize,vegetative,0,15.39,1357.3,22.95,19.69,35.67,77.58,267.19,15.83,57.42,55,75,800,0,1,0,POOR
maize,vegetative,0,70.32,938.65,46.3,43.59,74.0,57.65,319.66,24.46,118.19,55,75,800,0,1,0,POOR
maize,vegetative,0,75.64,1671.86,21.98,17.42,23.22,6.89,231.91,296.99,143.43,55,75,800,0,1,1,CRITICAL
maize,vegetative,0,11.38,1404.61,22.62,17.19,57.31,53.06,1456.9,23.67,132.67,55,75,800,0,1,1,CRITICAL
maize,vegetative,0,10.51,317.95,29.49,26.91,92.13,80.57,1362.13,24.94,50.07,55,75,800,1,0,1,POOR
maize,vegetative,0,82.58,1091.21,41.2,38.1,60.64,56.4,374.68,19.67,37.9,55,75,800,0,1,0,POOR
maize,vegetative,0,29.19,1249.43,29.77,27.13,62.55,28.15,236.04,6.44,27.81,55,75,800,0,1,0,POOR
maize,vegetative,0,49.55,336.82,18.31,15.12,83.84,36.45,222.12,9.88,142.48,55,75,800,1,0,0,MODERATE
maize,vegetative,0,57.66,804.96,38.12,33.79,26.54,64.31,350.31,22.61,162.82,55,75,800,0,1,0,CRITICAL
maize,vegetative,0,92.39,500.16,23.48,20.03,88.76,227.02,103.28,0.18,37.51,55,75,800,0,0,0,GOOD
maize,vegetative,0,97.22,1290.42,37.85,34.98,91.42,452.54,50.26,21.65,130.53,55,75,800,0,1,1,CRITICAL
maize,vegetative,0,53.93,471.5,30.96,25.14,87.18,94.16,1446.04,17.08,29.44,55,75,800,1,0,1,POOR
maize,vegetative,0,86.95,956.84,36.81,34.71,39.99,43.63,305.82,2.45,159.08,55,75,800,0,1,0,POOR
maize,vegetative,0,94.09,90.22,15.37,10.29,71.71,29.3,76.98,251.09,750.35,55,75,800,0,0,1,POOR
maize,vegetative,0,28.24,745.13,47.33,41.4,37.86,6.64,1233.16,8.26,8.37,55,75,800,1,0,1,CRITICAL
maize,vegetative,0,45.32,1798.72,22.97,18.15,44.19,344.84,1232.11,19.74,100.38,55,75,800,0,1,1,CRITICAL
maize,vegetative,0,21.52,1161.32,31.24,27.17,90.31,89.48,1163.71,16.24,125.44,55,75,800,0,1,1,CRITICAL
maize,vegetative,0,26.0,115.51,26.15,22.44,24.94,270.43,61.76,4.73,82.52,55,75,800,1,0,1,CRITICAL
maize,vegetative,0,18.38,640.65,31.43,28.69,57.32,83.63,64.36,9.02,20.09,55,75,800,1,0,0,MODERATE
maize,vegetative,0,32.95,396.85,20.71,16.25,65.09,17.6,38.83,245.9,88.83,55,75,800,1,0,1,POOR
maize,vegetative,0,72.77,766.85,43.51,41.39,55.18,51.1,170.99,19.34,199.89,55,75,800,0,0,0,MODERATE
maize,vegetative,0,27.56,662.34,29.93,24.52,82.27,85.12,113.3,3.57,162.05,55,75,800,1,0,0,MODERATE
maize,vegetative,0,99.93,1709.53,39.81,35.16,53.74,73.05,318.51,13.98,3.48,55,75,800,0,1,0,POOR
maize,vegetative,0,58.85,69.11,30.5,27.34,58.2,40.47,1395.72,4.44,99.84,55,75,800,0,0,1,MODERATE
maize,vegetative,0,20.25,1050.91,32.2,26.31,72.4,28.78,302.61,1.02,192.78,55,75,800,0,1,0,POOR
maize,vegetative,0,44.34,392.89,38.86,34.03,36.05,176.95,93.23,297.06,36.52,55,75,800,1,0,1,CRITICAL
maize,vegetative,0,98.25,632.89,15.24,11.17,32.06,4.45,184.28,15.75,39.93,55,75,800,0,0,0,MODERATE
maize,vegetative,0,50.15,1560.1,27.12,24.47,40.12,21.47,1091.35,281.14,101.59,55,75,800,0,1,1,CRITICAL
maize,vegetative,0,99.26,1265.03,40.71,36.54,40.73,35.48,236.59,22.11,54.58,55,75,800,0,1,0,POOR
maize,vegetative,0,41.83,250.43,32.92,29.72,72.86,31.92,397.02,13.53,140.18,55,75,800,1,0,0,MODERATE
maize,vegetative,0,78.97,1166.22,44.46,41.35,39.37,86.96,141.25,141.25,180.3,55,75,800,0,1,1,CRITICAL
maize,vegetative,0,39.88,525.29,41.9,39.48,58.99,63.44,231.01,245.03,43.5,55,75,800,1,0,1,CRITICAL
maize,vegetative,0,84.35,224.8,24.91,22.68,49.72,98.13,2.43,3.24,21.32,55,75,800,0,0,0,GOOD
maize,vegetative,0,97.16,1204.68,38.76,34.15,31.55,59.49,227.59,0.86,463.71,55,75,800,0,1,1,CRITICAL
maize,vegetative,0,79.22,1992.51,23.38,19.43,38.92,62.28,28.76,15.44,92.34,55,75,800,0,1,0,MODERATE
maize,vegetative,0,20.12,1985.68,15.75,11.55,44.73,50.36,222.74,9.59,145.0,55,75,800,0,1,0,CRITICAL
maize,vegetative,0,16.62,282.8,20.31,16.18,97.67,35.72,926.81,1.41,60.54,55,75,800,1,0,0,MODERATE
maize,vegetative,0,70.08,1950.88,35.01,30.13,27.04,308.85,155.28,6.48,50.78,55,75,800,0,1,1,CRITICAL
maize,vegetative,0,15.79,1780.36,19.14,16.88,65.04,50.24,114.82,8.37,823.81,55,75,800,0,1,1,CRITICAL
maize,vegetative,0,58.32,469.16,45.22,42.46,23.87,404.44,254.91,257.51,100.54,55,75,800,0,0,1,CRITICAL
maize,vegetative,0,32.03,708.82,16.44,10.82,61.25,67.09,234.59,21.95,40.39,55,75,800,1,0,0,POOR
maize,vegetative,0,36.16,866.34,29.69,24.05,28.28,27.97,252.25,13.93,818.98,55,75,800,0,1,1,CRITICAL
maize,vegetative,0,64.49,1077.49,15.58,13.3,32.49,5.48,254.94,139.99,17.28,55,75,800,0,1,1,CRITICAL
maize,vegetative,0,56.14,262.24,17.34,13.62,79.34,26.94,1434.51,12.9,190.82,55,75,800,0,0,1,POOR
maize,vegetative,0,43.21,1972.04,27.15,23.74,71.0,96.15,301.84,21.49,681.24,55,75,800,0,1,1,CRITICAL
maize,vegetative,0,42.01,455.96,30.06,27.22,59.87,366.1,66.48,267.92,691.23,55,75,800,1,0,1,POOR
maize,vegetative,0,10.87,1280.28,30.67,27.28,70.2,5.27,122.77,339.1,661.22,55,75,800,0,1,1,CRITICAL
maize,vegetative,0,92.88,848.01,24.35,21.96,58.33,94.63,45.15,169.88,24.06,55,75,800,0,1,1,POOR
maize,vegetative,0,87.39,56.47,21.27,18.39,96.0,15.37,1390.83,13.46,52.91,55,75,800,0,0,1,MODERATE
maize,vegetative,0,47.27,1376.47,28.24,25.79,77.52,82.41,382.65,6.5,841.28,55,75,800,0,1,1,CRITICAL
maize,vegetative,0,82.73,963.93,38.88,33.51,57.22,78.51,210.44,245.68,195.26,55,75,800,0,1,1,CRITICAL
maize,vegetative,0,70.9,858.63,15.8,12.41,84.54,79.74,231.8,0.28,134.97,55,75,800,0,1,0,POOR
maize,vegetative,0,10.65,541.93,35.9,33.61,28.61,64.7,1462.0,7.69,195.1,55,75,800,1,0,1,CRITICAL
maize,vegetative,0,79.13,1019.99,41.26,38.21,29.78,42.52,254.1,294.5,33.6,55,75,800,0,1,1,CRITICAL
maize,vegetative,0,31.81,784.68,32.84,29.92,38.21,77.78,980.66,16.82,119.7,55,75,800,1,0,0,MODERATE
maize,vegetative,0,33.62,1181.05,38.31,36.18,65.39,17.05,124.35,209.24,70.48,55,75,800,0,1,1,CRITICAL
maize,vegetative,0,55.79,1127.51,25.86,21.97,42.34,0.6,308.39,0.93,121.2,55,75,800,0,1,0,MODERATE
maize,vegetative,0,83.51,457.71,26.03,21.37,64.89,46.09,296.57,21.77,164.08,55,75,800,0,0,0,GOOD
maize,vegetative,0,92.79,1173.92,21.14,18.63,40.78,10.35,89.36,14.13,16.12,55,75,800,0,1,0,MODERATE
maize,vegetative,0,13.77,1504.86,22.36,16.6,58.91,44.63,242.92,20.21,51.89,55,75,800,0,1,0,POOR
maize,vegetative,0,29.14,496.85,25.07,20.36,91.15,67.46,27.57,8.2,133.3,55,75,800,1,0,0,MODERATE
maize,vegetative,0,76.47,1483.08,47.51,44.33,71.58,85.55,165.78,328.01,138.86,55,75,800,0,1,1,CRITICAL
maize,vegetative,0,87.82,822.84,23.71,19.46,53.67,65.17,341.37,10.92,76.22,55,75,800,0,1,0,MODERATE
maize,vegetative,0,95.61,1794.21,31.94,27.36,24.64,69.57,87.87,16.34,163.45,55,75,800,0,1,0,POOR
maize,vegetative,0,28.89,862.23,45.61,41.35,92.15,480.45,1.31,1.0,124.16,55,75,800,0,1,1,CRITICAL
maize,vegetative,0,52.88,912.15,39.98,36.86,37.4,25.59,188.61,9.27,163.61,55,75,800,0,1,0,CRITICAL
maize,vegetative,0,99.39,1525.06,37.52,33.9,64.42,162.42,358.59,18.53,84.55,55,75,800,0,1,0,POOR
maize,vegetative,0,18.53,1147.79,40.14,34.99,31.84,52.55,170.05,21.49,46.83,55,75,800,0,1,0,CRITICAL
maize,vegetative,0,72.36,467.25,45.85,41.78,56.81,43.43,51.44,1.85,55.12,55,75,800,0,0,0,MODERATE
maize,vegetative,0,68.53,870.61,46.74,43.65,66.22,30.91,18.36,8.53,492.72,55,75,800,0,1,1,CRITICAL
maize,vegetative,0,63.07,810.73,41.45,37.35,39.33,288.9,952.97,3.04,121.17,55,75,800,0,1,1,CRITICAL
maize,vegetative,0,62.42,1381.93,37.45,32.9,60.02,51.95,261.95,133.68,151.88,55,75,800,0,1,1,CRITICAL
maize,vegetative,0,19.98,1802.58,44.46,42.02,83.78,44.66,245.73,7.96,100.5,55,75,800,0,1,0,CRITICAL
maize,vegetative,0,43.1,1483.83,34.92,30.3,36.85,32.55,106.02,24.95,23.76,55,75,800,0,1,0,POOR
maize,vegetative,0,91.24,272.19,25.41,23.05,52.59,91.16,213.21,3.74,10.73,55,75,800,0,0,0,GOOD
maize,vegetative,0,64.64,557.36,39.0,33.9,93.64,58.49,103.12,0.48,21.61,55,75,800,0,0,0,MODERATE
maize,vegetative,0,75.79,1675.81,33.03,29.13,50.74,19.29,186.0,4.85,671.29,55,75,800,0,1,1,POOR
maize,vegetative,0,83.16,1812.24,15.98,13.42,26.78,26.32,1432.23,4.09,90.67,55,75,800,0,1,1,CRITICAL
maize,vegetative,0,89.42,1358.18,43.88,37.91,61.44,9.33,41.42,24.4,95.21,55,75,800,0,1,0,POOR
maize,vegetative,0,58.21,110.79,37.65,33.7,83.28,81.53,281.29,6.49,65.58,55,75,800,0,0,0,MODERATE
maize,vegetative,0,34.58,149.4,27.32,21.9,59.87,96.48,77.33,15.1,8.67,55,75,800,1,0,0,MODERATE
maize,vegetative,0,45.25,1098.16,35.21,32.61,53.39,33.56,63.94,22.36,62.32,55,75,800,0,1,0,CRITICAL
maize,vegetative,0,27.69,460.75,47.77,43.48,31.12,27.22,318.87,8.28,61.61,55,75,800,1,0,0,POOR
maize,vegetative,0,65.55,1711.86,18.97,13.38,26.36,34.89,1359.24,4.53,187.19,55,75,800,0,1,1,CRITICAL
maize,vegetative,0,15.38,1772.23,37.25,33.77,35.24,81.65,177.53,2.24,502.2,55,75,800,0,1,1,CRITICAL
maize,vegetative,0,29.58,1291.51,44.07,41.93,86.3,41.06,278.21,23.69,33.83,55,75,800,0,1,0,CRITICAL
maize,vegetative,0,28.53,1738.13,31.43,27.96,73.0,34.14,123.93,20.13,139.22,55,75,800,0,1,0,POOR
maize,vegetative,0,99.54,337.9,34.56,29.02,74.98,88.09,340.51,3.69,53.72,55,75,800,0,0,0,GOOD
maize,vegetative,0,11.07,1293.06,32.87,29.99,80.24,30.35,270.46,9.91,89.55,55,75,800,0,1,0,POOR
maize,vegetative,0,85.99,1092.91,46.14,43.82,61.14,76.65,388.94,12.14,78.65,55,75,800,0,1,0,POOR
maize,vegetative,0,45.49,1833.37,43.09,39.27,20.02,90.09,60.94,14.49,97.13,55,75,800,0,1,0,CRITICAL
maize,vegetative,0,75.58,418.5,40.39,37.0,62.44,60.92,264.68,16.6,609.31,55,75,800,0,0,1,POOR
maize,vegetative,0,35.68,1086.3,39.53,37.47,92.04,38.66,58.27,21.19,26.26,55,75,800,0,1,0,CRITICAL
maize,vegetative,0,54.99,464.74,35.94,33.31,35.2,496.93,1176.98,191.24,46.84,55,75,800,1,0,1,CRITICAL
maize,vegetative,0,18.63,777.64,28.98,24.79,99.33,22.1,243.05,6.15,34.24,55,75,800,1,0,0,MODERATE
maize,vegetative,0,98.44,1706.11,39.23,33.68,78.84,90.34,298.76,8.51,657.43,55,75,800,0,1,1,CRITICAL
maize,vegetative,0,76.78,1678.74,44.16,40.49,47.68,5.76,1064.68,10.49,697.76,55,75,800,0,1,1,CRITICAL
maize,vegetative,0,56.58,1875.8,40.95,35.76,54.88,217.17,383.76,6.13,168.71,55,75,800,0,1,0,POOR
maize,vegetative,0,84.88,226.68,26.69,20.88,75.93,75.49,81.28,10.27,132.1,55,75,800,0,0,0,GOOD
maize,vegetative,0,46.75,1689.85,19.78,15.57,74.28,329.32,204.89,14.81,31.36,55,75,800,0,1,1,CRITICAL
maize,vegetative,0,50.87,774.85,44.39,39.94,90.09,52.7,328.81,8.24,27.05,55,75,800,1,0,0,POOR
maize,vegetative,0,44.73,1283.47,32.7,28.5,39.88,52.15,229.05,5.49,195.79,55,75,800,0,1,0,POOR
maize,vegetative,0,68.78,1314.57,46.35,40.92,83.52,95.16,1236.9,198.16,75.91,55,75,800,0,1,1,CRITICAL
maize,vegetative,0,72.54,1872.52,27.63,25.54,22.23,89.2,21.84,3.01,105.08,55,75,800,0,1,0,POOR
maize,vegetative,0,70.93,1044.08,46.12,42.52,38.38,32.66,141.7,0.13,813.31,55,75,800,0,1,1,CRITICAL
maize,vegetative,0,47.09,1494.01,17.46,15.23,29.98,44.86,259.15,10.31,47.25,55,75,800,0,1,0,CRITICAL
maize,vegetative,0,81.61,712.49,27.77,22.51,37.81,11.92,239.86,10.71,174.55,55,75,800,0,0,0,GOOD
maize,vegetative,0,32.81,252.82,25.64,21.49,97.89,39.94,69.22,1.53,108.85,55,75,800,1,0,0,MODERATE
maize,vegetative,0,52.43,691.67,23.75,18.05,43.28,43.64,74.37,10.16,38.41,55,75,800,1,0,0,MODERATE
maize,vegetative,0,66.97,1220.03,39.41,37.18,78.51,27.27,335.53,19.85,29.75,55,75,800,0,1,0,POOR
maize,vegetative,0,64.85,1846.61,23.21,20.25,61.06,75.09,181.01,4.51,89.42,55,75,800,0,1,0,MODERATE
maize,vegetative,0,81.74,689.48,26.79,23.45,59.9,70.25,265.24,2.42,129.62,55,75,800,0,0,0,GOOD
maize,vegetative,0,60.94,1703.37,47.16,41.33,88.49,1.09,340.48,0.95,82.14,55,75,800,0,1,0,POOR
maize,vegetative,0,10.54,835.91,16.38,11.69,97.52,65.53,390.66,316.59,68.17,55,75,800,0,1,1,CRITICAL
maize,vegetative,0,35.06,580.28,32.77,30.16,84.86,6.9,47.24,18.05,35.89,55,75,800,1,0,0,MODERATE
maize,vegetative,0,52.68,872.07,24.26,18.68,46.58,57.86,309.68,17.6,114.89,55,75,800,0,1,0,POOR
maize,vegetative,0,52.28,904.99,43.38,41.29,40.11,12.14,395.39,256.67,824.04,55,75,800,0,1,1,CRITICAL
maize,vegetative,0,62.97,653.33,37.23,31.85,33.71,45.25,344.33,15.09,104.06,55,75,800,0,0,0,MODERATE
maize,vegetative,0,14.86,1065.51,41.95,36.54,38.84,59.96,372.85,6.47,181.57,55,75,800,0,1,0,CRITICAL
maize,vegetative,0,63.42,1150.25,27.89,23.36,95.79,17.03,145.53,12.58,66.12,55,75,800,0,1,0,MODERATE
maize,vegetative,0,30.95,663.61,42.23,39.91,46.07,44.84,169.94,24.48,151.33,55,75,800,1,0,0,POOR
maize,vegetative,0,28.5,596.93,29.17,26.46,97.14,494.95,169.26,5.33,127.57,55,75,800,1,0,1,POOR
maize,vegetative,0,49.88,1021.62,29.33,25.17,91.04,63.28,257.21,24.99,21.02,55,75,800,0,1,0,POOR
maize,vegetative,0,48.33,1612.22,24.0,20.98,40.1,61.61,151.7,12.17,414.22,55,75,800,0,1,1,CRITICAL
maize,vegetative,0,64.71,1639.29,32.21,27.81,76.07,90.8,1470.85,15.95,189.21,55,75,800,0,1,1,POOR
maize,vegetative,0,94.05,253.82,39.08,34.57,27.02,33.87,802.99,8.74,31.76,55,75,800,0,0,0,POOR
maize,vegetative,0,46.5,1749.14,36.18,32.71,91.87,74.97,368.96,24.28,48.91,55,75,800,0,1,0,CRITICAL
maize,vegetative,0,96.18,840.44,30.09,25.28,61.94,38.21,347.03,333.88,77.65,55,75,800,0,1,1,POOR
maize,vegetative,0,55.2,1681.13,17.75,13.63,37.17,33.98,237.53,3.54,194.25,55,75,800,0,1,0,POOR
maize,vegetative,0,12.46,1327.97,34.9,32.79,29.81,469.14,60.59,11.73,99.8,55,75,800,0,1,1,CRITICAL
maize,vegetative,0,93.89,497.74,25.55,20.56,78.69,91.22,186.96,20.79,86.6,55,75,800,0,0,0,GOOD
maize,vegetative,0,71.01,775.42,43.65,38.71,21.73,68.69,249.89,20.21,100.2,55,75,800,0,0,0,POOR
maize,vegetative,0,90.17,1551.14,23.23,17.31,34.35,91.41,182.55,75.95,59.26,55,75,800,0,1,1,POOR
maize,vegetative,0,91.13,257.28,44.47,41.68,78.95,72.88,1094.02,8.99,192.87,55,75,800,0,0,1,POOR
maize,vegetative,0,19.44,1192.98,19.71,16.52,69.89,72.62,226.13,17.85,115.29,55,75,800,0,1,0,POOR
maize,vegetative,0,84.99,234.39,28.33,25.53,90.08,70.49,116.5,379.1,131.78,55,75,800,0,0,1,MODERATE
maize,vegetative,0,56.18,1023.4,34.91,29.07,90.82,243.09,329.72,16.8,177.73,55,75,800,0,1,0,MODERATE
maize,vegetative,0,73.43,1495.8,44.27,41.38,99.1,15.34,1132.53,16.13,462.48,55,75,800,0,1,1,CRITICAL
maize,vegetative,0,78.77,1935.88,16.18,11.46,23.54,78.21,227.22,293.8,77.34,55,75,800,0,1,1,CRITICAL
maize,vegetative,0,62.05,122.65,42.82,40.62,33.67,10.21,22.01,3.16,3.79,55,75,800,0,0,0,MODERATE
maize,vegetative,0,38.67,918.28,37.07,32.61,94.98,51.77,302.15,276.99,189.32,55,75,800,0,1,1,CRITICAL
maize,vegetative,0,83.05,1060.65,29.95,25.11,68.15,97.07,217.13,16.18,76.06,55,75,800,0,1,0,MODERATE
maize,vegetative,0,11.25,961.29,39.52,35.52,82.37,45.09,36.85,8.73,75.43,55,75,800,0,1,0,CRITICAL
maize,vegetative,0,78.49,781.85,33.74,29.94,89.66,87.88,67.03,16.42,187.55,55,75,800,0,0,0,GOOD
maize,vegetative,0,62.17,1106.7,43.73,40.33,53.84,59.87,16.16,7.88,61.77,55,75,800,0,1,0,POOR
maize,vegetative,0,18.19,1175.67,19.86,16.85,56.74,10.93,1380.89,354.67,34.58,55,75,800,0,1,1,CRITICAL
maize,vegetative,0,65.87,1183.74,21.74,16.54,22.98,80.62,31.51,224.02,9.93,55,75,800,0,1,1,CRITICAL
maize,vegetative,0,21.41,282.67,47.81,45.08,91.74,99.09,311.64,10.84,487.48,55,75,800,1,0,1,CRITICAL
maize,vegetative,0,13.96,1482.74,16.53,11.18,92.43,29.74,119.39,5.25,128.75,55,75,800,0,1,0,CRITICAL
maize,vegetative,0,78.88,1205.35,22.9,20.9,84.23,82.26,234.09,4.95,9.77,55,75,800,0,1,0,MODERATE
maize,vegetative,0,64.21,1317.57,35.84,33.31,38.79,61.9,266.15,13.35,181.92,55,75,800,0,1,0,POOR
maize,vegetative,0,13.18,201.71,17.68,12.57,48.02,22.76,98.6,14.63,172.58,55,75,800,1,0,0,POOR
maize,vegetative,0,87.83,1160.97,36.33,32.1,82.85,188.88,304.23,6.79,26.78,55,75,800,0,1,0,POOR
maize,vegetative,0,33.83,1427.46,43.21,41.12,65.27,3.61,294.24,21.5,26.9,55,75,800,0,1,0,CRITICAL
maize,vegetative,0,24.0,1265.07,17.54,15.36,28.54,0.02,83.95,12.55,47.54,55,75,800,0,1,0,CRITICAL
maize,vegetative,0,21.79,841.88,25.87,23.01,94.68,88.09,304.93,17.49,141.34,55,75,800,0,1,0,POOR
maize,vegetative,0,89.07,92.52,24.51,22.32,72.1,10.08,1300.34,50.99,146.49,55,75,800,0,0,1,MODERATE
maize,vegetative,0,53.18,1740.85,23.32,20.91,89.17,2.63,892.61,18.75,36.94,55,75,800,0,1,0,POOR
maize,vegetative,0,64.65,1856.6,27.67,22.86,96.88,15.24,292.97,0.68,18.78,55,75,800,0,1,0,MODERATE
maize,vegetative,0,86.84,179.99,27.85,23.17,28.51,48.89,120.11,5.34,145.02,55,75,800,0,0,0,MODERATE
maize,vegetative,0,45.44,1559.22,44.86,40.45,24.18,39.66,25.4,11.57,142.65,55,75,800,0,1,0,CRITICAL
maize,vegetative,0,37.3,739.57,35.26,31.29,77.84,56.05,196.41,9.65,699.42,55,75,800,1,0,1,CRITICAL
maize,vegetative,0,88.93,597.45,31.74,29.51,39.26,77.49,377.62,21.61,103.31,55,75,800,0,0,0,GOOD
maize,vegetative,0,85.06,955.07,16.99,13.89,38.29,88.75,202.66,377.78,734.7,55,75,800,0,1,1,CRITICAL
maize,vegetative,0,46.4,1726.21,45.0,39.39,86.47,40.66,306.92,257.39,132.3,55,75,800,0,1,1,CRITICAL
maize,vegetative,0,85.02,564.14,21.93,16.22,75.48,67.15,222.28,11.38,726.08,55,75,800,0,0,1,MODERATE
maize,vegetative,0,60.07,1272.51,17.3,14.77,66.37,39.57,352.92,9.87,806.87,55,75,800,0,1,1,CRITICAL
maize,vegetative,0,79.64,1071.17,29.6,25.44,57.03,221.21,1276.68,7.11,199.68,55,75,800,0,1,1,POOR
maize,vegetative,0,80.24,193.81,32.82,29.71,93.2,45.13,154.95,14.46,25.86,55,75,800,0,0,0,GOOD
maize,tasseling,1,46.63,164.14,38.27,34.26,20.9,61.27,236.27,0.57,32.14,65,85,800,1,0,0,CRITICAL
maize,tasseling,1,39.9,1055.86,46.86,44.0,59.96,62.45,5.38,20.09,86.55,65,85,800,0,1,0,CRITICAL
maize,tasseling,1,39.06,817.71,46.01,42.43,59.7,150.04,32.69,15.12,84.79,65,85,800,0,1,0,CRITICAL
maize,tasseling,1,72.08,206.73,22.81,20.16,92.59,18.05,138.47,18.71,34.31,65,85,800,0,0,0,GOOD
maize,tasseling,1,38.12,100.43,22.07,17.34,99.13,1.34,1084.14,2.01,162.25,65,85,800,1,0,1,POOR
maize,tasseling,1,95.16,211.33,34.72,29.21,26.38,438.5,289.73,291.99,17.48,65,85,800,0,0,1,POOR
maize,tasseling,1,95.85,958.39,46.7,40.95,92.23,464.41,277.99,3.36,183.95,65,85,800,0,1,1,CRITICAL
maize,tasseling,1,81.4,1002.32,19.69,14.15,47.09,69.89,909.74,232.24,189.14,65,85,800,0,1,1,POOR
maize,tasseling,1,75.2,131.85,31.01,25.83,64.82,320.47,246.89,4.71,56.04,65,85,800,0,0,1,MODERATE
maize,tasseling,1,76.1,371.14,39.76,35.07,20.96,5.89,58.44,23.94,188.31,65,85,800,0,0,0,POOR
maize,tasseling,1,35.44,1198.51,19.73,16.12,22.66,21.66,337.21,16.41,184.43,65,85,800,0,1,0,CRITICAL
maize,tasseling,1,65.91,910.03,22.93,19.21,89.82,83.68,813.11,185.5,105.32,65,85,800,0,1,1,POOR
maize,tasseling,1,54.88,1840.51,33.44,30.42,22.49,33.63,243.92,0.72,74.11,65,85,800,0,1,0,CRITICAL
maize,tasseling,1,58.72,675.91,32.41,28.2,27.16,66.11,36.26,3.42,66.99,65,85,800,1,0,0,POOR
maize,tasseling,1,68.03,1747.39,38.41,34.33,98.38,69.49,360.96,4.92,165.18,65,85,800,0,1,0,POOR
maize,tasseling,1,80.99,1033.23,31.92,28.47,89.17,31.83,286.14,2.79,821.4,65,85,800,0,1,1,POOR
maize,tasseling,1,28.51,1175.28,15.18,10.32,53.14,413.28,44.47,15.65,116.15,65,85,800,0,1,1,CRITICAL
maize,tasseling,1,65.0,1056.62,44.06,41.11,41.12,12.8,1486.94,91.23,65.74,65,85,800,0,1,1,CRITICAL
maize,tasseling,1,55.83,261.03,32.74,27.47,50.21,268.58,19.5,22.35,81.36,65,85,800,1,0,1,POOR
maize,tasseling,1,68.04,312.09,46.48,42.11,70.1,43.38,241.6,93.56,70.1,65,85,800,0,0,1,POOR
maize,tasseling,1,74.64,1453.32,30.83,26.73,22.4,30.43,223.32,5.88,143.23,65,85,800,0,1,0,POOR
maize,tasseling,1,57.44,902.65,37.79,35.65,37.88,61.64,103.5,10.5,7.16,65,85,800,0,1,0,CRITICAL
maize,tasseling,1,72.8,478.52,47.22,43.94,62.6,1.9,78.18,17.3,832.14,65,85,800,0,0,1,POOR
maize,tasseling,1,26.44,644.29,36.0,31.06,62.77,444.56,162.21,291.97,18.7,65,85,800,1,0,1,CRITICAL
maize,tasseling,1,34.87,1161.3,38.6,33.25,56.2,74.79,74.93,7.07,14.71,65,85,800,0,1,0,CRITICAL
maize,tasseling,1,38.67,865.08,38.52,36.49,42.11,194.66,150.62,1.19,172.4,65,85,800,0,1,0,CRITICAL
maize,tasseling,1,78.12,625.39,18.86,15.83,50.99,5.22,205.5,17.72,497.48,65,85,800,0,0,1,MODERATE
maize,tasseling,1,62.32,610.28,38.26,34.76,30.57,23.72,109.08,17.07,129.15,65,85,800,1,0,0,POOR
maize,tasseling,1,25.07,858.09,27.29,23.62,36.52,328.22,156.79,7.28,144.76,65,85,800,0,1,1,CRITICAL
maize,tasseling,1,39.02,655.43,19.1,13.37,71.05,2.7,389.02,18.0,139.75,65,85,800,1,0,0,MODERATE
maize,tasseling,1,68.19,1288.22,19.75,16.36,66.87,13.88,41.13,15.5,161.86,65,85,800,0,1,0,MODERATE
maize,tasseling,1,13.52,77.09,26.66,23.88,41.47,82.09,270.02,86.22,113.92,65,85,800,1,0,1,POOR
maize,tasseling,1,17.18,454.18,19.79,14.47,89.0,52.8,325.42,0.28,165.59,65,85,800,1,0,0,MODERATE
maize,tasseling,1,47.03,723.74,22.33,17.25,75.64,36.07,25.42,10.87,76.9,65,85,800,1,0,0,MODERATE
maize,tasseling,1,61.86,230.3,36.41,32.71,84.91,91.89,22.64,253.68,39.62,65,85,800,1,0,1,CRITICAL
maize,tasseling,1,84.06,1708.46,36.17,30.84,76.05,8.74,94.64,8.04,3.93,65,85,800,0,1,0,POOR
maize,tasseling,1,87.6,1649.84,28.74,23.82,43.03,5.56,320.65,21.33,154.82,65,85,800,0,1,0,MODERATE
maize,tasseling,1,25.89,231.08,23.03,19.19,92.54,87.2,136.56,20.03,141.17,65,85,800,1,0,0,MODERATE
maize,tasseling,1,11.93,344.0,38.43,33.58,71.29,47.74,386.59,17.37,33.11,65,85,800,1,0,0,POOR
maize,tasseling,1,65.3,905.74,15.86,12.55,53.65,48.58,1057.55,197.96,102.81,65,85,800,0,1,1,CRITICAL
maize,tasseling,1,30.36,1290.81,45.94,40.79,41.85,29.69,37.05,18.78,57.63,65,85,800,0,1,0,CRITICAL
maize,tasseling,1,36.94,1287.27,44.15,40.33,79.73,14.6,76.84,13.81,76.09,65,85,800,0,1,0,CRITICAL
maize,tasseling,1,84.05,1486.08,33.79,29.11,79.67,13.31,1086.48,5.4,186.06,65,85,800,0,1,1,POOR
maize,tasseling,1,26.85,1066.47,43.29,40.08,84.86,91.13,102.14,17.64,181.74,65,85,800,0,1,0,CRITICAL
maize,tasseling,1,54.72,104.2,26.2,22.11,61.38,20.82,232.16,5.19,3.22,65,85,800,1,0,0,MODERATE
maize,tasseling,1,26.49,1190.83,28.47,23.85,96.19,52.87,368.72,22.64,190.41,65,85,800,0,1,0,POOR
maize,tasseling,1,81.26,643.72,20.82,16.65,65.3,309.96,124.53,9.64,162.05,65,85,800,0,0,1,MODERATE
maize,tasseling,1,19.89,1504.47,23.65,19.03,75.94,34.51,378.94,9.14,184.81,65,85,800,0,1,0,POOR
maize,tasseling,1,50.96,1507.17,45.25,41.9,55.56,89.95,361.8,167.07,199.79,65,85,800,0,1,1,CRITICAL
maize,tasseling,1,10.92,1410.1,27.85,23.32,68.54,48.08,284.85,16.88,37.82,65,85,800,0,1,0,POOR
maize,tasseling,1,31.56,975.74,23.15,18.83,77.65,361.06,37.69,3.07,164.27,65,85,800,0,1,1,CRITICAL
maize,tasseling,1,56.89,1198.44,39.09,36.05,87.34,95.31,209.94,2.19,127.18,65,85,800,0,1,0,CRITICAL
maize,tasseling,1,28.94,1581.28,18.66,13.08,87.23,67.88,343.74,13.6,115.16,65,85,800,0,1,0,POOR
maize,tasseling,1,58.14,804.67,39.24,36.83,69.65,43.65,12.17,17.03,534.14,65,85,800,0,1,1,CRITICAL
maize,tasseling,1,71.39,1347.3,29.06,23.68,77.09,28.32,2.64,12.75,95.47,65,85,800,0,1,0,MODERATE
maize,tasseling,1,26.41,1246.53,22.8,20.38,24.01,2.29,74.22,22.88,192.59,65,85,800,0,1,0,CRITICAL
maize,tasseling,1,35.58,1470.42,31.03,28.5,28.34,72.54,199.77,6.91,123.35,65,85,800,0,1,0,CRITICAL
maize,tasseling,1,15.56,673.83,19.7,13.9,98.88,384.39,93.47,363.8,25.55,65,85,800,1,0,1,POOR
maize,tasseling,1,80.26,1243.11,31.96,27.59,27.7,47.77,207.7,247.89,77.95,65,85,800,0,1,1,CRITICAL
maize,tasseling,1,81.06,556.0,41.95,38.88,20.86,15.48,43.53,0.94,103.86,65,85,800,0,0,0,POOR
maize,tasseling,1,63.81,170.9,28.16,24.95,39.23,60.45,63.55,13.51,446.99,65,85,800,1,0,1,POOR
maize,tasseling,1,20.49,1557.49,27.15,21.69,25.93,267.41,394.22,13.39,197.85,65,85,800,0,1,1,CRITICAL
maize,tasseling,1,29.33,573.28,31.86,28.52,56.4,16.65,355.88,8.74,139.29,65,85,800,1,0,0,MODERATE
maize,tasseling,1,31.8,1378.81,21.44,16.88,27.55,62.01,259.64,8.83,191.52,65,85,800,0,1,0,CRITICAL
maize,tasseling,1,84.06,678.98,34.69,31.59,78.67,72.3,101.48,8.44,66.52,65,85,800,0,0,0,GOOD
maize,tasseling,1,90.16,849.54,15.89,11.11,82.72,1.8,151.48,16.92,768.45,65,85,800,0,1,1,CRITICAL
maize,tasseling,1,44.21,175.72,47.6,43.11,95.72,10.38,334.2,4.67,101.28,65,85,800,1,0,0,POOR
maize,tasseling,1,46.21,91.65,35.13,31.44,93.58,64.18,362.11,23.59,40.71,65,85,800,1,0,0,POOR
maize,tasseling,1,32.34,424.11,20.22,14.41,68.16,63.78,2.37,11.94,57.51,65,85,800,1,0,0,MODERATE
maize,tasseling,1,39.93,738.61,25.19,19.27,94.62,493.37,1111.63,15.22,41.15,65,85,800,1,0,1,POOR
maize,tasseling,1,32.05,59.08,44.06,40.88,26.91,344.61,58.01,14.08,557.07,65,85,800,1,0,1,CRITICAL
maize,tasseling,1,13.78,507.41,41.68,36.35,28.92,97.38,182.42,7.28,72.71,65,85,800,1,0,0,CRITICAL
maize,tasseling,1,68.01,1515.65,25.78,21.44,51.15,71.64,170.42,24.13,83.82,65,85,800,0,1,0,MODERATE
maize,tasseling,1,85.73,1356.88,36.17,30.37,50.69,83.28,291.64,14.66,174.58,65,85,800,0,1,0,POOR
maize,tasseling,1,64.58,695.57,28.79,25.17,26.93,0.36,170.43,2.7,139.68,65,85,800,1,0,0,POOR
maize,tasseling,1,25.83,956.5,36.38,31.95,25.64,6.5,117.78,4.54,90.55,65,85,800,0,1,0,CRITICAL
maize,tasseling,1,69.52,268.97,27.95,22.98,37.99,58.98,209.29,22.94,40.54,65,85,800,0,0,0,GOOD
maize,tasseling,1,81.81,1016.3,27.82,22.02,49.68,16.7,199.5,16.73,41.12,65,85,800,0,1,0,MODERATE
maize,tasseling,1,27.9,215.62,32.39,29.09,80.49,31.42,23.08,17.38,535.73,65,85,800,1,0,1,POOR
maize,tasseling,1,38.58,173.67,20.52,15.09,66.93,433.07,220.25,14.35,99.7,65,85,800,1,0,1,POOR
maize,tasseling,1,12.96,1457.11,21.37,16.76,63.73,98.18,246.57,18.35,35.31,65,85,800,0,1,0,POOR
maize,tasseling,1,83.84,1242.64,27.3,25.14,38.59,88.91,186.53,16.11,140.38,65,85,800,0,1,0,MODERATE
maize,tasseling,1,53.86,390.55,17.56,12.77,89.21,80.74,1041.52,24.04,114.77,65,85,800,1,0,1,CRITICAL
maize,tasseling,1,82.53,588.44,44.61,41.67,26.12,15.99,318.78,20.17,20.13,65,85,800,0,0,0,POOR
maize,tasseling,1,90.92,487.43,34.94,31.21,50.62,196.98,299.9,264.92,167.77,65,85,800,0,0,1,MODERATE
maize,tasseling,1,48.47,1688.27,32.52,27.46,26.29,59.0,278.26,5.49,124.44,65,85,800,0,1,0,CRITICAL
maize,tasseling,1,86.47,1607.31,31.62,28.39,52.44,96.87,33.3,7.56,418.16,65,85,800,0,1,1,POOR
maize,tasseling,1,25.68,1099.76,28.06,24.39,71.46,66.21,316.19,7.83,75.52,65,85,800,0,1,0,POOR
maize,tasseling,1,64.34,1986.4,46.82,41.5,41.31,2.24,82.25,20.84,163.23,65,85,800,0,1,0,CRITICAL
maize,tasseling,1,41.98,1350.35,19.03,14.2,97.77,4.36,172.23,11.84,72.39,65,85,800,0,1,0,POOR
maize,tasseling,1,80.2,78.08,19.75,16.89,48.13,383.98,76.83,263.47,38.46,65,85,800,0,0,1,MODERATE
maize,tasseling,1,45.47,367.66,18.86,14.63,44.04,99.74,251.54,12.06,43.32,65,85,800,1,0,0,MODERATE
maize,tasseling,1,39.98,402.17,24.22,20.89,64.55,4.64,111.71,20.94,174.35,65,85,800,1,0,0,MODERATE
maize,tasseling,1,86.29,1258.32,31.55,28.05,37.9,55.74,367.84,16.22,471.8,65,85,800,0,1,1,POOR
maize,tasseling,1,14.08,962.09,29.03,25.59,82.56,74.54,1424.61,24.23,4.64,65,85,800,0,1,1,CRITICAL
maize,tasseling,1,77.17,595.85,36.11,32.85,56.05,38.24,231.04,14.11,44.13,65,85,800,0,0,0,MODERATE
maize,tasseling,1,24.92,1031.48,36.52,34.34,43.33,80.94,112.78,20.68,183.12,65,85,800,0,1,0,CRITICAL
maize,tasseling,1,69.53,1167.93,26.06,22.69,51.86,29.11,176.31,7.09,64.24,65,85,800,0,1,0,MODERATE
maize,tasseling,1,45.61,1892.28,42.3,36.36,90.1,61.67,288.96,17.33,758.69,65,85,800,0,1,1,CRITICAL
maize,tasseling,1,85.68,1582.75,15.45,9.81,41.99,88.8,299.76,16.97,129.27,65,85,800,0,1,0,POOR
maize,tasseling,1,10.28,1120.11,28.24,25.02,61.26,487.86,286.86,0.81,76.8,65,85,800,0,1,1,CRITICAL
maize,tasseling,1,34.67,170.65,35.26,31.46,68.48,54.69,308.58,23.34,83.92,65,85,800,1,0,0,POOR
maize,tasseling,1,74.74,1139.52,31.0,27.3,61.56,16.18,283.8,14.29,19.49,65,85,800,0,1,0,MODERATE
maize,tasseling,1,72.8,954.79,39.96,35.63,24.3,89.01,35.22,17.5,709.75,65,85,800,0,1,1,CRITICAL
maize,tasseling,1,38.11,1914.85,19.91,14.85,70.63,81.69,27.88,22.65,41.91,65,85,800,0,1,0,POOR
maize,tasseling,1,83.4,1995.98,28.6,26.53,38.78,58.78,48.63,6.26,185.15,65,85,800,0,1,0,MODERATE
maize,tasseling,1,40.56,416.29,32.39,27.64,59.27,66.06,389.63,11.23,115.6,65,85,800,1,0,0,MODERATE
maize,tasseling,1,22.71,1529.98,25.65,22.67,79.03,246.74,275.3,18.17,130.71,65,85,800,0,1,0,POOR
maize,tasseling,1,59.16,438.49,28.54,24.41,82.41,299.31,43.12,5.71,35.49,65,85,800,1,0,1,POOR
maize,tasseling,1,88.83,1607.06,21.01,16.75,22.4,31.05,59.98,9.83,187.39,65,85,800,0,1,0,POOR
maize,tasseling,1,78.47,1339.27,31.4,29.39,69.08,35.6,294.22,13.57,540.94,65,85,800,0,1,1,POOR
maize,tasseling,1,24.35,691.98,30.33,24.94,95.02,42.58,62.74,4.65,165.38,65,85,800,1,0,0,MODERATE
maize,tasseling,1,88.03,1044.56,35.03,30.0,54.03,7.36,76.93,0.8,24.85,65,85,800,0,1,0,POOR
maize,tasseling,1,11.79,505.52,46.19,42.65,95.09,27.42,1427.5,23.86,132.22,65,85,800,1,0,1,CRITICAL
maize,tasseling,1,44.91,1299.63,43.87,39.23,87.12,401.06,61.4,16.08,83.74,65,85,800,0,1,1,CRITICAL
maize,tasseling,1,54.7,617.62,45.62,43.27,56.75,94.75,235.74,2.25,133.56,65,85,800,1,0,0,POOR
maize,tasseling,1,59.95,1613.61,21.97,18.37,30.41,7.58,23.92,3.37,94.27,65,85,800,0,1,0,POOR
maize,tasseling,1,23.0,1285.3,28.36,24.5,84.11,201.45,84.85,17.09,70.46,65,85,800,0,1,0,POOR
maize,tasseling,1,36.33,1393.42,15.01,12.77,54.6,461.8,166.73,16.89,11.23,65,85,800,0,1,1,CRITICAL
maize,tasseling,1,18.21,851.87,26.59,22.44,79.92,11.26,1211.2,14.35,79.16,65,85,800,0,1,1,CRITICAL
maize,tasseling,1,55.07,342.58,39.55,35.18,26.28,88.96,18.26,22.69,189.86,65,85,800,1,0,0,CRITICAL
maize,tasseling,1,74.44,481.91,38.15,32.67,28.07,23.88,11.85,12.33,85.84,65,85,800,0,0,0,POOR
maize,tasseling,1,21.23,1541.06,23.51,18.81,71.7,61.67,345.22,15.25,130.69,65,85,800,0,1,0,POOR
maize,tasseling,1,65.96,1637.11,47.75,45.63,72.8,41.45,48.97,9.03,110.55,65,85,800,0,1,0,POOR
maize,tasseling,1,86.84,486.93,31.76,27.17,65.17,36.56,147.96,12.69,22.67,65,85,800,0,0,0,GOOD
maize,tasseling,1,42.69,535.73,33.91,28.38,61.65,66.15,114.47,172.98,567.32,65,85,800,1,0,1,POOR
maize,tasseling,1,16.73,147.02,19.21,16.74,27.03,66.13,275.35,248.82,46.47,65,85,800,1,0,1,CRITICAL
maize,tasseling,1,76.62,602.23,33.84,31.6,96.8,10.99,170.91,22.47,8.47,65,85,800,0,0,0,GOOD
maize,tasseling,1,30.58,1307.21,19.3,13.85,73.19,477.37,220.66,233.76,47.73,65,85,800,0,1,1,CRITICAL
maize,tasseling,1,82.54,243.13,30.04,26.33,25.85,41.08,1471.47,13.29,199.42,65,85,800,0,0,1,POOR
maize,tasseling,1,10.26,731.0,17.36,12.38,64.88,250.28,1.31,22.7,107.6,65,85,800,1,0,1,CRITICAL
maize,tasseling,1,48.2,405.81,15.71,13.12,98.12,21.48,372.52,14.55,88.03,65,85,800,1,0,0,POOR
maize,tasseling,1,79.15,691.9,45.5,39.75,23.26,1.49,111.16,100.17,136.0,65,85,800,0,0,1,CRITICAL
maize,tasseling,1,20.14,963.1,20.58,18.41,47.07,15.07,59.48,0.05,163.73,65,85,800,0,1,0,POOR
maize,tasseling,1,32.25,1454.36,23.14,20.28,63.77,67.89,313.67,10.72,115.92,65,85,800,0,1,0,POOR
maize,tasseling,1,47.68,609.3,26.2,22.13,33.53,80.62,298.39,345.52,126.23,65,85,800,1,0,1,POOR
maize,tasseling,1,89.23,1910.4,33.98,28.97,61.02,28.62,1261.39,18.3,677.28,65,85,800,0,1,1,POOR
maize,tasseling,1,83.2,1348.75,26.53,23.31,71.47,43.26,124.85,188.67,71.9,65,85,800,0,1,1,POOR
maize,tasseling,1,29.32,1112.04,19.87,14.6,38.05,193.76,181.83,17.84,135.7,65,85,800,0,1,0,POOR
maize,tasseling,1,96.12,1807.9,18.79,15.32,49.15,12.23,396.83,278.44,117.74,65,85,800,0,1,1,POOR
maize,tasseling,1,99.35,805.44,34.6,32.17,31.29,87.47,154.89,20.47,198.35,65,85,800,0,1,0,MODERATE
maize,tasseling,1,22.99,1529.54,19.78,16.74,36.35,176.03,344.06,16.05,102.07,65,85,800,0,1,0,POOR
maize,tasseling,1,41.2,694.22,23.9,19.71,48.81,292.09,29.25,9.59,835.7,65,85,800,1,0,1,POOR
maize,tasseling,1,68.56,1557.07,35.23,31.13,97.33,28.27,929.63,10.28,62.63,65,85,800,0,1,0,POOR
maize,tasseling,1,54.13,1894.97,27.83,23.27,54.22,4.68,353.48,16.01,164.55,65,85,800,0,1,0,POOR
maize,tasseling,1,33.74,1066.73,46.94,41.25,48.77,77.98,332.12,4.97,105.61,65,85,800,0,1,0,CRITICAL
maize,tasseling,1,60.66,1187.22,34.04,31.73,80.3,90.94,365.61,18.04,548.08,65,85,800,0,1,1,CRITICAL
maize,tasseling,1,65.83,875.19,35.57,31.96,87.04,48.23,264.15,18.42,869.08,65,85,800,0,1,1,CRITICAL
maize,tasseling,1,16.74,317.74,34.84,30.77,33.49,12.94,349.49,0.4,198.89,65,85,800,1,0,0,MODERATE
maize,tasseling,1,22.09,1364.95,36.34,33.94,57.39,66.71,326.51,21.34,34.65,65,85,800,0,1,0,CRITICAL
maize,tasseling,1,93.61,94.61,45.4,41.05,81.98,39.85,836.0,11.4,174.9,65,85,800,0,0,0,MODERATE
maize,tasseling,1,73.93,1514.39,21.14,18.7,25.99,37.41,383.21,13.28,193.44,65,85,800,0,1,0,POOR
maize,tasseling,1,14.64,676.37,35.48,30.12,78.43,46.29,1131.81,19.94,133.63,65,85,800,1,0,1,CRITICAL
maize,tasseling,1,55.36,71.94,23.63,20.33,88.16,186.64,72.98,21.51,136.38,65,85,800,1,0,0,MODERATE
maize,tasseling,1,43.94,513.98,43.92,39.2,42.4,24.21,210.71,153.87,52.56,65,85,800,1,0,1,CRITICAL
maize,tasseling,1,31.71,474.08,24.98,19.52,81.37,68.1,106.86,12.39,52.61,65,85,800,1,0,0,MODERATE
maize,tasseling,1,20.61,490.35,23.63,21.36,46.09,7.22,130.7,5.82,3.05,65,85,800,1,0,0,MODERATE
maize,tasseling,1,19.39,1425.92,19.34,15.57,70.57,55.45,309.68,18.36,197.1,65,85,800,0,1,0,POOR
maize,tasseling,1,25.37,976.59,41.3,37.94,92.5,54.48,40.58,255.8,115.68,65,85,800,0,1,1,CRITICAL
maize,tasseling,1,33.34,1663.11,28.79,26.09,48.01,24.61,72.37,16.21,25.92,65,85,800,0,1,0,POOR
maize,tasseling,1,57.48,681.09,41.09,35.52,79.41,246.2,174.89,23.79,600.17,65,85,800,1,0,1,CRITICAL
maize,tasseling,1,89.66,415.41,28.17,22.83,66.23,439.3,46.89,23.38,64.31,65,85,800,0,0,1,MODERATE
maize,tasseling,1,76.19,1394.3,15.72,10.08,37.24,62.91,3.83,144.57,20.26,65,85,800,0,1,1,CRITICAL
maize,tasseling,1,85.8,546.96,47.91,44.48,50.92,12.21,251.55,21.42,121.54,65,85,800,0,0,0,MODERATE
maize,tasseling,1,51.92,558.3,30.42,25.31,32.66,244.26,299.13,6.43,192.9,65,85,800,1,0,0,MODERATE
maize,tasseling,1,73.02,1659.85,28.43,23.68,44.26,463.47,287.53,0.65,58.25,65,85,800,0,1,1,POOR
maize,tasseling,1,48.64,1372.26,40.33,36.43,37.12,77.33,863.32,15.81,194.24,65,85,800,0,1,0,CRITICAL
maize,tasseling,1,12.97,956.5,17.74,13.69,46.2,33.56,1207.42,9.12,194.68,65,85,800,0,1,1,CRITICAL
maize,tasseling,1,83.5,153.69,34.11,28.9,64.88,6.38,326.99,268.01,23.56,65,85,800,0,0,1,MODERATE
maize,tasseling,1,85.26,961.1,25.61,21.37,40.84,266.41,369.7,12.61,119.3,65,85,800,0,1,1,POOR
maize,tasseling,1,78.38,1385.11,23.77,19.1,93.95,91.84,348.91,4.68,150.82,65,85,800,0,1,0,MODERATE
maize,tasseling,1,45.75,991.08,20.58,18.41,35.13,67.91,58.56,2.52,65.93,65,85,800,0,1,0,POOR
maize,tasseling,1,87.44,1641.65,40.28,37.04,85.83,18.28,1015.61,366.72,648.08,65,85,800,0,1,1,CRITICAL
maize,tasseling,1,95.57,683.0,28.82,23.95,44.03,75.38,48.93,20.97,158.79,65,85,800,0,0,0,GOOD
maize,tasseling,1,30.42,956.6,15.29,11.17,96.22,350.67,344.21,360.62,99.16,65,85,800,0,1,1,CRITICAL
maize,tasseling,1,40.08,464.22,35.41,31.16,57.01,9.58,45.82,1.5,123.05,65,85,800,1,0,0,POOR
maize,tasseling,1,66.86,1780.73,36.33,31.08,61.72,71.8,1101.8,15.54,131.57,65,85,800,0,1,1,CRITICAL
maize,tasseling,1,69.56,1658.66,24.5,20.88,65.56,51.92,40.19,18.56,13.98,65,85,800,0,1,0,MODERATE
maize,tasseling,1,86.49,1430.19,43.69,41.5,77.67,54.0,216.08,6.83,573.04,65,85,800,0,1,1,CRITICAL
maize,tasseling,1,96.37,1889.37,44.1,38.52,43.12,15.15,39.5,21.58,631.39,65,85,800,0,1,1,CRITICAL
maize,tasseling,1,22.46,920.13,36.64,32.91,42.66,28.74,348.67,78.1,81.64,65,85,800,0,1,1,CRITICAL
maize,tasseling,1,85.27,549.95,17.51,15.39,68.49,305.23,99.24,12.32,483.57,65,85,800,0,0,1,POOR
maize,tasseling,1,90.71,1969.22,28.28,23.01,53.2,45.43,88.12,168.94,76.76,65,85,800,0,1,1,POOR
maize,tasseling,1,82.17,185.74,35.42,33.28,62.11,25.7,1297.47,16.5,721.72,65,85,800,0,0,1,POOR
maize,tasseling,1,24.04,628.66,26.96,23.65,40.16,44.35,31.88,203.94,111.75,65,85,800,1,0,1,POOR
maize,tasseling,1,36.33,743.11,32.23,28.11,74.99,22.45,1137.28,10.12,42.44,65,85,800,1,0,1,POOR
maize,tasseling,1,11.52,361.61,27.44,25.01,35.81,419.46,1094.31,13.15,42.76,65,85,800,1,0,1,POOR
maize,tasseling,1,21.46,282.66,20.44,14.88,99.28,35.7,946.45,16.68,138.14,65,85,800,1,0,0,MODERATE
maize,tasseling,1,85.23,1200.1,35.87,30.19,94.39,66.42,343.18,5.76,57.88,65,85,800,0,1,0,POOR
maize,tasseling,1,94.19,152.97,19.39,14.83,84.36,401.89,86.94,249.54,159.11,65,85,800,0,0,1,MODERATE
maize,tasseling,1,19.7,1580.43,21.54,19.43,92.86,89.08,19.19,19.08,42.87,65,85,800,0,1,0,POOR
maize,tasseling,1,46.51,197.52,34.76,30.19,85.31,28.86,118.38,23.42,32.56,65,85,800,1,0,0,MODERATE
maize,tasseling,1,75.58,1514.47,22.46,20.05,50.76,91.82,129.46,19.78,33.44,65,85,800,0,1,0,MODERATE
maize,tasseling,1,16.45,1707.77,42.37,38.48,64.83,71.34,48.97,11.0,68.2,65,85,800,0,1,0,CRITICAL
maize,tasseling,1,43.95,699.42,46.84,41.76,21.62,95.74,30.54,15.41,42.38,65,85,800,1,0,0,CRITICAL
maize,tasseling,1,41.23,1108.62,46.23,43.66,20.16,7.69,232.31,7.75,33.55,65,85,800,0,1,0,CRITICAL
maize,tasseling,1,34.22,1027.25,46.77,44.69,35.96,44.84,1249.8,8.23,50.55,65,85,800,0,1,1,CRITICAL
maize,tasseling,1,94.86,944.1,47.76,43.6,80.6,0.71,313.13,10.48,161.42,65,85,800,0,1,0,POOR
maize,tasseling,1,96.49,111.83,34.52,29.55,80.87,71.59,213.65,0.3,82.44,65,85,800,0,0,0,GOOD
maize,tasseling,1,97.11,1862.16,30.88,25.86,73.54,81.14,93.49,20.27,165.38,65,85,800,0,1,0,MODERATE
maize,silking,1,53.43,1831.75,41.09,37.62,25.18,63.69,886.35,6.9,196.24,70,90,800,0,1,0,CRITICAL
maize,silking,1,38.75,89.81,21.33,16.99,32.11,88.38,204.81,21.84,127.18,70,90,800,1,0,0,MODERATE
maize,silking,1,59.56,1802.28,44.07,41.47,26.53,29.46,269.16,5.46,19.17,70,90,800,0,1,0,CRITICAL
maize,silking,1,61.57,825.6,24.69,21.43,36.58,41.15,49.57,23.59,182.46,70,90,800,0,1,0,POOR
maize,silking,1,32.69,527.38,25.26,20.96,22.25,38.23,394.07,9.21,191.95,70,90,800,1,0,0,POOR
maize,silking,1,97.67,1874.96,36.18,34.11,79.88,33.56,209.38,23.47,824.66,70,90,800,0,1,1,CRITICAL
maize,silking,1,79.05,439.32,47.26,41.59,33.05,55.88,393.71,5.13,596.68,70,90,800,0,0,1,POOR
maize,silking,1,78.53,1166.81,22.33,18.62,81.92,82.05,38.0,5.61,99.59,70,90,800,0,1,0,MODERATE
maize,silking,1,75.68,649.35,23.69,19.28,36.01,81.54,250.07,2.73,7.88,70,90,800,0,0,0,GOOD
maize,silking,1,61.25,1039.24,45.14,40.06,98.7,179.52,1.65,19.03,48.19,70,90,800,0,1,0,CRITICAL
maize,silking,1,25.38,1362.2,27.16,23.86,56.9,54.26,353.18,19.01,123.85,70,90,800,0,1,0,POOR
maize,silking,1,98.34,619.14,44.81,42.1,85.52,50.2,356.83,11.13,5.32,70,90,800,0,0,0,MODERATE
maize,silking,1,94.02,717.04,35.75,33.7,76.89,400.39,983.11,3.91,136.6,70,90,800,0,0,1,POOR
maize,silking,1,69.97,413.19,36.83,32.86,50.93,30.02,224.5,23.95,805.24,70,90,800,1,0,1,CRITICAL
maize,silking,1,34.43,847.22,38.96,36.56,80.44,11.05,230.24,10.1,177.73,70,90,800,0,1,0,CRITICAL
maize,silking,1,52.35,1071.57,21.87,17.44,62.98,16.42,26.51,16.99,26.38,70,90,800,0,1,0,POOR
maize,silking,1,70.87,1495.85,34.29,31.19,60.69,25.19,197.2,8.21,172.08,70,90,800,0,1,0,MODERATE
maize,silking,1,45.41,1318.08,40.15,36.5,58.1,68.06,887.06,20.85,181.17,70,90,800,0,1,0,CRITICAL
maize,silking,1,28.86,1474.05,18.34,12.76,31.93,66.23,220.63,155.3,118.08,70,90,800,0,1,1,CRITICAL
maize,silking,1,79.3,1516.54,36.69,30.69,56.78,70.62,182.87,8.38,179.83,70,90,800,0,1,0,POOR
maize,silking,1,83.83,592.07,36.7,31.42,83.4,78.2,122.71,9.87,97.15,70,90,800,0,0,0,MODERATE
maize,silking,1,68.44,1363.2,42.36,36.87,76.36,68.75,325.03,3.63,52.37,70,90,800,0,1,0,CRITICAL
maize,silking,1,71.01,1470.13,26.94,21.8,39.19,405.49,92.93,3.07,82.8,70,90,800,0,1,1,POOR
maize,silking,1,97.46,1629.8,44.09,38.37,80.26,78.88,372.99,19.07,15.11,70,90,800,0,1,0,POOR
maize,silking,1,91.29,264.32,42.82,40.47,22.01,23.51,52.69,21.38,856.54,70,90,800,0,0,1,CRITICAL
maize,silking,1,90.57,172.56,42.75,37.63,92.19,31.16,253.64,13.67,126.73,70,90,800,0,0,0,MODERATE
maize,silking,1,97.26,1337.34,21.51,16.51,33.9,6.34,1043.87,96.0,60.46,70,90,800,0,1,1,POOR
maize,silking,1,59.51,803.25,46.73,43.0,66.73,94.48,333.73,9.38,114.55,70,90,800,0,1,0,CRITICAL
maize,silking,1,58.76,1947.55,38.58,34.65,93.29,57.53,1337.25,9.02,57.06,70,90,800,0,1,1,CRITICAL
maize,silking,1,15.76,1685.67,21.17,15.26,50.13,61.64,1134.05,374.29,90.78,70,90,800,0,1,1,CRITICAL
maize,silking,1,29.94,1730.18,34.53,29.63,26.39,258.78,992.23,19.13,129.84,70,90,800,0,1,1,CRITICAL
maize,silking,1,13.45,618.85,45.01,41.31,96.85,21.35,1077.8,13.64,126.34,70,90,800,1,0,1,CRITICAL
maize,silking,1,76.4,99.53,45.56,39.63,48.33,10.71,192.99,0.46,123.83,70,90,800,0,0,0,MODERATE
maize,silking,1,68.2,1774.2,24.15,18.82,73.0,3.38,1000.99,17.11,36.27,70,90,800,0,1,1,CRITICAL
maize,silking,1,79.09,1466.04,21.64,17.26,21.65,39.85,334.24,3.63,120.55,70,90,800,0,1,0,POOR
maize,silking,1,80.75,1609.81,43.08,40.02,89.7,251.4,380.07,6.54,104.02,70,90,800,0,1,1,CRITICAL
maize,silking,1,70.55,279.69,17.04,13.5,52.79,31.97,1082.42,5.61,560.59,70,90,800,0,0,1,POOR
maize,silking,1,48.52,1396.41,34.88,32.32,95.16,34.59,134.25,8.67,196.41,70,90,800,0,1,0,POOR
maize,silking,1,74.42,384.64,18.69,16.08,39.75,16.82,833.14,4.26,27.36,70,90,800,0,0,0,GOOD
maize,silking,1,70.93,1126.67,46.43,42.4,55.95,24.75,125.96,20.95,836.49,70,90,800,0,1,1,CRITICAL
maize,silking,1,40.84,1524.28,22.55,18.05,76.39,222.51,168.39,21.58,1.12,70,90,800,0,1,0,POOR
maize,silking,1,19.11,796.92,26.17,23.72,90.58,61.54,164.09,15.26,180.03,70,90,800,1,0,0,MODERATE
maize,silking,1,95.07,1483.33,36.12,31.14,26.08,6.76,910.18,14.45,118.21,70,90,800,0,1,0,CRITICAL
maize,silking,1,82.25,1110.75,19.94,14.79,44.63,314.69,118.95,2.09,63.32,70,90,800,0,1,1,POOR
maize,silking,1,35.24,1485.86,38.17,32.35,77.95,392.97,118.49,5.72,60.02,70,90,800,0,1,1,CRITICAL
maize,silking,1,96.7,1966.83,37.0,34.55,41.06,51.54,41.76,22.12,138.65,70,90,800,0,1,0,POOR
maize,silking,1,80.66,303.11,28.11,22.17,99.11,398.24,179.97,24.0,84.55,70,90,800,0,0,1,MODERATE
maize,silking,1,98.44,1011.71,15.4,9.58,59.82,83.63,246.23,21.04,74.54,70,90,800,0,1,0,POOR
maize,silking,1,50.25,1645.15,16.61,14.27,21.74,333.97,199.41,7.36,33.54,70,90,800,0,1,1,CRITICAL
maize,silking,1,13.28,1017.23,22.1,20.06,43.68,47.74,231.87,9.84,178.09,70,90,800,0,1,0,POOR
maize,silking,1,18.37,1890.66,39.52,36.27,43.63,89.52,285.4,5.69,677.84,70,90,800,0,1,1,CRITICAL
maize,silking,1,91.82,991.63,25.5,21.1,73.99,49.84,133.76,11.0,189.81,70,90,800,0,1,0,MODERATE
maize,silking,1,63.27,327.31,32.15,29.14,99.89,26.7,204.38,20.28,93.05,70,90,800,1,0,0,MODERATE
maize,silking,1,96.2,755.95,16.53,10.65,83.59,293.11,142.97,10.03,4.25,70,90,800,0,0,1,POOR
maize,silking,1,51.77,1180.81,38.28,34.64,78.84,378.71,355.78,4.08,876.26,70,90,800,0,1,1,CRITICAL
maize,silking,1,12.97,1145.83,41.05,38.07,61.91,40.6,397.48,355.7,35.75,70,90,800,0,1,1,CRITICAL
maize,silking,1,18.59,1323.22,27.73,23.61,72.21,5.28,106.63,20.04,726.12,70,90,800,0,1,1,CRITICAL
maize,silking,1,36.96,1717.67,31.7,25.87,30.9,304.34,183.48,18.07,158.49,70,90,800,0,1,1,CRITICAL
maize,silking,1,62.91,1738.66,36.55,31.35,91.6,400.96,345.47,5.98,60.64,70,90,800,0,1,1,CRITICAL
maize,silking,1,79.39,1760.93,45.13,41.61,49.8,40.67,143.33,5.6,41.19,70,90,800,0,1,0,POOR
maize,silking,1,64.33,1982.21,33.06,28.47,93.54,37.4,161.12,67.39,189.89,70,90,800,0,1,1,CRITICAL
maize,silking,1,22.77,1427.03,21.71,16.12,45.33,32.68,77.59,280.99,24.21,70,90,800,0,1,1,CRITICAL
maize,silking,1,67.25,924.21,15.56,13.32,29.52,34.32,1345.42,224.08,107.1,70,90,800,0,1,1,CRITICAL
maize,silking,1,87.6,1019.55,15.75,9.86,97.2,38.33,272.04,19.48,82.85,70,90,800,0,1,0,POOR
maize,silking,1,27.5,1692.39,23.81,20.24,43.84,64.39,133.78,20.74,40.46,70,90,800,0,1,0,POOR
maize,silking,1,98.94,116.94,30.22,26.67,47.17,33.19,309.97,10.5,22.87,70,90,800,0,0,0,GOOD
maize,silking,1,22.12,1498.15,24.53,19.0,54.27,17.17,227.05,23.79,194.83,70,90,800,0,1,0,POOR
maize,silking,1,78.89,792.58,21.28,17.35,94.06,17.14,1393.87,7.28,162.83,70,90,800,0,0,1,MODERATE
maize,silking,1,73.53,841.0,25.9,20.41,93.39,245.39,294.79,0.66,157.87,70,90,800,0,1,0,MODERATE
maize,silking,1,26.1,1895.97,37.28,34.89,34.96,66.35,112.32,13.59,10.0,70,90,800,0,1,0,CRITICAL
maize,silking,1,74.63,1088.43,24.71,22.0,34.22,85.84,41.45,10.97,105.2,70,90,800,0,1,0,MODERATE
maize,silking,1,90.7,669.44,34.08,30.88,80.27,216.04,1238.02,13.07,164.69,70,90,800,0,0,1,MODERATE
maize,silking,1,79.96,1027.31,40.85,37.58,61.29,68.66,260.81,213.54,147.18,70,90,800,0,1,1,CRITICAL
maize,silking,1,70.09,1794.18,20.9,16.84,29.5,27.95,1430.57,309.6,607.01,70,90,800,0,1,1,CRITICAL
maize,silking,1,28.25,1870.83,32.4,30.0,55.99,32.63,193.44,20.06,164.92,70,90,800,0,1,0,POOR
maize,silking,1,92.01,1533.35,18.54,13.73,21.6,2.78,385.73,1.59,96.18,70,90,800,0,1,0,POOR
maize,silking,1,49.22,1897.23,45.89,41.63,71.55,228.16,279.67,23.37,188.41,70,90,800,0,1,0,CRITICAL
maize,silking,1,34.08,1788.59,42.91,39.29,22.45,44.67,869.35,1.19,137.76,70,90,800,0,1,0,CRITICAL
maize,silking,1,79.58,1902.62,38.05,35.65,27.08,73.16,390.65,21.52,71.79,70,90,800,0,1,0,CRITICAL
maize,silking,1,63.1,600.02,18.7,14.43,48.27,58.32,49.32,7.88,172.55,70,90,800,1,0,0,MODERATE
maize,silking,1,87.87,1672.53,39.87,36.01,80.6,407.82,1118.21,2.54,130.37,70,90,800,0,1,1,CRITICAL
maize,silking,1,18.49,1224.09,43.22,38.27,50.26,382.03,267.88,12.99,118.04,70,90,800,0,1,1,CRITICAL
maize,silking,1,48.59,1138.29,42.7,37.64,29.49,24.56,1359.52,9.79,190.59,70,90,800,0,1,1,CRITICAL
maize,silking,1,32.33,145.83,35.35,30.5,44.66,308.48,0.16,0.64,149.8,70,90,800,1,0,1,CRITICAL
maize,silking,1,85.71,1904.64,28.68,22.8,70.15,41.58,106.32,3.4,605.9,70,90,800,0,1,1,POOR
maize,silking,1,46.98,1435.08,45.0,39.64,60.89,68.06,103.02,251.87,5.12,70,90,800,0,1,1,CRITICAL
maize,silking,1,69.93,383.9,16.87,12.79,85.5,3.52,52.3,23.83,79.99,70,90,800,1,0,0,POOR
maize,silking,1,60.95,1699.93,47.61,42.81,50.39,41.18,295.76,369.84,140.81,70,90,800,0,1,1,CRITICAL
maize,silking,1,26.49,291.08,31.03,28.39,66.16,64.57,23.09,24.75,10.45,70,90,800,1,0,0,MODERATE
maize,silking,1,25.79,1842.52,41.42,38.5,58.87,271.98,43.71,11.72,20.58,70,90,800,0,1,1,CRITICAL
maize,silking,1,16.74,881.97,22.25,18.8,40.78,9.26,386.55,20.26,520.66,70,90,800,0,1,1,CRITICAL
maize,silking,1,11.86,473.15,40.74,37.96,75.86,85.55,388.44,12.85,113.39,70,90,800,1,0,0,POOR
maize,silking,1,95.73,1024.67,23.35,18.32,47.01,81.62,37.74,9.63,59.07,70,90,800,0,1,0,MODERATE
maize,silking,1,81.96,1305.0,20.51,15.83,51.32,46.31,244.78,11.34,78.13,70,90,800,0,1,0,MODERATE
maize,silking,1,36.6,1632.93,45.38,41.73,91.1,227.5,361.3,2.26,102.0,70,90,800,0,1,0,CRITICAL
maize,silking,1,90.12,226.34,37.93,32.22,37.07,83.78,92.64,13.2,53.28,70,90,800,0,0,0,MODERATE
maize,silking,1,70.48,225.99,21.78,18.98,28.67,20.76,264.12,23.98,182.58,70,90,800,0,0,0,MODERATE
maize,silking,1,38.42,108.9,35.22,30.77,78.04,1.1,56.35,12.39,156.29,70,90,800,1,0,0,POOR
maize,silking,1,84.78,1243.67,34.96,31.04,65.52,60.18,85.82,13.73,565.74,70,90,800,0,1,1,POOR
maize,silking,1,71.5,64.76,23.33,21.29,77.19,46.94,207.17,6.09,90.25,70,90,800,0,0,0,GOOD
maize,silking,1,35.29,70.0,45.26,40.51,75.17,391.26,154.06,348.89,1.09,70,90,800,1,0,1,CRITICAL
maize,silking,1,50.86,1016.13,23.44,18.55,41.58,85.39,248.9,255.3,672.96,70,90,800,0,1,1,CRITICAL
maize,silking,1,86.36,1918.34,43.07,37.78,57.55,21.2,112.7,11.95,149.13,70,90,800,0,1,0,POOR
maize,silking,1,79.0,1514.79,20.51,18.12,67.29,74.16,348.11,1.99,47.79,70,90,800,0,1,0,MODERATE
maize,silking,1,21.03,1784.24,35.46,31.07,98.98,62.81,96.05,5.66,138.13,70,90,800,0,1,0,CRITICAL
maize,silking,1,52.94,1955.8,26.04,20.11,25.2,308.98,315.85,20.56,43.55,70,90,800,0,1,1,CRITICAL
maize,silking,1,29.68,270.36,36.32,30.38,68.07,69.11,390.32,21.51,115.63,70,90,800,1,0,0,POOR
maize,silking,1,46.83,1327.7,23.91,20.52,99.38,455.52,260.91,15.93,33.73,70,90,800,0,1,1,CRITICAL
maize,silking,1,64.18,1946.47,46.48,43.58,44.39,289.59,366.3,5.52,129.37,70,90,800,0,1,1,CRITICAL
maize,silking,1,33.2,494.59,15.3,10.17,87.77,76.83,18.31,11.9,30.66,70,90,800,1,0,0,POOR
maize,silking,1,21.13,610.91,39.04,36.08,86.83,46.95,283.8,63.76,5.63,70,90,800,1,0,1,CRITICAL
maize,silking,1,55.52,191.92,22.88,17.77,91.3,52.91,272.87,16.65,22.18,70,90,800,1,0,0,MODERATE
maize,silking,1,87.94,657.09,17.93,12.89,61.95,30.66,265.08,15.7,126.23,70,90,800,0,0,0,MODERATE
maize,silking,1,20.76,1569.91,40.12,37.13,89.01,58.9,153.1,11.49,109.37,70,90,800,0,1,0,CRITICAL
maize,silking,1,96.16,1859.95,37.52,35.12,36.63,18.39,278.32,18.6,71.01,70,90,800,0,1,0,POOR
maize,silking,1,98.9,1243.41,28.95,26.56,75.93,495.9,294.12,7.0,429.99,70,90,800,0,1,1,POOR
maize,silking,1,79.13,782.94,15.62,13.6,36.32,49.39,308.78,20.0,867.07,70,90,800,0,0,1,POOR
maize,silking,1,22.37,1031.16,18.06,12.22,37.22,461.11,279.05,20.42,34.38,70,90,800,0,1,1,CRITICAL
maize,silking,1,73.53,777.47,32.57,26.66,46.38,67.48,313.46,126.61,57.74,70,90,800,0,0,1,MODERATE
maize,silking,1,94.55,1833.18,16.43,11.35,33.56,21.53,130.32,0.56,724.91,70,90,800,0,1,1,CRITICAL
maize,silking,1,51.35,66.32,35.81,31.11,61.72,68.93,265.82,12.29,5.89,70,90,800,1,0,0,POOR
maize,silking,1,48.28,423.09,17.65,12.96,45.36,22.95,1251.62,5.47,109.59,70,90,800,1,0,1,CRITICAL
maize,silking,1,45.25,1663.03,19.9,16.16,94.62,403.8,81.51,18.83,79.71,70,90,800,0,1,1,CRITICAL
maize,silking,1,93.33,1993.39,40.76,36.1,51.35,6.7,140.36,18.8,92.27,70,90,800,0,1,0,POOR
maize,silking,1,28.52,813.04,45.62,43.12,40.32,26.22,31.95,15.16,13.5,70,90,800,0,1,0,CRITICAL
maize,silking,1,47.0,1213.08,35.01,32.95,30.02,23.65,1318.43,9.42,47.52,70,90,800,0,1,1,CRITICAL
maize,silking,1,92.25,845.22,22.01,17.24,39.57,94.35,1365.07,19.7,712.15,70,90,800,0,1,1,POOR
maize,silking,1,71.6,443.6,35.12,32.75,75.66,203.11,360.43,17.3,180.11,70,90,800,0,0,0,MODERATE
maize,silking,1,93.46,1128.51,29.77,23.9,57.13,64.13,288.04,271.78,1.38,70,90,800,0,1,1,POOR
maize,silking,1,93.09,1342.36,46.41,42.08,56.94,79.23,186.51,1.95,159.18,70,90,800,0,1,0,POOR
maize,silking,1,15.84,1136.35,35.17,29.71,85.53,28.54,387.59,3.42,160.73,70,90,800,0,1,0,CRITICAL
maize,silking,1,51.65,549.32,34.45,29.58,49.68,50.49,218.09,0.47,12.95,70,90,800,1,0,0,MODERATE
maize,silking,1,90.54,1063.33,32.49,27.66,45.87,3.69,134.26,23.4,680.0,70,90,800,0,1,1,POOR
maize,silking,1,51.92,1035.53,19.44,15.75,50.96,35.17,805.77,13.7,130.84,70,90,800,0,1,0,POOR
maize,silking,1,21.44,642.76,20.34,17.89,74.27,383.46,260.81,9.84,185.89,70,90,800,1,0,1,POOR
maize,silking,1,52.84,670.53,47.27,41.36,45.56,35.21,85.24,16.34,133.56,70,90,800,1,0,0,POOR
maize,silking,1,51.49,276.47,21.01,18.03,25.06,71.14,327.98,6.19,177.05,70,90,800,1,0,0,POOR
maize,silking,1,96.55,1292.38,29.52,24.65,85.97,59.05,332.01,15.13,164.59,70,90,800,0,1,0,MODERATE
maize,silking,1,80.54,1415.84,38.55,36.39,55.36,81.82,231.68,15.47,154.65,70,90,800,0,1,0,POOR
maize,silking,1,48.78,1987.82,40.44,36.12,94.74,90.82,210.84,12.81,184.52,70,90,800,0,1,0,CRITICAL
maize,silking,1,49.21,163.24,44.12,40.85,71.4,60.74,72.58,19.73,17.59,70,90,800,1,0,0,POOR
maize,silking,1,21.28,1365.21,21.85,17.81,44.5,93.17,383.8,7.92,183.21,70,90,800,0,1,0,POOR
maize,silking,1,64.8,859.42,35.29,32.25,50.24,44.23,254.05,16.21,67.02,70,90,800,0,1,0,CRITICAL
maize,silking,1,74.86,1395.83,37.78,32.04,78.26,30.16,12.32,17.49,110.67,70,90,800,0,1,0,POOR
maize,silking,1,77.1,719.66,44.79,42.14,45.26,49.88,84.29,12.09,613.78,70,90,800,0,0,1,POOR
maize,silking,1,33.49,1273.38,35.18,32.05,52.94,36.55,154.66,10.55,753.29,70,90,800,0,1,1,CRITICAL
maize,silking,1,17.83,279.83,16.71,12.58,69.82,40.35,394.34,46.86,60.79,70,90,800,1,0,1,CRITICAL
maize,silking,1,32.12,347.11,25.57,21.11,97.73,55.81,831.39,13.47,199.0,70,90,800,1,0,0,MODERATE
maize,silking,1,20.62,1214.43,17.94,12.88,93.54,93.19,38.84,13.44,55.31,70,90,800,0,1,0,CRITICAL
maize,silking,1,45.64,514.02,45.92,42.3,72.33,73.2,115.67,14.93,186.14,70,90,800,1,0,0,POOR
maize,silking,1,26.8,320.27,21.89,17.67,93.52,32.62,142.7,12.26,112.78,70,90,800,1,0,0,MODERATE
maize,silking,1,94.4,1613.05,15.76,10.47,67.25,51.89,79.23,19.91,53.66,70,90,800,0,1,0,POOR
maize,silking,1,35.53,1986.91,34.14,29.87,37.67,40.87,132.46,24.72,118.97,70,90,800,0,1,0,POOR
maize,silking,1,17.72,1103.94,45.01,42.99,33.35,81.46,396.62,17.12,183.53,70,90,800,0,1,0,CRITICAL
maize,silking,1,42.62,1359.65,22.04,16.8,37.58,1.01,139.86,4.29,77.14,70,90,800,0,1,0,POOR
maize,silking,1,41.36,730.53,19.34,14.96,66.57,80.0,38.9,24.1,65.1,70,90,800,1,0,0,MODERATE
maize,silking,1,33.08,1187.07,26.27,20.84,99.08,34.33,77.78,18.42,91.09,70,90,800,0,1,0,POOR
maize,silking,1,14.91,833.98,16.83,12.08,80.83,410.34,299.32,12.5,415.2,70,90,800,0,1,1,CRITICAL
maize,silking,1,72.79,382.97,15.85,12.81,93.26,66.81,374.65,3.78,32.01,70,90,800,0,0,0,MODERATE
maize,silking,1,90.02,1091.32,35.87,30.18,61.03,263.34,31.53,4.79,692.39,70,90,800,0,1,1,CRITICAL
maize,silking,1,60.36,1113.26,16.33,13.77,61.06,98.52,217.2,17.19,188.74,70,90,800,0,1,0,CRITICAL
maize,silking,1,92.76,1000.95,17.1,14.18,66.29,8.79,326.08,10.16,121.94,70,90,800,0,1,0,POOR
maize,silking,1,84.19,1729.45,17.1,12.68,67.52,269.82,222.18,0.71,110.91,70,90,800,0,1,1,CRITICAL
maize,silking,1,82.93,1518.32,23.12,20.09,97.43,261.42,64.7,2.19,51.79,70,90,800,0,1,1,POOR
maize,silking,1,19.09,1306.07,38.82,33.96,77.85,260.28,359.36,21.49,69.4,70,90,800,0,1,1,CRITICAL
maize,silking,1,60.98,203.93,47.06,41.32,94.75,87.93,19.79,12.6,104.93,70,90,800,1,0,0,POOR
maize,silking,1,93.95,1081.62,24.12,18.38,70.04,48.37,1405.38,285.62,74.96,70,90,800,0,1,1,POOR
maize,silking,1,48.16,1370.81,32.22,29.77,83.67,56.44,1336.64,22.11,167.6,70,90,800,0,1,1,CRITICAL
maize,silking,1,19.91,1722.31,18.57,16.02,39.67,57.27,218.51,3.35,823.0,70,90,800,0,1,1,CRITICAL
maize,silking,1,20.81,84.83,41.06,38.3,48.25,39.42,16.24,7.95,62.96,70,90,800,1,0,0,POOR
maize,silking,1,10.81,1912.64,19.59,16.44,30.34,49.05,176.36,16.03,181.53,70,90,800,0,1,0,POOR
maize,silking,1,72.58,1065.09,21.25,17.98,27.38,43.26,252.23,5.55,21.08,70,90,800,0,1,0,POOR
maize,silking,1,61.69,1256.17,33.72,28.52,45.63,70.85,316.42,23.37,96.58,70,90,800,0,1,0,POOR
maize,silking,1,27.34,187.57,27.19,23.09,64.96,60.15,305.82,18.48,65.44,70,90,800,1,0,0,MODERATE
maize,silking,1,99.48,747.08,35.69,30.14,71.03,56.59,835.3,14.66,173.86,70,90,800,0,0,0,MODERATE
maize,silking,1,47.49,1378.09,35.73,33.08,61.17,27.72,32.5,7.38,36.5,70,90,800,0,1,0,CRITICAL
maize,silking,1,43.77,425.47,16.01,11.75,67.89,360.61,391.32,5.23,123.93,70,90,800,1,0,1,CRITICAL
maize,silking,1,53.17,1312.51,29.7,25.89,38.01,98.67,87.42,5.06,593.74,70,90,800,0,1,1,CRITICAL
maize,silking,1,13.66,134.24,44.23,41.73,20.17,438.36,136.05,22.62,34.12,70,90,800,1,0,1,CRITICAL
maize,silking,1,73.24,1372.74,33.08,28.29,71.17,77.64,60.65,17.28,583.73,70,90,800,0,1,1,POOR
maize,silking,1,40.9,1225.89,39.75,34.13,55.03,36.05,261.57,14.02,832.61,70,90,800,0,1,1,CRITICAL
maize,silking,1,56.29,98.66,18.49,14.14,29.91,14.94,337.11,20.82,197.95,70,90,800,1,0,0,POOR
maize,silking,1,37.97,1160.87,36.07,32.73,81.67,9.28,199.19,97.38,866.96,70,90,800,0,1,1,CRITICAL
maize,silking,1,76.29,410.53,24.98,21.0,67.11,78.22,193.04,14.39,192.94,70,90,800,0,0,0,GOOD
maize,silking,1,71.17,138.03,17.75,15.44,66.52,89.59,138.4,76.93,737.32,70,90,800,0,0,1,POOR
maize,silking,1,42.61,1482.14,26.58,23.36,36.14,82.09,399.59,24.75,165.54,70,90,800,0,1,0,POOR
maize,silking,1,48.09,1416.25,16.43,12.93,47.7,24.48,242.69,6.66,123.84,70,90,800,0,1,0,CRITICAL
maize,silking,1,65.39,1965.07,17.46,13.49,78.64,422.4,35.4,3.6,104.42,70,90,800,0,1,1,CRITICAL
maize,silking,1,53.92,944.93,21.47,18.03,34.55,73.54,111.84,10.59,164.27,70,90,800,0,1,0,POOR
maize,silking,1,88.94,1666.28,32.55,30.28,65.28,35.53,257.94,2.73,81.63,70,90,800,0,1,0,MODERATE
maize,silking,1,27.24,1139.01,31.52,28.46,52.67,3.5,230.72,295.11,27.63,70,90,800,0,1,1,CRITICAL
maize,silking,1,19.57,1313.93,46.93,42.22,98.79,43.44,47.16,7.94,114.51,70,90,800,0,1,0,CRITICAL
maize,silking,1,38.11,1093.24,15.76,10.6,69.63,19.22,230.61,17.35,83.44,70,90,800,0,1,0,CRITICAL
maize,silking,1,11.76,460.6,17.04,12.76,71.63,15.97,327.92,19.57,59.91,70,90,800,1,0,0,POOR
maize,silking,1,73.4,181.3,16.43,11.65,95.58,77.37,121.83,16.88,7.93,70,90,800,0,0,0,MODERATE
maize,silking,1,72.76,1752.75,25.23,19.91,46.56,79.43,270.86,304.19,89.72,70,90,800,0,1,1,POOR
maize,silking,1,98.7,157.52,26.83,23.64,50.92,278.81,169.34,7.78,51.98,70,90,800,0,0,1,MODERATE
maize,silking,1,40.24,1267.59,27.76,22.91,98.96,37.71,156.89,4.55,878.79,70,90,800,0,1,1,CRITICAL
maize,silking,1,23.6,132.98,28.17,24.08,61.25,13.41,340.34,72.35,191.74,70,90,800,1,0,1,POOR
maize,silking,1,42.64,1029.8,37.52,33.5,96.08,9.99,1296.18,17.91,64.2,70,90,800,0,1,1,CRITICAL
maize,grain_filling,1,58.01,1096.67,40.07,34.8,46.98,80.16,286.78,14.36,653.24,60,80,800,0,1,1,CRITICAL
maize,grain_filling,1,85.91,1756.81,40.37,35.0,34.08,30.39,927.56,17.65,79.8,60,80,800,0,1,0,POOR
maize,grain_filling,1,35.61,790.19,18.04,13.78,50.65,4.65,1139.88,22.85,0.61,60,80,800,1,0,1,POOR
maize,grain_filling,1,94.38,1208.75,47.76,42.35,96.29,32.77,314.48,14.55,186.23,60,80,800,0,1,0,POOR
maize,grain_filling,1,12.6,1469.76,46.25,42.25,47.02,64.67,161.48,13.51,113.39,60,80,800,0,1,0,CRITICAL
maize,grain_filling,1,70.67,1526.47,25.91,23.25,60.23,243.26,200.86,23.49,77.95,60,80,800,0,1,0,MODERATE
maize,grain_filling,1,81.08,1705.66,17.58,11.96,95.0,215.36,219.44,2.17,189.22,60,80,800,0,1,0,POOR
maize,grain_filling,1,90.74,340.0,37.66,34.46,65.43,296.08,52.73,15.78,189.49,60,80,800,0,0,1,POOR
maize,grain_filling,1,50.2,472.36,18.31,15.71,33.33,19.77,800.07,20.57,132.96,60,80,800,1,0,0,MODERATE
maize,grain_filling,1,24.52,685.67,31.2,26.82,64.77,297.59,348.95,2.79,97.64,60,80,800,1,0,1,POOR
maize,grain_filling,1,21.35,906.73,20.37,15.36,33.32,48.25,30.41,14.69,97.67,60,80,800,0,1,0,POOR
maize,grain_filling,1,99.69,356.15,38.39,33.78,89.78,9.24,1098.64,7.36,119.43,60,80,800,0,0,1,POOR
maize,grain_filling,1,92.33,526.25,37.89,32.94,41.92,2.7,360.3,18.17,160.42,60,80,800,0,0,0,MODERATE
maize,grain_filling,1,80.17,848.4,19.77,14.59,56.3,82.69,68.4,10.12,47.88,60,80,800,0,1,0,MODERATE
maize,grain_filling,1,44.96,1026.1,20.72,17.15,50.84,28.6,257.18,22.85,49.98,60,80,800,0,1,0,POOR
maize,grain_filling,1,40.75,824.85,27.31,23.66,76.8,24.56,179.32,124.51,34.66,60,80,800,0,1,1,CRITICAL
maize,grain_filling,1,98.75,1286.05,26.68,24.62,58.8,20.65,106.09,14.64,130.57,60,80,800,0,1,0,MODERATE
maize,grain_filling,1,69.09,1659.88,25.59,20.4,74.22,34.87,259.3,21.2,175.96,60,80,800,0,1,0,MODERATE
maize,grain_filling,1,26.69,1367.29,17.6,13.9,26.87,59.79,269.28,2.53,128.44,60,80,800,0,1,0,CRITICAL
maize,grain_filling,1,74.14,916.85,26.33,20.96,82.77,280.18,34.96,11.02,675.88,60,80,800,0,1,1,POOR
maize,grain_filling,1,10.24,1278.48,28.61,24.59,79.5,22.72,208.55,11.49,117.35,60,80,800,0,1,0,POOR
maize,grain_filling,1,90.03,908.37,26.3,23.89,46.95,430.99,166.9,21.28,124.35,60,80,800,0,1,1,POOR
maize,grain_filling,1,11.91,1175.46,19.95,17.9,28.39,31.38,355.04,5.45,58.95,60,80,800,0,1,0,CRITICAL
maize,grain_filling,1,88.77,254.48,30.04,27.12,77.7,97.02,126.66,1.99,80.09,60,80,800,0,0,0,GOOD
maize,grain_filling,1,22.73,357.59,35.68,31.39,32.32,85.23,168.18,133.4,61.67,60,80,800,1,0,1,CRITICAL
maize,grain_filling,1,49.17,510.09,39.83,34.88,21.78,472.83,202.43,3.46,148.67,60,80,800,1,0,1,CRITICAL
maize,grain_filling,1,60.11,1689.65,37.34,31.81,90.98,40.82,349.5,2.87,700.33,60,80,800,0,1,1,CRITICAL
maize,grain_filling,1,17.28,255.26,43.53,39.52,41.84,73.82,316.77,21.6,104.83,60,80,800,1,0,0,POOR
maize,grain_filling,1,68.94,132.18,25.02,20.33,31.95,22.22,199.57,14.36,81.79,60,80,800,0,0,0,GOOD
maize,grain_filling,1,19.58,1930.02,47.32,43.61,83.12,65.58,125.46,324.41,178.25,60,80,800,0,1,1,CRITICAL
maize,grain_filling,1,29.35,1164.95,37.76,34.21,87.87,96.06,337.15,21.14,177.77,60,80,800,0,1,0,CRITICAL
maize,grain_filling,1,67.09,409.45,24.4,18.74,34.67,17.36,357.85,8.49,77.66,60,80,800,0,0,0,GOOD
maize,grain_filling,1,62.0,1979.66,37.8,32.84,22.57,162.64,391.81,3.65,149.66,60,80,800,0,1,0,CRITICAL
maize,grain_filling,1,68.18,1543.51,39.37,35.47,46.87,387.77,232.42,19.86,186.81,60,80,800,0,1,1,CRITICAL
maize,grain_filling,1,29.41,1133.88,44.91,42.62,68.35,76.98,146.45,4.97,137.63,60,80,800,0,1,0,CRITICAL
maize,grain_filling,1,95.76,1767.04,46.6,43.05,90.22,76.29,273.05,284.76,118.65,60,80,800,0,1,1,CRITICAL
maize,grain_filling,1,71.86,903.69,43.28,39.71,57.46,433.89,130.91,22.38,73.73,60,80,800,0,1,1,CRITICAL
maize,grain_filling,1,26.79,122.13,37.68,31.71,93.54,68.33,248.97,24.25,157.75,60,80,800,1,0,0,POOR
maize,grain_filling,1,81.39,576.2,43.94,41.55,34.26,72.06,222.19,21.03,129.31,60,80,800,0,0,0,MODERATE
maize,grain_filling,1,33.71,342.51,27.86,24.44,78.31,59.81,23.9,19.69,72.5,60,80,800,1,0,0,MODERATE
maize,grain_filling,1,11.44,212.91,31.67,29.07,82.3,27.45,142.84,8.1,168.65,60,80,800,1,0,0,MODERATE
maize,grain_filling,1,67.07,1619.02,46.8,44.78,53.09,73.4,272.25,12.23,148.25,60,80,800,0,1,0,POOR
maize,grain_filling,1,11.2,556.49,30.44,25.66,50.56,53.6,249.22,17.27,140.5,60,80,800,1,0,0,MODERATE
maize,grain_filling,1,29.98,1031.02,46.04,41.75,53.92,0.68,1054.68,8.31,105.49,60,80,800,0,1,1,CRITICAL
maize,grain_filling,1,91.79,929.07,32.44,27.81,25.41,78.13,308.8,20.29,20.54,60,80,800,0,1,0,POOR
maize,grain_filling,1,38.74,110.63,35.81,32.54,78.91,4.59,891.7,7.11,593.88,60,80,800,1,0,1,CRITICAL
maize,grain_filling,1,40.77,66.86,32.06,27.96,29.59,23.5,195.81,0.94,649.84,60,80,800,1,0,1,CRITICAL
maize,grain_filling,1,21.39,380.11,37.09,33.59,69.87,99.75,201.57,11.31,198.84,60,80,800,1,0,0,POOR
maize,grain_filling,1,84.61,1004.85,43.8,40.74,37.89,24.73,1496.24,360.96,659.34,60,80,800,0,1,1,CRITICAL
maize,grain_filling,1,61.1,297.26,27.11,23.32,94.83,65.92,123.94,10.2,165.08,60,80,800,0,0,0,GOOD
maize,grain_filling,1,28.21,1113.34,29.31,25.08,30.84,36.12,1157.58,23.36,110.98,60,80,800,0,1,1,CRITICAL
maize,grain_filling,1,30.78,485.61,36.07,32.53,33.69,455.95,156.3,119.19,197.27,60,80,800,1,0,1,CRITICAL
maize,grain_filling,1,62.98,1551.32,46.25,41.85,32.37,16.39,364.1,0.15,591.32,60,80,800,0,1,1,CRITICAL
maize,grain_filling,1,70.32,1336.84,45.34,39.36,35.83,81.05,40.07,15.72,58.81,60,80,800,0,1,0,POOR
maize,grain_filling,1,54.09,1974.77,24.36,20.24,74.59,273.98,94.7,302.19,78.57,60,80,800,0,1,1,CRITICAL
maize,grain_filling,1,37.02,1937.91,43.55,40.39,74.01,301.02,276.09,10.2,123.68,60,80,800,0,1,1,CRITICAL
maize,grain_filling,1,52.57,1486.63,39.54,35.58,29.35,29.29,71.99,399.73,143.65,60,80,800,0,1,1,CRITICAL
maize,grain_filling,1,87.63,1905.98,29.71,26.04,56.84,421.41,1054.36,5.8,35.93,60,80,800,0,1,1,POOR
maize,grain_filling,1,25.18,1180.43,27.33,23.48,35.67,76.79,100.86,388.32,121.88,60,80,800,0,1,1,CRITICAL
maize,grain_filling,1,18.07,1435.17,27.87,22.52,95.4,41.71,78.85,4.17,28.71,60,80,800,0,1,0,POOR
maize,grain_filling,1,61.26,1330.2,18.81,14.91,48.56,97.34,376.74,1.9,161.29,60,80,800,0,1,0,MODERATE
maize,grain_filling,1,54.03,357.41,37.86,32.58,76.36,44.03,104.14,183.08,181.68,60,80,800,1,0,1,CRITICAL
maize,grain_filling,1,26.03,786.21,21.93,19.6,73.9,58.14,310.38,22.96,122.09,60,80,800,1,0,0,MODERATE
maize,grain_filling,1,52.65,996.67,39.28,34.83,26.4,6.54,110.09,17.6,130.16,60,80,800,0,1,0,CRITICAL
maize,grain_filling,1,91.84,1231.79,34.5,32.29,79.86,402.41,209.52,4.01,567.14,60,80,800,0,1,1,POOR
maize,grain_filling,1,52.99,1993.07,39.32,33.92,27.89,25.31,287.31,15.37,10.22,60,80,800,0,1,0,CRITICAL
maize,grain_filling,1,68.27,587.04,24.19,18.99,77.48,57.97,342.47,22.96,192.6,60,80,800,0,0,0,GOOD
maize,grain_filling,1,76.14,63.61,43.79,41.57,72.22,221.17,298.5,18.4,513.96,60,80,800,0,0,1,POOR
maize,grain_filling,1,77.47,1058.68,31.88,27.61,86.26,74.23,249.86,263.43,3.17,60,80,800,0,1,1,POOR
maize,grain_filling,1,39.4,599.48,34.47,28.93,70.96,24.15,87.58,18.47,160.66,60,80,800,1,0,0,MODERATE
maize,grain_filling,1,68.28,565.13,22.01,19.48,39.36,15.78,234.47,22.84,15.67,60,80,800,0,0,0,GOOD
maize,grain_filling,1,53.79,1528.75,29.05,26.54,89.76,8.29,398.11,19.24,97.29,60,80,800,0,1,0,POOR
maize,grain_filling,1,46.12,793.48,45.67,40.94,69.71,75.78,127.69,10.93,12.91,60,80,800,1,0,0,POOR
maize,grain_filling,1,25.89,1622.29,36.72,33.38,50.1,15.59,222.81,1.67,131.63,60,80,800,0,1,0,CRITICAL
maize,grain_filling,1,23.45,334.09,46.46,41.68,66.83,32.25,399.26,14.69,45.28,60,80,800,1,0,0,POOR
maize,grain_filling,1,16.7,1143.59,45.35,39.7,20.87,354.08,381.78,5.01,122.42,60,80,800,0,1,1,CRITICAL
maize,grain_filling,1,74.12,205.24,44.92,40.83,92.36,90.16,53.85,23.22,197.85,60,80,800,0,0,0,MODERATE
maize,grain_filling,1,62.96,400.69,16.01,12.67,41.29,78.88,6.5,5.48,197.18,60,80,800,0,0,0,MODERATE
maize,grain_filling,1,27.54,1800.81,38.08,32.92,29.93,189.29,83.99,13.61,8.62,60,80,800,0,1,0,CRITICAL
maize,grain_filling,1,14.51,683.06,42.44,39.41,57.75,1.8,77.74,21.26,189.42,60,80,800,1,0,0,POOR
maize,grain_filling,1,55.23,1848.64,29.52,24.17,59.67,10.68,78.13,18.47,43.37,60,80,800,0,1,0,POOR
maize,grain_filling,1,53.3,1992.4,27.67,22.25,88.99,183.19,170.36,319.39,183.03,60,80,800,0,1,1,CRITICAL
maize,grain_filling,1,74.06,490.42,21.19,15.99,53.37,164.85,54.73,215.02,131.48,60,80,800,0,0,1,MODERATE
maize,grain_filling,1,47.8,930.7,34.84,31.78,81.4,9.85,82.73,219.19,138.79,60,80,800,0,1,1,CRITICAL
maize,grain_filling,1,16.4,372.45,47.76,44.13,91.89,298.88,1215.79,344.56,130.44,60,80,800,1,0,1,CRITICAL
maize,grain_filling,1,98.05,1075.57,23.6,19.31,75.25,20.83,244.94,15.59,59.18,60,80,800,0,1,0,MODERATE
maize,grain_filling,1,97.73,1538.95,43.11,39.08,62.09,20.43,296.98,4.33,52.87,60,80,800,0,1,0,POOR
maize,grain_filling,1,20.29,329.99,23.99,19.61,80.23,27.45,83.04,22.2,659.49,60,80,800,1,0,1,POOR
maize,grain_filling,1,47.9,921.19,18.71,14.16,36.87,7.75,56.42,1.6,9.39,60,80,800,0,1,0,POOR
maize,grain_filling,1,69.65,1036.05,41.98,37.79,93.5,48.56,174.09,14.12,118.3,60,80,800,0,1,0,POOR
maize,grain_filling,1,91.85,771.09,41.37,39.24,38.57,34.56,16.55,4.4,602.59,60,80,800,0,0,1,POOR
maize,grain_filling,1,50.2,1858.93,24.87,21.27,51.7,54.61,317.43,14.78,803.59,60,80,800,0,1,1,CRITICAL
maize,grain_filling,1,16.89,1879.17,26.86,21.09,71.91,89.02,26.18,11.53,97.78,60,80,800,0,1,0,POOR
maize,grain_filling,1,27.45,556.88,43.34,38.09,83.14,77.09,154.88,3.97,119.83,60,80,800,1,0,0,POOR
maize,grain_filling,1,56.09,1843.01,18.0,13.25,73.79,95.06,68.96,20.94,450.46,60,80,800,0,1,1,CRITICAL
maize,grain_filling,1,88.54,651.56,23.15,17.53,20.14,60.06,953.21,0.43,167.62,60,80,800,0,0,0,MODERATE
maize,grain_filling,1,63.97,564.37,23.42,18.19,32.34,0.55,282.03,15.66,76.47,60,80,800,0,0,0,GOOD
maize,grain_filling,1,36.58,842.52,32.6,28.66,77.45,47.34,210.15,21.66,108.71,60,80,800,0,1,0,POOR
maize,grain_filling,1,37.33,797.05,41.12,36.47,55.69,57.75,74.13,4.69,161.65,60,80,800,1,0,0,POOR
maize,grain_filling,1,64.75,1492.68,26.7,22.83,25.14,59.71,169.04,10.55,784.78,60,80,800,0,1,1,CRITICAL
maize,grain_filling,1,22.52,483.91,32.8,29.85,22.76,40.23,381.27,3.13,25.9,60,80,800,1,0,0,POOR
maize,grain_filling,1,34.72,1964.01,32.84,30.07,88.7,31.95,307.28,0.77,49.63,60,80,800,0,1,0,POOR
maize,grain_filling,1,83.16,728.18,41.81,37.95,28.09,84.63,375.0,21.77,40.98,60,80,800,0,0,0,POOR
maize,grain_filling,1,48.66,1272.9,42.18,38.81,65.47,77.76,153.35,8.72,193.49,60,80,800,0,1,0,CRITICAL
maize,grain_filling,1,13.83,1437.04,39.23,33.38,40.3,8.27,288.61,3.18,191.1,60,80,800,0,1,0,CRITICAL
maize,grain_filling,1,16.26,1764.44,34.6,30.46,30.52,48.9,308.88,20.57,56.49,60,80,800,0,1,0,POOR
maize,grain_filling,1,20.54,1295.32,43.09,40.82,28.48,56.56,85.82,21.55,53.27,60,80,800,0,1,0,CRITICAL
maize,grain_filling,1,86.72,968.79,23.84,20.8,65.41,7.9,134.25,17.31,8.2,60,80,800,0,1,0,MODERATE
maize,grain_filling,1,92.18,258.91,39.55,35.23,48.66,7.91,200.51,24.78,765.79,60,80,800,0,0,1,POOR
maize,grain_filling,1,97.69,1894.33,44.02,38.06,50.08,94.83,18.19,15.79,28.26,60,80,800,0,1,0,POOR
maize,grain_filling,1,97.53,343.05,44.92,41.55,53.28,369.42,239.98,9.96,195.37,60,80,800,0,0,1,POOR
maize,grain_filling,1,77.62,961.51,15.57,11.4,70.01,98.12,39.26,5.79,43.64,60,80,800,0,1,0,POOR
maize,grain_filling,1,87.65,74.72,15.23,10.79,97.88,85.59,250.44,10.81,113.67,60,80,800,0,0,0,MODERATE
maize,grain_filling,1,31.12,915.65,16.51,12.51,94.29,370.84,124.98,16.1,166.32,60,80,800,0,1,1,CRITICAL
maize,grain_filling,1,77.8,527.74,37.28,34.81,75.38,23.88,290.39,4.6,789.2,60,80,800,0,0,1,POOR
maize,grain_filling,1,10.54,279.85,33.45,27.54,72.86,37.41,145.1,378.96,407.67,60,80,800,1,0,1,POOR
maize,grain_filling,1,42.97,1745.1,21.16,17.38,23.53,480.15,211.93,8.54,127.58,60,80,800,0,1,1,CRITICAL
maize,grain_filling,1,47.66,1816.21,44.79,38.82,64.07,34.43,290.69,22.91,63.42,60,80,800,0,1,0,CRITICAL
maize,grain_filling,1,82.68,1713.98,29.61,26.17,56.43,65.28,997.62,15.57,50.3,60,80,800,0,1,0,MODERATE
maize,grain_filling,1,25.47,1742.99,28.81,22.96,66.68,341.07,801.31,5.87,541.32,60,80,800,0,1,1,CRITICAL
maize,grain_filling,1,92.07,1050.61,23.53,21.12,32.53,52.23,1322.33,14.63,99.25,60,80,800,0,1,1,POOR
maize,grain_filling,1,48.21,1110.15,45.49,40.96,71.41,78.46,383.77,15.03,31.13,60,80,800,0,1,0,CRITICAL
maize,grain_filling,1,47.66,796.36,23.1,19.78,59.87,24.77,107.72,14.92,71.82,60,80,800,1,0,0,MODERATE
maize,grain_filling,1,87.2,332.24,17.42,15.37,96.45,30.02,292.18,24.89,100.51,60,80,800,0,0,0,MODERATE
maize,grain_filling,1,25.34,1520.48,28.72,23.06,71.53,56.43,274.42,23.67,197.44,60,80,800,0,1,0,POOR
maize,grain_filling,1,94.23,227.68,17.89,13.16,34.24,91.71,355.54,23.39,36.57,60,80,800,0,0,0,MODERATE
maize,grain_filling,1,63.71,113.99,28.65,23.33,55.55,16.92,319.37,12.26,44.99,60,80,800,0,0,0,GOOD
maize,grain_filling,1,28.78,1976.97,43.56,38.01,74.85,348.83,15.49,176.17,144.65,60,80,800,0,1,1,CRITICAL
maize,grain_filling,1,32.2,1241.15,44.57,40.35,78.67,45.33,1261.62,20.5,56.24,60,80,800,0,1,1,CRITICAL
maize,grain_filling,1,51.61,1702.54,15.89,13.06,90.54,5.91,1192.13,5.7,49.1,60,80,800,0,1,1,CRITICAL
maize,grain_filling,1,44.59,743.57,20.28,14.84,50.87,98.19,202.05,22.14,96.26,60,80,800,1,0,0,MODERATE
maize,grain_filling,1,88.31,1364.46,16.45,10.58,93.44,12.66,302.82,12.76,129.0,60,80,800,0,1,0,POOR
maize,grain_filling,1,71.88,1336.9,33.19,29.94,50.22,471.12,1438.57,23.19,121.84,60,80,800,0,1,1,POOR
maize,grain_filling,1,72.53,849.17,42.53,37.34,36.91,18.39,1326.76,5.97,174.56,60,80,800,0,1,1,CRITICAL
maize,grain_filling,1,30.95,1893.72,30.26,26.59,21.05,5.1,230.21,102.97,24.3,60,80,800,0,1,1,CRITICAL
maize,grain_filling,1,95.08,692.62,36.72,32.37,31.97,24.82,278.0,9.98,23.8,60,80,800,0,0,0,MODERATE
maize,grain_filling,1,70.91,1853.08,19.81,16.53,47.57,23.21,333.78,20.58,22.01,60,80,800,0,1,0,MODERATE
maize,grain_filling,1,98.4,993.13,28.04,25.05,98.69,25.33,150.82,9.11,117.81,60,80,800,0,1,0,MODERATE
maize,grain_filling,1,74.54,660.82,20.39,16.08,37.19,27.1,295.86,19.69,132.94,60,80,800,0,0,0,GOOD
maize,grain_filling,1,33.09,683.5,44.59,40.9,67.28,10.67,1492.24,15.82,73.75,60,80,800,1,0,1,CRITICAL
maize,grain_filling,1,27.37,863.99,42.25,39.73,30.32,22.44,201.28,6.94,148.73,60,80,800,0,1,0,CRITICAL
maize,grain_filling,1,31.5,1045.9,37.47,33.63,26.55,1.8,362.48,17.8,36.23,60,80,800,0,1,0,CRITICAL
maize,grain_filling,1,42.81,729.91,19.35,13.7,22.38,44.0,902.27,285.3,762.59,60,80,800,1,0,1,CRITICAL
maize,grain_filling,1,67.57,858.62,43.86,39.64,79.96,58.78,31.51,104.31,150.01,60,80,800,0,1,1,CRITICAL
maize,grain_filling,1,33.03,976.16,36.16,31.03,26.53,70.85,85.73,11.89,36.58,60,80,800,0,1,0,CRITICAL
maize,grain_filling,1,33.71,527.9,21.96,17.02,85.49,256.8,249.57,251.16,60.32,60,80,800,1,0,1,POOR
maize,grain_filling,1,58.63,946.97,40.84,38.6,70.17,76.07,1275.77,10.54,82.44,60,80,800,0,1,1,CRITICAL
maize,grain_filling,1,98.62,1635.94,21.34,17.03,25.31,24.69,1149.58,5.32,47.19,60,80,800,0,1,1,CRITICAL
maize,grain_filling,1,94.65,811.42,21.74,19.26,88.45,3.21,98.95,1.8,103.65,60,80,800,0,1,0,MODERATE
maize,grain_filling,1,43.1,1036.99,40.26,36.26,82.6,11.54,308.8,286.7,150.82,60,80,800,0,1,1,CRITICAL
maize,grain_filling,1,78.16,548.87,32.41,29.16,38.05,96.96,54.71,4.21,19.49,60,80,800,0,0,0,GOOD
maize,grain_filling,1,90.27,1845.45,39.19,35.33,40.39,74.41,186.33,10.14,98.54,60,80,800,0,1,0,POOR
maize,grain_filling,1,87.72,164.59,46.45,43.7,98.39,17.56,975.37,7.64,671.25,60,80,800,0,0,1,POOR
maize,grain_filling,1,48.11,431.12,26.42,21.47,72.73,77.83,372.87,17.92,893.03,60,80,800,1,0,1,POOR
maize,grain_filling,1,71.03,560.27,23.64,18.11,66.83,78.93,133.07,17.51,174.83,60,80,800,0,0,0,GOOD
maize,grain_filling,1,38.07,1779.84,28.95,23.53,82.64,81.62,13.62,4.75,636.29,60,80,800,0,1,1,CRITICAL
maize,grain_filling,1,77.37,1890.71,22.48,18.36,45.49,49.38,93.3,14.24,876.59,60,80,800,0,1,1,POOR
maize,grain_filling,1,15.9,374.66,34.18,31.25,94.75,75.56,319.78,7.17,90.06,60,80,800,1,0,0,MODERATE
maize,grain_filling,1,62.24,1464.82,24.37,19.43,34.65,33.84,108.21,20.95,47.54,60,80,800,0,1,0,MODERATE
maize,grain_filling,1,32.27,1109.84,17.98,14.12,34.21,21.12,297.59,221.93,193.65,60,80,800,0,1,1,CRITICAL
maize,grain_filling,1,72.41,705.65,35.64,32.67,41.36,7.52,1367.24,2.19,160.91,60,80,800,0,0,1,POOR
maize,grain_filling,1,38.24,1968.66,44.68,41.1,90.1,3.28,938.87,15.4,555.61,60,80,800,0,1,1,CRITICAL
maize,grain_filling,1,32.98,739.25,19.71,14.61,39.02,6.83,893.52,1.7,190.57,60,80,800,1,0,0,MODERATE
maize,grain_filling,1,90.28,786.84,24.7,19.99,76.21,78.0,274.78,15.32,610.29,60,80,800,0,0,1,MODERATE
maize,grain_filling,1,57.87,1509.56,20.75,18.32,39.17,341.84,170.44,0.83,97.24,60,80,800,0,1,1,CRITICAL
maize,grain_filling,1,59.02,223.16,36.13,31.07,42.92,68.75,364.71,9.98,130.09,60,80,800,1,0,0,POOR
maize,grain_filling,1,75.02,1348.16,17.42,12.78,94.45,7.45,267.09,19.61,702.5,60,80,800,0,1,1,CRITICAL
maize,grain_filling,1,72.14,1822.33,20.33,15.07,35.74,2.74,17.41,22.55,50.95,60,80,800,0,1,0,MODERATE
maize,grain_filling,1,64.55,971.22,27.78,25.11,55.35,8.52,152.26,7.82,183.26,60,80,800,0,1,0,MODERATE
maize,grain_filling,1,74.77,109.05,19.35,15.35,38.3,79.83,93.17,22.9,51.48,60,80,800,0,0,0,GOOD
maize,grain_filling,1,96.87,61.39,33.8,31.45,52.61,63.49,975.92,20.28,194.53,60,80,800,0,0,0,GOOD
maize,grain_filling,1,64.59,717.94,37.31,33.13,94.36,61.79,120.35,0.3,154.7,60,80,800,0,0,0,MODERATE
maize,grain_filling,1,61.05,877.08,47.03,43.06,72.6,255.51,1175.73,12.16,124.01,60,80,800,0,1,1,CRITICAL
maize,grain_filling,1,96.97,267.05,18.47,16.3,45.6,39.82,1325.72,15.48,155.51,60,80,800,0,0,1,MODERATE
maize,grain_filling,1,32.8,1512.97,33.68,29.34,36.8,419.72,294.69,121.68,697.16,60,80,800,0,1,1,CRITICAL
maize,grain_filling,1,98.65,1193.31,16.12,12.54,94.98,28.83,227.25,23.72,76.81,60,80,800,0,1,0,POOR
maize,grain_filling,1,89.16,373.06,23.73,21.15,28.33,30.03,85.2,18.63,130.37,60,80,800,0,0,0,MODERATE
maize,grain_filling,1,44.13,1605.02,26.35,23.43,44.81,43.96,353.68,19.92,120.83,60,80,800,0,1,0,POOR
maize,grain_filling,1,42.96,256.26,47.59,45.25,33.49,47.98,307.44,45.1,165.85,60,80,800,1,0,1,CRITICAL
maize,grain_filling,1,89.07,446.0,25.53,22.27,28.73,72.96,310.18,254.42,99.34,60,80,800,0,0,1,POOR
maize,grain_filling,1,82.83,1300.71,34.16,29.26,87.22,86.29,6.47,18.03,97.31,60,80,800,0,1,0,MODERATE
maize,grain_filling,1,79.89,1528.35,25.15,21.84,37.57,81.38,95.53,1.14,111.22,60,80,800,0,1,0,MODERATE
maize,grain_filling,1,63.47,1335.25,36.39,33.35,84.77,91.77,359.66,0.12,508.37,60,80,800,0,1,1,CRITICAL
maize,grain_filling,1,16.18,558.24,47.11,44.19,30.64,85.71,129.37,22.03,71.77,60,80,800,1,0,0,POOR
maize,grain_filling,1,91.49,1929.87,24.9,20.78,70.55,168.67,214.21,18.87,93.9,60,80,800,0,1,0,MODERATE
maize,grain_filling,1,94.86,738.84,46.91,41.41,66.74,35.37,232.25,18.33,18.9,60,80,800,0,0,0,MODERATE
maize,grain_filling,1,82.33,734.64,15.58,11.64,99.73,34.9,69.24,19.13,703.8,60,80,800,0,0,1,POOR
maize,grain_filling,1,48.71,151.15,33.95,28.11,21.17,24.03,129.31,1.16,71.12,60,80,800,1,0,0,POOR
maize,grain_filling,1,42.48,1606.09,28.66,24.31,33.09,6.97,140.13,18.91,191.6,60,80,800,0,1,0,POOR
maize,grain_filling,1,82.36,848.32,37.56,34.9,63.08,12.66,1267.58,4.13,656.27,60,80,800,0,1,1,CRITICAL
maize,grain_filling,1,69.65,1042.0,25.31,19.44,84.07,38.12,995.28,3.13,69.32,60,80,800,0,1,0,MODERATE
maize,grain_filling,1,63.42,1841.93,40.29,36.12,94.21,447.39,367.68,11.71,167.49,60,80,800,0,1,1,CRITICAL
maize,grain_filling,1,28.06,540.85,36.79,34.33,35.03,52.8,345.34,8.7,116.06,60,80,800,1,0,0,POOR
maize,grain_filling,1,95.66,743.86,29.45,24.76,97.38,383.47,34.08,266.98,126.56,60,80,800,0,0,1,MODERATE
maize,grain_filling,1,69.84,935.98,36.5,33.19,66.52,42.41,158.33,17.66,62.91,60,80,800,0,1,0,POOR
maize,grain_filling,1,27.41,1507.45,19.37,16.66,80.7,77.01,346.63,17.72,142.19,60,80,800,0,1,0,POOR
maize,grain_filling,1,76.22,1123.39,33.46,29.99,29.34,21.69,0.9,16.38,888.19,60,80,800,0,1,1,CRITICAL
maize,grain_filling,1,60.21,759.22,30.92,25.55,88.27,84.59,124.54,6.92,10.45,60,80,800,0,0,0,GOOD
maize,grain_filling,1,94.53,936.78,18.37,13.67,91.67,391.98,96.28,10.66,1.02,60,80,800,0,1,1,POOR
maize,grain_filling,1,66.9,1292.85,34.26,31.09,95.79,39.2,299.57,20.62,186.18,60,80,800,0,1,0,MODERATE
maize,maturity,0,40.8,188.11,22.05,17.54,22.26,59.22,138.24,389.82,474.39,40,60,800,0,0,1,POOR
maize,maturity,0,81.42,1046.98,27.06,23.26,92.15,18.46,368.23,0.07,126.25,40,60,800,0,1,0,MODERATE
maize,maturity,0,55.45,1150.75,29.94,26.1,67.17,52.64,56.72,10.75,113.62,40,60,800,0,1,0,MODERATE
maize,maturity,0,72.57,1614.64,44.19,39.16,87.56,270.17,365.83,21.65,127.9,40,60,800,0,1,1,CRITICAL
maize,maturity,0,82.69,625.67,45.73,39.91,85.27,98.76,334.47,15.37,133.64,40,60,800,0,0,0,MODERATE
maize,maturity,0,53.24,313.12,40.92,38.8,99.4,384.82,244.99,6.93,154.92,40,60,800,0,0,1,POOR
maize,maturity,0,37.18,1102.75,23.2,20.15,80.58,34.25,1369.79,18.66,25.93,40,60,800,0,1,1,CRITICAL
maize,maturity,0,70.99,512.41,25.68,22.51,83.81,17.12,219.81,2.83,165.28,40,60,800,0,0,0,GOOD
maize,maturity,0,64.32,1390.53,24.73,20.32,82.08,34.76,9.46,6.97,117.06,40,60,800,0,1,0,MODERATE
maize,maturity,0,78.7,181.02,28.62,25.44,25.65,41.26,122.01,324.84,749.23,40,60,800,0,0,1,POOR
maize,maturity,0,85.6,1451.51,31.51,28.42,90.18,77.67,125.93,22.32,15.56,40,60,800,0,1,0,MODERATE
maize,maturity,0,78.91,1789.35,26.13,22.02,71.8,494.94,118.56,12.86,696.87,40,60,800,0,1,1,POOR
maize,maturity,0,12.3,1671.42,41.13,38.6,46.82,88.48,362.2,16.31,112.66,40,60,800,0,1,0,CRITICAL
maize,maturity,0,71.6,549.35,42.48,38.69,98.98,2.33,222.24,22.05,175.07,40,60,800,0,0,0,MODERATE
maize,maturity,0,29.89,879.36,22.63,17.97,59.91,78.81,103.81,4.34,5.56,40,60,800,0,1,0,POOR
maize,maturity,0,96.74,384.1,41.2,37.94,37.88,96.96,278.85,2.55,131.52,40,60,800,0,0,0,MODERATE
maize,maturity,0,95.04,1124.76,36.44,34.3,96.88,347.18,954.21,18.42,82.6,40,60,800,0,1,1,CRITICAL
maize,maturity,0,28.92,1681.57,42.91,38.37,93.69,81.3,896.32,0.62,158.09,40,60,800,0,1,0,CRITICAL
maize,maturity,0,68.59,1414.87,31.32,26.94,87.71,31.29,274.97,5.26,84.97,40,60,800,0,1,0,MODERATE
maize,maturity,0,95.25,56.84,44.42,39.47,33.77,47.22,50.95,20.06,549.22,40,60,800,0,0,1,POOR
maize,maturity,0,60.33,1765.67,29.06,24.17,42.93,309.3,102.33,0.79,30.35,40,60,800,0,1,1,POOR
maize,maturity,0,40.85,909.44,30.21,27.65,34.5,84.82,167.41,20.76,52.73,40,60,800,0,1,0,MODERATE
maize,maturity,0,42.62,1837.51,26.91,23.24,80.89,79.38,193.03,1.13,76.42,40,60,800,0,1,0,MODERATE
maize,maturity,0,64.48,1372.84,43.57,38.07,88.86,15.32,143.5,24.39,1.28,40,60,800,0,1,0,POOR
maize,maturity,0,19.28,1938.69,40.66,35.75,96.63,40.75,278.85,10.63,104.56,40,60,800,0,1,0,CRITICAL
maize,maturity,0,26.29,1245.9,36.72,34.62,63.23,78.5,130.6,7.96,416.52,40,60,800,0,1,1,CRITICAL
maize,maturity,0,84.25,1287.08,17.0,14.71,63.6,28.51,335.46,19.43,766.95,40,60,800,0,1,1,CRITICAL
maize,maturity,0,39.87,764.36,17.76,13.19,64.2,413.27,362.85,21.9,123.07,40,60,800,1,0,1,CRITICAL
maize,maturity,0,11.93,885.06,30.88,25.59,53.15,28.12,36.54,0.32,455.36,40,60,800,0,1,1,CRITICAL
maize,maturity,0,66.02,167.05,17.05,12.61,63.21,228.51,228.8,184.95,9.74,40,60,800,0,0,1,POOR
maize,maturity,0,46.79,137.85,34.3,30.36,73.34,54.27,10.01,10.9,187.16,40,60,800,0,0,0,GOOD
maize,maturity,0,10.54,1590.0,44.07,41.37,93.3,91.41,177.98,3.99,115.91,40,60,800,0,1,0,CRITICAL
maize,maturity,0,39.96,1195.6,23.15,17.76,49.33,58.16,69.48,14.67,97.11,40,60,800,0,1,0,POOR
maize,maturity,0,19.42,1780.71,45.28,41.98,69.28,49.23,383.99,19.53,171.92,40,60,800,0,1,0,CRITICAL
maize,maturity,0,51.3,960.82,28.4,23.92,52.53,187.29,9.9,6.57,26.18,40,60,800,0,1,0,MODERATE
maize,maturity,0,19.38,1352.19,35.11,30.25,57.96,27.0,87.58,11.89,176.33,40,60,800,0,1,0,CRITICAL
maize,maturity,0,65.14,163.05,37.81,32.68,51.8,17.46,107.6,4.37,124.83,40,60,800,0,0,0,MODERATE
maize,maturity,0,83.29,1419.27,40.48,37.99,37.92,450.02,332.76,22.48,107.32,40,60,800,0,1,1,CRITICAL
maize,maturity,0,89.74,1740.54,46.01,42.08,52.85,66.58,287.97,0.52,89.58,40,60,800,0,1,0,POOR
maize,maturity,0,17.07,1126.28,17.91,15.53,88.12,28.94,88.93,8.68,132.04,40,60,800,0,1,0,CRITICAL
maize,maturity,0,74.35,888.39,43.86,39.33,96.68,28.41,298.07,21.55,89.02,40,60,800,0,1,0,POOR
maize,maturity,0,97.97,1585.01,39.67,35.09,47.83,16.96,269.39,2.3,90.18,40,60,800,0,1,0,POOR
maize,maturity,0,91.68,702.93,40.92,36.42,47.0,81.78,27.49,10.14,159.55,40,60,800,0,0,0,MODERATE
maize,maturity,0,36.56,1868.77,35.59,30.4,20.26,45.03,290.62,19.37,198.19,40,60,800,0,1,0,CRITICAL
maize,maturity,0,58.11,1365.91,39.03,36.99,28.19,152.29,195.87,21.27,155.59,40,60,800,0,1,0,CRITICAL
maize,maturity,0,80.15,484.55,32.52,29.25,27.56,10.51,42.33,265.5,6.2,40,60,800,0,0,1,POOR
maize,maturity,0,75.64,802.41,35.17,31.94,32.73,72.35,368.28,23.99,67.49,40,60,800,0,1,0,POOR
maize,maturity,0,69.51,1938.94,21.12,16.95,55.93,153.72,191.89,21.31,129.78,40,60,800,0,1,0,MODERATE
maize,maturity,0,82.69,614.95,43.01,38.58,48.3,59.42,911.83,10.27,5.81,40,60,800,0,0,0,MODERATE
maize,maturity,0,98.6,253.68,16.56,14.38,37.35,57.92,35.52,18.64,193.81,40,60,800,0,0,0,MODERATE
maize,maturity,0,47.34,1835.75,35.17,31.99,65.16,99.21,381.18,22.39,133.94,40,60,800,0,1,0,POOR
maize,maturity,0,92.22,1022.62,28.68,22.99,97.93,6.22,134.91,18.15,187.24,40,60,800,0,1,0,MODERATE
maize,maturity,0,85.21,1300.47,26.6,23.94,90.73,98.85,104.52,17.87,171.6,40,60,800,0,1,0,MODERATE
maize,maturity,0,42.71,390.83,30.03,26.04,58.27,347.64,205.67,21.71,12.73,40,60,800,0,0,1,MODERATE
maize,maturity,0,11.79,1055.39,27.99,22.9,86.4,68.5,338.85,391.22,199.65,40,60,800,0,1,1,CRITICAL
maize,maturity,0,36.44,1908.27,43.93,40.97,59.13,7.01,1004.68,15.39,19.71,40,60,800,0,1,1,CRITICAL
maize,maturity,0,56.08,750.35,33.68,31.39,95.52,29.37,38.19,18.45,185.75,40,60,800,0,0,0,GOOD
maize,maturity,0,24.2,397.73,30.05,27.12,92.24,5.08,26.41,18.08,96.9,40,60,800,1,0,0,MODERATE
maize,maturity,0,10.05,1929.08,29.55,27.5,20.72,28.84,25.18,22.67,5.85,40,60,800,0,1,0,CRITICAL
maize,maturity,0,85.46,1770.61,40.94,35.65,64.92,26.49,2.13,0.35,615.54,40,60,800,0,1,1,CRITICAL
maize,maturity,0,89.58,851.1,26.54,24.05,22.82,479.1,325.01,14.89,138.33,40,60,800,0,1,1,CRITICAL
maize,maturity,0,55.21,1593.7,15.84,11.12,38.85,27.05,1090.77,4.07,69.91,40,60,800,0,1,1,CRITICAL
maize,maturity,0,83.04,891.54,33.89,30.6,76.32,65.47,245.64,19.98,192.34,40,60,800,0,1,0,MODERATE
maize,maturity,0,56.3,537.21,37.92,32.23,87.3,19.84,228.64,18.97,554.13,40,60,800,0,0,1,POOR
maize,maturity,0,69.94,1917.65,23.98,20.9,76.34,92.84,154.92,18.83,639.15,40,60,800,0,1,1,POOR
maize,maturity,0,64.65,1236.04,47.8,45.43,42.11,65.61,357.06,7.77,34.65,40,60,800,0,1,0,POOR
maize,maturity,0,15.34,636.71,35.34,32.0,61.05,90.94,327.9,381.57,44.96,40,60,800,1,0,1,CRITICAL
maize,maturity,0,70.72,411.35,16.64,11.34,46.03,10.85,273.5,3.2,17.37,40,60,800,0,0,0,MODERATE
maize,maturity,0,49.94,398.0,27.15,22.45,48.08,34.13,205.54,0.61,72.89,40,60,800,0,0,0,GOOD
maize,maturity,0,21.73,1836.81,21.7,19.12,70.09,52.19,186.87,9.91,58.75,40,60,800,0,1,0,POOR
maize,maturity,0,34.28,140.61,20.1,16.65,21.66,75.3,393.87,341.48,47.26,40,60,800,1,0,1,CRITICAL
maize,maturity,0,37.47,976.27,18.22,15.53,24.93,368.84,216.87,22.12,2.93,40,60,800,0,1,1,CRITICAL
maize,maturity,0,12.73,1562.56,31.93,28.59,84.46,151.22,102.27,4.06,70.91,40,60,800,0,1,0,POOR
maize,maturity,0,20.54,1038.89,32.72,28.02,80.73,69.58,1052.07,11.01,143.69,40,60,800,0,1,1,CRITICAL
maize,maturity,0,57.39,622.58,44.85,39.67,84.11,43.32,149.77,3.63,113.63,40,60,800,0,0,0,MODERATE
maize,maturity,0,31.23,1547.62,15.62,10.5,62.14,93.62,164.9,2.48,52.35,40,60,800,0,1,0,CRITICAL
maize,maturity,0,91.71,320.33,22.82,17.14,23.16,65.61,187.27,5.79,860.42,40,60,800,0,0,1,POOR
maize,maturity,0,30.7,639.18,20.35,14.64,51.83,44.97,47.9,17.98,766.78,40,60,800,1,0,1,POOR
maize,maturity,0,14.25,132.35,36.23,32.04,32.43,54.83,179.66,10.36,184.19,40,60,800,1,0,0,POOR
maize,maturity,0,92.47,473.28,27.51,23.38,98.07,53.53,388.32,20.08,131.45,40,60,800,0,0,0,GOOD
maize,maturity,0,76.38,289.5,23.49,20.72,87.3,307.77,286.71,12.73,65.43,40,60,800,0,0,1,MODERATE
maize,maturity,0,54.42,1011.1,29.22,26.3,93.85,31.78,1432.66,9.04,65.45,40,60,800,0,1,1,POOR
maize,maturity,0,79.16,1417.54,23.29,18.16,87.8,59.84,238.16,168.25,24.55,40,60,800,0,1,1,POOR
maize,maturity,0,59.93,1321.19,31.69,28.66,88.56,65.75,254.82,20.31,122.71,40,60,800,0,1,0,MODERATE
maize,maturity,0,25.05,1385.32,26.08,22.27,46.65,367.55,193.37,17.22,112.57,40,60,800,0,1,1,CRITICAL
maize,maturity,0,22.64,737.59,16.6,12.26,34.07,37.74,340.14,16.73,18.99,40,60,800,1,0,0,POOR
maize,maturity,0,57.88,273.63,45.86,40.44,97.73,447.99,360.84,1.28,182.96,40,60,800,0,0,1,POOR
maize,maturity,0,93.74,259.42,43.7,38.54,23.22,337.04,351.53,9.7,29.56,40,60,800,0,0,1,CRITICAL
maize,maturity,0,16.91,1590.6,34.32,30.36,73.87,376.95,245.41,13.28,138.62,40,60,800,0,1,1,CRITICAL
maize,maturity,0,78.33,60.86,37.41,33.45,50.14,34.05,156.57,11.34,37.92,40,60,800,0,0,0,MODERATE
maize,maturity,0,95.11,1778.77,17.8,13.5,96.83,74.71,111.61,83.54,168.95,40,60,800,0,1,1,CRITICAL
maize,maturity,0,58.23,604.08,24.35,22.0,96.27,189.84,1027.81,14.95,100.13,40,60,800,0,0,1,MODERATE
maize,maturity,0,61.1,1896.77,34.8,32.21,20.56,85.1,320.29,4.35,181.39,40,60,800,0,1,0,POOR
maize,maturity,0,84.03,140.93,24.43,20.95,98.04,257.81,122.67,209.98,40.54,40,60,800,0,0,1,MODERATE
maize,maturity,0,43.14,1623.47,19.4,16.87,94.39,9.48,1404.13,12.06,45.24,40,60,800,0,1,1,POOR
maize,maturity,0,50.18,1242.8,45.7,40.74,77.85,460.9,372.91,146.22,58.24,40,60,800,0,1,1,CRITICAL
maize,maturity,0,39.08,1851.86,29.52,25.88,70.07,8.11,189.61,17.38,86.37,40,60,800,0,1,0,POOR
maize,maturity,0,96.84,966.96,26.21,22.14,78.27,460.52,216.52,3.45,117.81,40,60,800,0,1,1,POOR
maize,maturity,0,82.0,1997.02,23.5,21.25,55.44,8.34,236.85,136.49,32.22,40,60,800,0,1,1,POOR
maize,maturity,0,20.49,1764.01,24.17,19.28,54.24,474.86,27.59,282.06,18.83,40,60,800,0,1,1,CRITICAL
maize,maturity,0,44.21,1753.95,33.01,30.74,60.64,78.96,178.02,18.25,116.31,40,60,800,0,1,0,MODERATE
maize,maturity,0,28.24,1573.26,20.33,17.08,42.79,4.86,8.86,14.84,160.75,40,60,800,0,1,0,POOR
maize,maturity,0,18.29,449.81,40.52,37.63,27.4,59.72,247.32,23.1,53.39,40,60,800,1,0,0,CRITICAL
maize,maturity,0,60.15,798.51,34.93,31.49,77.42,292.06,100.08,24.41,119.02,40,60,800,0,0,1,MODERATE
maize,maturity,0,84.75,437.75,38.74,34.72,92.4,97.3,298.34,24.12,167.54,40,60,800,0,0,0,MODERATE
maize,maturity,0,12.71,618.39,45.62,39.89,44.88,83.59,133.78,1.53,195.25,40,60,800,1,0,0,POOR
maize,maturity,0,30.93,911.12,29.51,25.96,23.59,175.48,276.52,5.83,159.4,40,60,800,0,1,0,CRITICAL
maize,maturity,0,28.04,605.82,22.77,18.19,62.14,72.13,272.2,7.64,36.85,40,60,800,1,0,0,MODERATE
maize,maturity,0,45.0,529.61,37.41,32.96,26.23,66.67,76.29,12.04,112.95,40,60,800,0,0,0,POOR
maize,maturity,0,75.61,949.98,16.11,13.18,22.06,264.06,347.4,20.18,78.58,40,60,800,0,1,1,CRITICAL
maize,maturity,0,60.24,240.4,38.69,33.01,32.97,47.09,368.31,391.53,84.46,40,60,800,0,0,1,POOR
maize,maturity,0,36.41,1876.61,41.22,36.63,42.76,70.13,203.37,21.64,94.08,40,60,800,0,1,0,CRITICAL
maize,maturity,0,56.99,1832.21,36.46,33.61,33.18,37.24,73.44,16.32,61.84,40,60,800,0,1,0,POOR
maize,maturity,0,64.03,1187.85,35.81,30.44,90.94,177.63,378.96,312.29,133.04,40,60,800,0,1,1,CRITICAL
maize,maturity,0,42.2,1460.12,15.56,10.99,81.33,176.66,56.73,20.42,95.17,40,60,800,0,1,0,POOR
maize,maturity,0,62.08,896.25,27.3,23.38,49.19,34.35,102.55,22.77,171.8,40,60,800,0,1,0,MODERATE
maize,maturity,0,51.25,801.14,27.6,22.99,52.14,61.63,141.23,24.35,48.48,40,60,800,0,1,0,MODERATE
maize,maturity,0,51.78,498.35,33.39,30.37,95.2,62.89,286.69,15.36,187.48,40,60,800,0,0,0,GOOD
maize,maturity,0,41.35,304.05,26.99,22.56,21.81,87.02,124.48,0.11,411.18,40,60,800,0,0,1,POOR
maize,maturity,0,34.67,1031.09,20.92,18.73,79.59,12.5,5.39,41.4,103.39,40,60,800,0,1,1,CRITICAL
maize,maturity,0,81.78,1235.42,40.15,36.36,49.7,82.31,217.06,23.24,35.65,40,60,800,0,1,0,POOR
maize,maturity,0,33.76,1010.17,42.51,38.37,39.56,4.46,393.74,0.31,117.16,40,60,800,0,1,0,CRITICAL
maize,maturity,0,22.01,940.94,16.22,14.06,72.62,95.17,22.35,24.4,702.71,40,60,800,0,1,1,CRITICAL
maize,maturity,0,30.74,937.03,43.54,39.33,39.72,20.89,365.68,15.12,170.49,40,60,800,0,1,0,CRITICAL
maize,maturity,0,20.4,147.3,15.94,13.35,73.36,49.4,1421.95,23.04,757.09,40,60,800,1,0,1,CRITICAL
maize,maturity,0,12.23,1847.2,33.34,30.89,37.19,327.14,47.01,12.9,0.26,40,60,800,0,1,1,CRITICAL
maize,maturity,0,87.81,660.92,27.11,23.31,87.94,1.42,385.56,13.0,591.71,40,60,800,0,0,1,MODERATE
maize,maturity,0,74.7,1389.99,22.66,18.42,48.54,24.02,113.11,274.99,166.41,40,60,800,0,1,1,POOR
maize,maturity,0,54.6,1891.77,15.77,10.59,40.14,18.5,396.79,17.88,168.95,40,60,800,0,1,0,POOR
maize,maturity,0,67.14,1957.96,37.53,31.94,87.69,58.21,151.71,7.65,188.14,40,60,800,0,1,0,POOR
maize,maturity,0,58.52,1463.02,30.09,27.33,79.76,235.74,245.46,5.84,528.44,40,60,800,0,1,1,POOR
maize,maturity,0,31.49,278.67,16.92,13.95,50.82,92.75,293.66,10.8,5.41,40,60,800,1,0,0,POOR
maize,maturity,0,51.24,1375.75,30.16,25.78,67.66,476.89,232.74,4.61,440.21,40,60,800,0,1,1,POOR
maize,maturity,0,27.58,1338.28,45.26,42.27,94.74,486.19,75.23,5.66,126.44,40,60,800,0,1,1,CRITICAL
maize,maturity,0,39.88,1938.82,16.65,14.39,76.11,88.75,107.86,11.89,145.76,40,60,800,0,1,0,CRITICAL
maize,maturity,0,62.68,340.11,19.01,13.87,75.5,203.36,53.24,2.64,98.13,40,60,800,0,0,0,GOOD
maize,maturity,0,65.09,1788.86,35.79,32.34,99.27,18.74,0.26,138.71,178.39,40,60,800,0,1,1,CRITICAL
maize,maturity,0,42.77,1205.06,43.62,37.75,80.09,59.9,238.41,8.07,193.84,40,60,800,0,1,0,POOR
maize,maturity,0,88.72,969.79,27.04,23.65,67.61,53.06,57.58,16.58,1.54,40,60,800,0,1,0,MODERATE
maize,maturity,0,53.41,1652.51,24.42,19.03,76.37,12.53,261.92,14.16,631.16,40,60,800,0,1,1,POOR
maize,maturity,0,26.85,727.57,30.7,27.52,70.06,25.66,34.52,8.46,81.14,40,60,800,1,0,0,MODERATE
maize,maturity,0,74.11,1719.23,36.35,31.59,68.68,98.55,50.53,213.77,192.76,40,60,800,0,1,1,CRITICAL
maize,maturity,0,87.86,1757.14,45.04,40.48,36.14,9.11,118.36,22.67,555.7,40,60,800,0,1,1,CRITICAL
maize,maturity,0,50.81,1343.1,22.96,18.94,40.61,95.11,357.24,16.29,187.57,40,60,800,0,1,0,MODERATE
maize,maturity,0,71.39,510.79,39.19,35.36,88.53,221.34,130.53,15.89,490.22,40,60,800,0,0,1,POOR
maize,maturity,0,23.53,1619.62,29.0,26.26,52.19,22.16,874.16,276.97,186.79,40,60,800,0,1,1,CRITICAL
maize,maturity,0,19.66,737.59,39.15,35.77,45.07,11.61,350.19,19.22,130.45,40,60,800,1,0,0,POOR
maize,maturity,0,94.72,1945.28,36.49,33.7,55.83,49.65,205.93,19.42,22.79,40,60,800,0,1,0,POOR
maize,maturity,0,91.92,1228.89,26.94,21.79,70.09,62.01,103.39,6.22,879.19,40,60,800,0,1,1,POOR
maize,maturity,0,17.61,1663.36,31.12,26.02,32.09,461.77,186.36,4.63,154.79,40,60,800,0,1,1,CRITICAL
maize,maturity,0,69.03,1504.88,22.4,19.06,52.99,59.46,188.36,12.82,153.56,40,60,800,0,1,0,MODERATE
maize,maturity,0,40.13,422.03,30.36,24.85,25.51,32.76,28.33,24.2,21.06,40,60,800,0,0,0,MODERATE
maize,maturity,0,11.33,1564.92,17.46,14.24,96.64,98.52,1116.67,18.85,86.86,40,60,800,0,1,1,CRITICAL
maize,maturity,0,18.53,296.4,20.96,18.15,39.38,25.55,123.55,19.69,85.57,40,60,800,1,0,0,MODERATE
maize,maturity,0,10.8,1641.15,18.68,12.7,81.84,58.0,104.44,9.52,17.56,40,60,800,0,1,0,POOR
maize,maturity,0,48.27,1668.06,46.12,42.25,56.49,50.21,844.73,6.53,60.06,40,60,800,0,1,0,POOR
maize,maturity,0,97.29,163.41,29.46,25.31,83.24,12.11,124.8,331.74,125.38,40,60,800,0,0,1,MODERATE
maize,maturity,0,97.28,1768.31,30.3,24.52,85.84,389.04,864.41,8.34,132.98,40,60,800,0,1,1,POOR
maize,maturity,0,43.6,111.79,30.27,25.37,44.09,46.27,24.2,1.04,119.86,40,60,800,0,0,0,GOOD
maize,maturity,0,75.78,1536.45,34.44,30.98,39.45,90.29,44.92,320.84,404.66,40,60,800,0,1,1,POOR
maize,maturity,0,76.62,213.9,28.7,23.9,96.53,16.41,387.24,7.98,194.46,40,60,800,0,0,0,GOOD
maize,maturity,0,78.38,144.7,41.99,37.58,96.49,96.0,193.68,24.11,5.02,40,60,800,0,0,0,MODERATE
maize,maturity,0,93.36,675.76,43.9,40.32,44.66,304.8,187.3,24.97,47.76,40,60,800,0,0,1,POOR
maize,maturity,0,92.35,238.15,30.98,26.19,88.03,17.13,102.33,0.41,691.36,40,60,800,0,0,1,MODERATE
maize,maturity,0,27.61,1629.53,28.69,25.98,80.9,76.2,58.11,3.17,188.89,40,60,800,0,1,0,POOR
maize,maturity,0,16.43,341.22,43.03,37.07,53.21,369.66,95.25,13.54,124.96,40,60,800,1,0,1,CRITICAL
maize,maturity,0,73.59,1766.89,29.05,26.81,56.92,13.76,149.6,24.01,855.55,40,60,800,0,1,1,POOR
maize,maturity,0,86.91,1111.52,17.47,15.11,91.73,87.58,257.65,15.39,144.81,40,60,800,0,1,0,POOR
maize,maturity,0,26.86,1376.92,27.84,23.58,69.19,77.62,216.52,21.14,14.02,40,60,800,0,1,0,POOR
maize,maturity,0,71.25,1372.35,35.26,29.76,50.26,90.23,164.88,150.66,693.95,40,60,800,0,1,1,CRITICAL
maize,maturity,0,78.78,904.63,30.74,26.15,36.02,8.87,102.93,16.97,64.39,40,60,800,0,1,0,MODERATE
maize,maturity,0,56.23,1900.18,47.32,42.67,95.59,54.15,223.58,22.09,1.6,40,60,800,0,1,0,POOR
maize,maturity,0,65.4,1669.56,41.74,36.01,50.89,184.52,394.05,12.41,426.72,40,60,800,0,1,1,CRITICAL
maize,maturity,0,48.16,1858.36,38.9,35.74,37.76,99.57,26.98,5.53,96.28,40,60,800,0,1,0,POOR
maize,maturity,0,90.41,421.58,24.79,22.37,44.37,97.18,208.42,0.09,53.15,40,60,800,0,0,0,GOOD
maize,maturity,0,66.13,334.83,38.77,35.08,48.27,80.72,1057.78,12.6,57.06,40,60,800,0,0,1,POOR
maize,maturity,0,31.75,1486.28,42.65,37.21,41.61,66.1,828.63,20.68,154.05,40,60,800,0,1,0,CRITICAL
maize,maturity,0,41.64,1247.15,26.12,20.24,92.01,423.45,97.44,19.29,80.6,40,60,800,0,1,1,POOR
maize,maturity,0,20.72,113.41,32.59,27.9,30.14,61.19,161.63,3.67,92.83,40,60,800,1,0,0,MODERATE
maize,maturity,0,85.81,683.17,31.21,26.66,25.75,94.58,362.84,17.13,13.71,40,60,800,0,0,0,MODERATE
maize,maturity,0,76.56,492.98,30.11,24.84,93.23,72.26,1412.45,23.27,807.3,40,60,800,0,0,1,MODERATE
maize,maturity,0,93.23,1042.86,36.62,34.58,65.82,486.81,319.04,17.4,177.5,40,60,800,0,1,1,CRITICAL
maize,maturity,0,62.25,1895.61,42.54,36.64,80.28,43.74,140.04,22.94,179.67,40,60,800,0,1,0,POOR
maize,maturity,0,50.88,784.21,29.75,26.07,80.53,322.01,292.78,16.67,198.53,40,60,800,0,0,1,MODERATE
maize,maturity,0,32.5,458.49,28.25,25.48,30.81,36.41,17.74,4.75,64.95,40,60,800,1,0,0,MODERATE
maize,maturity,0,18.24,626.74,47.12,41.21,40.37,16.72,164.06,245.37,27.55,40,60,800,1,0,1,CRITICAL
maize,maturity,0,36.46,1713.56,30.06,25.73,55.44,8.12,34.7,5.21,129.34,40,60,800,0,1,0,POOR
maize,maturity,0,47.54,1172.22,29.86,25.38,52.33,14.85,95.45,1.24,118.9,40,60,800,0,1,0,MODERATE
maize,maturity,0,32.46,783.61,21.05,16.87,58.24,31.65,137.28,11.1,30.19,40,60,800,1,0,0,MODERATE
maize,maturity,0,30.26,869.89,25.87,21.72,77.91,47.93,85.29,8.19,189.7,40,60,800,0,1,0,POOR
maize,maturity,0,87.73,206.1,19.99,17.45,28.9,32.77,97.69,9.01,102.9,40,60,800,0,0,0,MODERATE
maize,maturity,0,93.6,678.78,38.33,32.51,60.69,50.75,894.57,16.68,30.1,40,60,800,0,0,0,MODERATE
maize,maturity,0,44.64,1835.27,27.13,23.03,32.96,73.6,378.87,23.05,443.37,40,60,800,0,1,1,POOR
maize,maturity,0,24.91,540.44,20.38,17.03,43.14,60.11,311.38,15.96,484.38,40,60,800,1,0,1,POOR
maize,maturity,0,34.33,917.19,44.53,40.31,94.63,92.65,92.13,19.58,20.77,40,60,800,0,1,0,CRITICAL
maize,maturity,0,23.36,492.0,23.29,19.27,50.87,7.55,229.69,20.53,103.82,40,60,800,1,0,0,MODERATE
maize,maturity,0,66.87,137.29,34.43,29.53,48.51,21.74,35.89,150.3,198.34,40,60,800,0,0,1,MODERATE
maize,maturity,0,54.27,340.13,31.63,28.04,45.97,439.84,89.24,362.67,145.36,40,60,800,0,0,1,MODERATE
maize,maturity,0,65.35,1665.85,36.71,33.25,53.43,5.04,231.97,20.0,82.43,40,60,800,0,1,0,POOR
maize,maturity,0,59.07,1209.19,19.99,16.34,22.28,14.96,58.49,23.02,151.59,40,60,800,0,1,0,POOR
groundnut,germination,0,42.04,344.0,26.25,24.13,60.19,89.67,352.5,18.81,32.26,55,75,1000,1,0,0,MODERATE
groundnut,germination,0,80.71,967.82,29.75,27.74,85.43,49.28,25.16,11.51,60.04,55,75,1000,0,0,0,GOOD
groundnut,germination,0,28.47,1654.14,28.9,25.12,63.91,59.57,327.54,4.34,151.06,55,75,1000,0,1,0,POOR
groundnut,germination,0,37.13,1039.17,25.06,22.23,89.58,74.78,251.02,7.26,188.47,55,75,1000,0,1,0,POOR
groundnut,germination,0,29.28,390.09,44.33,40.35,91.61,6.3,62.15,1.18,64.28,55,75,1000,1,0,0,POOR
groundnut,germination,0,29.85,1013.6,40.8,36.16,54.87,11.89,111.13,388.9,87.06,55,75,1000,0,1,1,CRITICAL
groundnut,germination,0,11.55,432.69,15.08,12.36,57.98,279.25,270.0,6.81,491.87,55,75,1000,1,0,1,CRITICAL
groundnut,germination,0,57.36,330.96,36.21,32.13,22.25,39.92,112.82,167.67,741.09,55,75,1000,0,0,1,POOR
groundnut,germination,0,80.5,386.57,41.02,36.02,38.61,32.53,1292.43,1.88,135.26,55,75,1000,0,0,1,POOR
groundnut,germination,0,65.81,1979.98,17.0,14.7,64.85,35.87,269.74,13.5,109.89,55,75,1000,0,1,0,POOR
groundnut,germination,0,52.3,425.88,32.71,27.3,92.91,39.82,2.52,0.44,15.44,55,75,1000,1,0,0,MODERATE
groundnut,germination,0,54.09,566.02,31.88,26.81,92.49,299.35,117.98,58.88,158.36,55,75,1000,1,0,1,POOR
groundnut,germination,0,85.96,1815.34,32.94,28.13,80.98,68.86,191.68,2.21,106.54,55,75,1000,0,1,0,MODERATE
groundnut,germination,0,94.96,1459.27,22.08,16.2,44.57,324.34,27.56,1.96,150.7,55,75,1000,0,1,1,POOR
groundnut,germination,0,84.56,890.12,33.87,27.99,87.74,44.49,1211.86,23.68,198.81,55,75,1000,0,0,1,MODERATE
groundnut,germination,0,70.68,1720.22,18.71,13.04,93.62,465.11,15.08,8.72,191.32,55,75,1000,0,1,1,CRITICAL
groundnut,germination,0,55.79,1137.53,34.12,30.62,33.28,187.22,112.15,1.88,118.28,55,75,1000,0,1,0,MODERATE
groundnut,germination,0,49.22,1116.04,39.35,36.22,54.62,472.89,191.05,21.72,32.57,55,75,1000,0,1,1,CRITICAL
groundnut,germination,0,95.57,568.54,20.98,15.38,26.92,26.03,131.07,14.36,83.15,55,75,1000,0,0,0,POOR
groundnut,germination,0,21.09,355.75,41.08,37.98,74.78,437.65,149.48,22.35,130.47,55,75,1000,1,0,1,CRITICAL
groundnut,germination,0,31.57,1610.91,17.18,12.93,44.55,327.01,247.24,195.67,100.39,55,75,1000,0,1,1,CRITICAL
groundnut,germination,0,38.46,500.91,17.44,12.56,43.14,38.92,38.83,13.82,23.15,55,75,1000,1,0,0,POOR
groundnut,germination,0,34.81,1994.73,28.27,22.81,63.93,66.66,204.18,12.67,125.77,55,75,1000,0,1,0,POOR
groundnut,germination,0,24.99,966.63,47.94,44.51,54.2,43.24,101.24,59.43,48.77,55,75,1000,1,0,1,CRITICAL
groundnut,germination,0,58.6,707.8,47.27,44.16,95.89,15.62,0.9,24.66,44.73,55,75,1000,0,0,0,MODERATE
groundnut,germination,0,84.87,1034.48,36.57,32.18,71.05,23.01,235.05,5.16,122.8,55,75,1000,0,1,0,MODERATE
groundnut,germination,0,94.98,1944.87,40.48,37.33,37.54,44.75,79.63,17.27,164.26,55,75,1000,0,1,0,POOR
groundnut,germination,0,46.34,1351.21,42.61,39.21,43.72,34.37,311.59,4.94,73.62,55,75,1000,0,1,0,CRITICAL
groundnut,germination,0,86.7,1176.4,43.59,38.48,96.26,6.44,371.63,338.66,145.94,55,75,1000,0,1,1,CRITICAL
groundnut,germination,0,52.03,1776.16,40.94,36.2,25.22,3.95,214.55,7.35,91.92,55,75,1000,0,1,0,CRITICAL
groundnut,germination,0,19.67,161.26,27.44,24.0,73.9,489.13,198.63,2.85,181.98,55,75,1000,1,0,1,POOR
groundnut,germination,0,19.3,1168.02,34.72,29.57,23.86,472.97,76.55,139.82,139.1,55,75,1000,0,1,1,CRITICAL
groundnut,germination,0,31.17,1377.55,44.56,39.54,86.78,78.14,84.09,24.89,47.84,55,75,1000,0,1,0,CRITICAL
groundnut,germination,0,95.82,623.91,24.75,22.56,39.68,41.9,16.3,10.97,110.89,55,75,1000,0,0,0,GOOD
groundnut,germination,0,99.05,130.29,20.57,17.85,55.77,317.13,4.63,3.86,1.99,55,75,1000,0,0,1,POOR
groundnut,germination,0,57.19,1493.25,22.99,20.57,34.05,85.47,1296.03,9.79,179.55,55,75,1000,0,1,1,POOR
groundnut,germination,0,86.5,1647.64,25.08,20.69,50.62,1.03,237.63,23.53,178.83,55,75,1000,0,1,0,MODERATE
groundnut,germination,0,61.64,1041.47,32.19,27.98,95.99,5.38,149.47,20.11,74.61,55,75,1000,0,1,0,MODERATE
groundnut,germination,0,80.83,1680.0,34.27,30.24,41.0,305.6,387.27,9.2,140.87,55,75,1000,0,1,1,POOR
groundnut,germination,0,62.15,921.39,43.56,39.98,72.31,46.59,184.45,152.0,80.69,55,75,1000,0,0,1,POOR
groundnut,germination,0,28.01,1534.27,15.41,9.53,35.25,90.13,33.65,13.15,175.66,55,75,1000,0,1,0,CRITICAL
groundnut,germination,0,40.02,1701.83,19.81,15.3,21.05,24.57,197.42,7.02,2.92,55,75,1000,0,1,0,CRITICAL
groundnut,germination,0,17.07,1507.66,32.23,29.41,64.75,59.55,882.69,21.15,142.37,55,75,1000,0,1,0,POOR
groundnut,germination,0,70.14,593.9,23.6,20.3,61.63,80.45,353.59,19.61,174.94,55,75,1000,0,0,0,GOOD
groundnut,germination,0,90.17,730.56,26.29,21.72,72.9,35.33,250.07,59.59,716.11,55,75,1000,0,0,1,MODERATE
groundnut,germination,0,82.95,1293.52,38.22,32.54,84.97,60.99,188.07,16.56,79.38,55,75,1000,0,1,0,POOR
groundnut,germination,0,93.81,1428.81,25.81,23.09,69.48,65.76,11.42,19.7,159.22,55,75,1000,0,1,0,MODERATE
groundnut,germination,0,75.57,1823.6,26.16,24.11,98.96,424.99,159.01,5.51,24.03,55,75,1000,0,1,1,POOR
groundnut,germination,0,73.62,1750.42,34.07,30.43,99.73,2.12,142.48,6.44,127.86,55,75,1000,0,1,0,MODERATE
groundnut,germination,0,82.9,970.78,20.06,17.39,83.76,70.3,1245.54,13.9,35.09,55,75,1000,0,0,1,POOR
groundnut,germination,0,53.34,1412.96,25.17,20.49,66.49,43.89,144.24,19.79,69.72,55,75,1000,0,1,0,POOR
groundnut,germination,0,83.79,772.15,35.8,31.81,61.55,73.8,1388.16,4.11,187.49,55,75,1000,0,0,1,MODERATE
groundnut,germination,0,26.37,1473.24,44.3,40.73,30.89,58.57,1409.59,11.85,36.1,55,75,1000,0,1,1,CRITICAL
groundnut,germination,0,95.65,1473.15,19.41,17.04,87.43,80.23,1221.91,4.24,88.77,55,75,1000,0,1,1,CRITICAL
groundnut,germination,0,32.93,863.35,28.46,22.99,80.62,5.76,171.09,3.22,23.65,55,75,1000,1,0,0,MODERATE
groundnut,germination,0,29.45,1485.62,26.8,24.64,90.22,366.5,48.44,24.02,76.04,55,75,1000,0,1,1,CRITICAL
groundnut,germination,0,50.92,680.62,16.08,13.61,64.07,69.56,65.33,195.61,401.75,55,75,1000,1,0,1,CRITICAL
groundnut,germination,0,11.27,1341.46,25.66,21.77,63.78,421.03,34.56,2.01,30.52,55,75,1000,0,1,1,CRITICAL
groundnut,germination,0,51.79,1268.09,43.69,41.67,37.13,183.98,374.43,21.2,63.42,55,75,1000,0,1,0,CRITICAL
groundnut,germination,0,55.32,497.07,36.4,30.85,46.36,61.92,189.98,351.8,95.48,55,75,1000,0,0,1,MODERATE
groundnut,germination,0,50.71,541.99,16.27,10.71,83.74,82.9,232.49,24.97,725.12,55,75,1000,1,0,1,CRITICAL
groundnut,germination,0,54.38,404.37,40.35,34.67,47.31,245.8,273.38,361.25,10.54,55,75,1000,1,0,1,CRITICAL
groundnut,germination,0,95.14,649.96,15.28,11.99,50.63,76.1,357.59,9.03,612.39,55,75,1000,0,0,1,POOR
groundnut,germination,0,60.71,138.19,41.46,39.24,94.75,21.17,224.68,0.89,126.61,55,75,1000,0,0,0,MODERATE
groundnut,germination,0,22.96,1868.66,24.39,19.77,68.54,63.66,299.58,10.35,96.45,55,75,1000,0,1,0,POOR
groundnut,germination,0,89.56,388.4,31.65,27.96,43.67,91.96,293.34,20.81,29.06,55,75,1000,0,0,0,GOOD
groundnut,germination,0,88.19,1551.51,15.06,9.56,26.3,65.53,303.91,10.63,164.07,55,75,1000,0,1,0,CRITICAL
groundnut,germination,0,60.16,1230.11,34.08,29.31,97.35,39.06,236.97,16.25,842.18,55,75,1000,0,1,1,POOR
groundnut,germination,0,77.57,1409.53,20.06,16.22,28.88,81.73,325.83,14.12,35.4,55,75,1000,0,1,0,CRITICAL
groundnut,germination,0,94.06,370.64,38.88,36.14,98.02,36.66,326.58,16.43,509.48,55,75,1000,0,0,1,POOR
groundnut,germination,0,21.68,1251.91,37.84,33.21,45.28,87.55,1196.46,22.41,518.28,55,75,1000,0,1,1,CRITICAL
groundnut,germination,0,68.48,147.71,26.08,22.17,86.65,258.7,31.61,1.43,26.83,55,75,1000,0,0,1,MODERATE
groundnut,germination,0,72.23,1115.62,27.53,25.01,39.8,41.94,165.34,24.14,64.46,55,75,1000,0,1,0,MODERATE
groundnut,germination,0,90.89,1392.04,19.48,17.02,92.92,48.76,397.34,18.96,48.21,55,75,1000,0,1,0,POOR
groundnut,germination,0,26.0,1026.19,46.48,42.17,52.68,24.27,339.33,17.67,145.95,55,75,1000,0,1,0,CRITICAL
groundnut,germination,0,31.4,1375.92,23.96,18.7,22.36,248.46,318.53,20.56,825.62,55,75,1000,0,1,1,CRITICAL
groundnut,germination,0,87.98,1563.6,46.15,42.47,82.67,21.29,286.61,13.62,128.84,55,75,1000,0,1,0,POOR
groundnut,germination,0,31.91,720.96,38.64,34.2,25.57,75.99,49.35,18.54,5.36,55,75,1000,1,0,0,CRITICAL
groundnut,germination,0,13.7,1423.58,36.63,33.57,26.2,91.53,272.61,1.26,199.82,55,75,1000,0,1,0,CRITICAL
groundnut,germination,0,92.31,692.46,29.26,26.94,96.44,8.52,801.19,18.55,47.72,55,75,1000,0,0,0,GOOD
groundnut,germination,0,75.37,763.3,47.57,45.3,26.38,91.69,304.78,16.28,45.05,55,75,1000,0,0,0,POOR
groundnut,germination,0,89.48,1141.84,24.67,19.92,84.34,61.39,343.96,95.04,173.95,55,75,1000,0,1,1,POOR
groundnut,germination,0,52.35,1587.55,36.34,34.22,95.9,86.09,164.82,3.62,136.75,55,75,1000,0,1,0,POOR
groundnut,germination,0,40.71,1408.19,47.62,42.86,24.72,47.72,380.43,5.52,27.67,55,75,1000,0,1,0,CRITICAL
groundnut,germination,0,99.65,760.37,20.18,16.19,44.81,56.6,365.72,23.73,164.38,55,75,1000,0,0,0,MODERATE
groundnut,germination,0,50.07,1177.08,20.61,15.75,75.19,88.71,247.75,16.56,480.45,55,75,1000,0,1,1,CRITICAL
groundnut,germination,0,43.05,1930.38,28.26,25.68,90.79,79.51,351.71,22.83,718.31,55,75,1000,0,1,1,CRITICAL
groundnut,germination,0,35.19,1598.76,41.39,38.88,21.38,58.14,325.34,0.7,152.57,55,75,1000,0,1,0,CRITICAL
groundnut,germination,0,65.29,254.73,37.04,33.13,68.2,56.31,149.41,103.75,98.68,55,75,1000,0,0,1,MODERATE
groundnut,germination,0,76.52,1025.43,36.33,33.64,49.43,16.18,177.02,7.95,40.14,55,75,1000,0,1,0,MODERATE
groundnut,germination,0,74.83,1305.28,25.16,20.32,68.41,4.69,201.08,22.83,135.81,55,75,1000,0,1,0,MODERATE
groundnut,germination,0,90.81,938.61,17.3,14.49,54.36,23.75,863.82,17.32,811.66,55,75,1000,0,0,1,POOR
groundnut,germination,0,10.51,204.44,37.27,34.33,92.94,66.74,898.67,0.12,148.42,55,75,1000,1,0,0,MODERATE
groundnut,germination,0,66.73,186.94,29.63,26.42,59.86,50.46,1081.32,241.6,161.07,55,75,1000,0,0,1,MODERATE
groundnut,germination,0,37.1,492.88,35.55,31.21,67.87,18.93,188.98,283.53,767.52,55,75,1000,1,0,1,POOR
groundnut,germination,0,48.06,609.12,37.37,34.38,50.74,89.69,131.88,16.51,197.39,55,75,1000,1,0,0,MODERATE
groundnut,germination,0,33.98,636.06,21.08,17.83,53.99,5.16,18.53,76.99,17.31,55,75,1000,1,0,1,CRITICAL
groundnut,germination,0,84.41,169.88,46.43,44.24,39.29,414.62,171.22,14.28,88.32,55,75,1000,0,0,1,POOR
groundnut,germination,0,88.62,1675.59,43.49,40.97,39.53,2.96,146.84,6.53,193.36,55,75,1000,0,1,0,POOR
groundnut,germination,0,50.79,1632.04,44.97,39.13,27.92,87.96,138.19,2.73,0.44,55,75,1000,0,1,0,CRITICAL
groundnut,germination,0,16.2,344.71,47.79,42.3,30.67,58.03,188.21,216.03,872.13,55,75,1000,1,0,1,CRITICAL
groundnut,germination,0,11.37,1472.42,24.01,18.54,85.1,42.37,1486.82,4.8,197.77,55,75,1000,0,1,1,CRITICAL
groundnut,germination,0,72.36,1508.5,21.73,15.99,62.14,9.25,1289.44,19.3,50.89,55,75,1000,0,1,1,CRITICAL
groundnut,germination,0,94.06,1819.26,20.14,14.85,76.23,97.52,207.15,3.05,757.96,55,75,1000,0,1,1,CRITICAL
groundnut,germination,0,37.94,1879.98,35.22,31.24,73.43,70.28,1498.27,296.45,193.44,55,75,1000,0,1,1,CRITICAL
groundnut,germination,0,20.02,1669.13,23.36,19.1,52.43,258.59,307.65,24.61,106.7,55,75,1000,0,1,1,CRITICAL
groundnut,germination,0,98.76,644.16,18.59,15.83,54.1,64.98,224.81,18.16,1.53,55,75,1000,0,0,0,MODERATE
groundnut,germination,0,59.26,1814.53,42.66,39.73,61.55,65.91,1491.68,8.27,562.15,55,75,1000,0,1,1,CRITICAL
groundnut,germination,0,39.94,1239.89,38.83,35.45,48.18,47.0,252.59,23.4,119.95,55,75,1000,0,1,0,CRITICAL
groundnut,germination,0,90.48,132.86,36.14,31.68,36.65,4.07,352.84,7.23,199.19,55,75,1000,0,0,0,GOOD
groundnut,germination,0,47.54,315.68,23.42,18.72,46.96,60.41,204.9,289.44,157.9,55,75,1000,1,0,1,POOR
groundnut,germination,0,17.09,314.52,23.27,20.47,37.09,23.08,111.13,4.3,168.4,55,75,1000,1,0,0,MODERATE
groundnut,germination,0,68.56,1205.3,43.96,38.5,24.58,384.79,321.87,19.09,451.65,55,75,1000,0,1,1,CRITICAL
groundnut,germination,0,87.68,963.07,35.69,31.05,35.18,157.24,138.29,1.89,101.77,55,75,1000,0,0,0,GOOD
groundnut,germination,0,70.14,894.34,36.24,33.02,55.3,39.33,31.38,8.4,177.8,55,75,1000,0,0,0,GOOD
groundnut,germination,0,97.72,1776.4,30.55,27.58,37.81,80.6,256.05,17.64,166.55,55,75,1000,0,1,0,MODERATE
groundnut,germination,0,47.15,341.72,47.94,43.81,46.92,71.38,350.77,11.95,131.26,55,75,1000,1,0,0,POOR
groundnut,germination,0,94.82,722.21,32.52,26.79,26.66,497.97,308.68,6.43,7.22,55,75,1000,0,0,1,POOR
groundnut,germination,0,69.92,1057.08,43.44,39.97,52.78,57.15,1088.27,15.38,721.67,55,75,1000,0,1,1,CRITICAL
groundnut,germination,0,77.5,170.15,18.71,14.11,39.07,58.78,166.2,18.08,55.76,55,75,1000,0,0,0,MODERATE
groundnut,germination,0,15.33,1841.29,40.33,36.0,54.95,95.99,261.26,6.83,28.01,55,75,1000,0,1,0,CRITICAL
groundnut,germination,0,44.61,635.77,31.94,28.67,54.36,73.9,285.19,24.88,683.08,55,75,1000,1,0,1,POOR
groundnut,germination,0,29.56,872.37,19.22,16.49,77.04,0.48,176.36,23.04,14.19,55,75,1000,1,0,0,POOR
groundnut,germination,0,80.76,1453.22,31.44,25.9,34.45,45.2,149.07,12.0,21.2,55,75,1000,0,1,0,MODERATE
groundnut,germination,0,25.73,1785.18,42.53,39.13,86.48,53.32,271.78,0.13,126.04,55,75,1000,0,1,0,CRITICAL
groundnut,germination,0,38.41,1659.96,28.17,24.51,57.52,75.18,82.56,0.75,70.93,55,75,1000,0,1,0,POOR
groundnut,germination,0,98.13,1932.44,41.39,35.58,36.38,75.09,1002.59,5.25,60.7,55,75,1000,0,1,1,CRITICAL
groundnut,germination,0,92.91,1937.83,39.17,33.77,26.61,38.4,73.34,3.31,152.18,55,75,1000,0,1,0,CRITICAL
groundnut,germination,0,80.03,329.35,29.1,24.12,65.91,55.4,816.5,8.76,175.33,55,75,1000,0,0,0,GOOD
groundnut,germination,0,62.68,791.72,30.36,26.93,52.85,31.5,976.15,15.28,80.35,55,75,1000,0,0,0,GOOD
groundnut,germination,0,57.51,1172.35,34.28,29.21,73.45,95.73,14.29,1.87,124.98,55,75,1000,0,1,0,MODERATE
groundnut,germination,0,19.28,1664.07,40.74,37.19,92.85,18.57,131.83,21.57,99.17,55,75,1000,0,1,0,CRITICAL
groundnut,germination,0,91.7,942.82,26.93,21.14,51.92,33.62,223.36,261.75,55.28,55,75,1000,0,0,1,MODERATE
groundnut,germination,0,26.97,227.65,18.19,13.11,22.3,28.95,201.4,18.76,117.26,55,75,1000,1,0,0,CRITICAL
groundnut,germination,0,34.03,605.69,35.85,31.25,36.51,21.61,373.71,3.05,612.94,55,75,1000,1,0,1,POOR
groundnut,germination,0,16.2,426.55,35.06,29.53,93.44,55.87,367.53,6.73,167.0,55,75,1000,1,0,0,MODERATE
groundnut,germination,0,59.86,1237.02,42.2,40.12,96.13,53.12,60.93,6.6,428.21,55,75,1000,0,1,1,CRITICAL
groundnut,germination,0,48.26,1709.6,17.44,12.2,33.87,381.63,876.27,8.29,29.23,55,75,1000,0,1,1,CRITICAL
groundnut,germination,0,34.95,928.01,27.69,22.6,93.47,438.16,274.65,20.76,140.94,55,75,1000,1,0,1,POOR
groundnut,germination,0,25.65,1441.13,38.49,34.37,60.11,300.25,1262.64,22.33,26.39,55,75,1000,0,1,1,CRITICAL
groundnut,germination,0,24.02,1766.82,33.78,28.78,23.61,367.3,349.55,4.88,137.21,55,75,1000,0,1,1,CRITICAL
groundnut,germination,0,49.63,1893.15,43.43,37.97,52.53,10.7,206.23,362.88,82.01,55,75,1000,0,1,1,CRITICAL
groundnut,germination,0,43.9,1972.64,17.95,15.47,75.95,75.86,123.92,21.27,401.91,55,75,1000,0,1,1,CRITICAL
groundnut,germination,0,73.57,193.08,44.53,40.59,72.18,88.2,95.08,23.24,164.59,55,75,1000,0,0,0,MODERATE
groundnut,germination,0,26.95,725.64,47.06,41.15,46.52,254.95,84.8,4.89,198.37,55,75,1000,1,0,1,CRITICAL
groundnut,germination,0,88.37,1193.88,28.91,26.59,65.99,39.37,255.97,8.49,51.87,55,75,1000,0,1,0,MODERATE
groundnut,germination,0,87.38,1274.2,34.23,30.53,70.87,80.61,292.45,3.76,164.33,55,75,1000,0,1,0,MODERATE
groundnut,germination,0,24.57,932.51,32.27,26.84,77.3,99.04,33.74,17.09,92.03,55,75,1000,1,0,0,MODERATE
groundnut,germination,0,85.38,278.99,41.81,37.55,60.28,9.48,111.08,16.13,192.22,55,75,1000,0,0,0,MODERATE
groundnut,germination,0,59.28,942.98,33.68,29.39,76.17,8.3,10.48,0.87,10.5,55,75,1000,0,0,0,GOOD
groundnut,germination,0,81.5,656.1,30.77,25.2,84.49,78.19,1087.48,8.74,534.15,55,75,1000,0,0,1,MODERATE
groundnut,germination,0,58.59,1689.91,32.35,27.26,24.11,79.92,44.64,4.81,132.38,55,75,1000,0,1,0,POOR
groundnut,germination,0,38.8,1023.22,31.61,28.14,59.59,42.73,347.21,10.13,153.78,55,75,1000,0,1,0,POOR
groundnut,germination,0,15.3,1851.79,42.95,39.36,81.2,31.33,839.57,20.94,57.92,55,75,1000,0,1,0,CRITICAL
groundnut,germination,0,94.12,574.41,35.04,30.15,38.11,40.75,345.51,277.97,606.45,55,75,1000,0,0,1,MODERATE
groundnut,germination,0,85.17,1770.75,44.81,41.23,88.77,57.03,992.61,1.38,75.4,55,75,1000,0,1,0,POOR
groundnut,germination,0,29.4,1972.9,39.72,34.56,28.51,47.63,1139.78,12.17,187.38,55,75,1000,0,1,1,CRITICAL
groundnut,germination,0,21.95,216.4,24.97,22.05,63.9,291.82,62.26,13.73,103.06,55,75,1000,1,0,1,POOR
groundnut,germination,0,24.13,528.59,37.17,31.27,50.09,22.98,278.96,11.29,152.78,55,75,1000,1,0,0,MODERATE
groundnut,germination,0,37.75,1516.89,41.54,39.27,35.41,89.26,1496.43,238.26,86.11,55,75,1000,0,1,1,CRITICAL
groundnut,germination,0,12.59,1591.05,30.07,25.95,40.45,78.41,361.85,13.96,60.2,55,75,1000,0,1,0,POOR
groundnut,germination,0,68.06,226.14,46.51,43.29,68.56,80.31,12.92,3.88,84.25,55,75,1000,0,0,0,MODERATE
groundnut,germination,0,17.11,1683.93,36.87,33.2,89.32,18.61,152.63,20.77,885.55,55,75,1000,0,1,1,CRITICAL
groundnut,germination,0,55.16,479.73,27.91,23.45,50.31,70.82,161.98,8.66,74.19,55,75,1000,0,0,0,GOOD
groundnut,germination,0,61.79,637.98,15.59,10.15,66.75,17.12,90.98,21.97,6.88,55,75,1000,0,0,0,MODERATE
groundnut,germination,0,90.17,837.87,16.07,11.85,36.64,23.51,0.25,13.81,92.19,55,75,1000,0,0,0,MODERATE
groundnut,germination,0,78.9,773.55,39.73,35.41,89.54,214.97,313.21,14.78,196.04,55,75,1000,0,0,0,MODERATE
groundnut,germination,0,41.25,632.99,26.06,23.91,42.78,17.29,306.09,5.79,196.46,55,75,1000,1,0,0,MODERATE
groundnut,germination,0,41.89,79.97,20.5,17.15,64.35,386.59,228.94,0.39,95.26,55,75,1000,1,0,1,CRITICAL
groundnut,germination,0,83.37,985.71,46.77,40.77,84.06,25.82,394.71,23.98,33.79,55,75,1000,0,0,0,MODERATE
groundnut,germination,0,95.68,1813.76,20.48,17.33,67.1,47.74,381.89,15.88,10.5,55,75,1000,0,1,0,POOR
groundnut,germination,0,44.71,1708.01,47.42,42.75,79.59,26.27,198.91,5.49,14.92,55,75,1000,0,1,0,CRITICAL
groundnut,germination,0,33.1,1930.84,42.21,39.77,79.88,412.6,1263.29,8.08,22.0,55,75,1000,0,1,1,CRITICAL
groundnut,germination,0,36.94,265.17,36.49,30.52,92.07,419.49,362.55,7.32,10.96,55,75,1000,1,0,1,POOR
groundnut,germination,0,96.25,1557.59,28.57,26.1,38.98,440.48,52.86,6.51,109.57,55,75,1000,0,1,1,POOR
groundnut,germination,0,65.65,1029.54,26.05,21.29,42.4,64.32,167.36,8.15,547.69,55,75,1000,0,1,1,POOR
groundnut,germination,0,61.73,738.94,28.84,25.45,31.7,6.85,144.73,3.62,104.09,55,75,1000,0,0,0,GOOD
groundnut,germination,0,50.65,377.03,29.73,26.36,88.85,79.49,230.16,13.89,791.9,55,75,1000,1,0,1,POOR
groundnut,germination,0,15.92,1612.03,22.98,20.19,75.47,4.41,1123.46,18.01,186.32,55,75,1000,0,1,1,CRITICAL
groundnut,germination,0,60.32,826.29,34.31,29.22,30.2,96.98,9.09,6.24,82.86,55,75,1000,0,0,0,GOOD
groundnut,germination,0,45.38,705.99,30.35,24.92,35.42,60.77,189.06,7.76,48.84,55,75,1000,1,0,0,MODERATE
groundnut,germination,0,18.17,1376.12,43.21,40.59,52.17,35.42,1309.99,6.93,410.67,55,75,1000,0,1,1,CRITICAL
groundnut,germination,0,93.53,283.52,32.94,29.68,90.31,69.75,116.7,15.9,120.06,55,75,1000,0,0,0,GOOD
groundnut,germination,0,74.16,761.54,26.51,23.73,67.59,80.95,335.35,6.53,113.28,55,75,1000,0,0,0,GOOD
groundnut,germination,0,23.28,1432.74,31.26,26.72,23.62,14.2,90.75,1.47,61.63,55,75,1000,0,1,0,CRITICAL
groundnut,germination,0,87.92,1460.36,29.73,24.03,76.18,93.1,845.8,262.33,198.73,55,75,1000,0,1,1,POOR
groundnut,germination,0,62.2,948.94,47.26,41.86,75.74,38.27,99.75,12.51,153.08,55,75,1000,0,0,0,MODERATE
groundnut,germination,0,61.61,1534.42,40.11,36.44,25.31,69.35,93.95,11.46,72.49,55,75,1000,0,1,0,CRITICAL
groundnut,germination,0,48.14,143.93,34.77,30.36,66.66,417.02,23.77,16.43,76.89,55,75,1000,1,0,1,POOR
groundnut,germination,0,26.42,435.89,22.16,20.09,77.29,39.96,1157.87,13.5,749.99,55,75,1000,1,0,1,POOR
groundnut,germination,0,84.28,1129.73,17.81,14.35,26.91,31.13,334.91,6.53,48.86,55,75,1000,0,1,0,CRITICAL
groundnut,germination,0,20.27,961.93,21.09,18.22,42.8,12.48,157.71,4.1,8.2,55,75,1000,1,0,0,POOR
groundnut,germination,0,87.4,250.4,15.0,12.71,93.93,76.56,210.69,20.74,413.08,55,75,1000,0,0,1,POOR
groundnut,germination,0,50.16,910.62,37.08,32.5,41.28,94.33,224.55,23.63,185.91,55,75,1000,1,0,0,MODERATE
groundnut,germination,0,28.35,1922.36,41.11,35.43,96.08,8.44,969.03,5.52,103.08,55,75,1000,0,1,0,CRITICAL
groundnut,germination,0,41.24,882.14,30.81,25.85,48.17,40.66,1368.46,23.49,55.64,55,75,1000,1,0,1,POOR
groundnut,germination,0,35.34,547.89,28.1,23.53,43.44,55.57,386.39,1.38,768.82,55,75,1000,1,0,1,POOR
groundnut,germination,0,63.03,899.14,23.93,19.6,69.44,39.29,334.99,18.42,80.47,55,75,1000,0,0,0,GOOD
groundnut,germination,0,37.93,268.83,42.19,38.19,47.71,50.5,1135.41,13.9,422.97,55,75,1000,1,0,1,CRITICAL
groundnut,germination,0,16.1,109.65,15.07,10.33,56.47,10.28,924.41,18.95,104.54,55,75,1000,1,0,0,POOR
groundnut,vegetative,0,38.96,1711.29,15.76,11.26,51.54,66.6,1485.96,6.22,84.0,50,70,1000,0,1,1,CRITICAL
groundnut,vegetative,0,55.95,1310.6,19.17,14.46,59.08,82.01,1187.15,17.23,18.11,50,70,1000,0,1,1,CRITICAL
groundnut,vegetative,0,65.69,1180.16,45.19,42.49,69.32,4.98,1313.19,1.12,7.39,50,70,1000,0,1,1,CRITICAL
groundnut,vegetative,0,47.8,323.16,31.12,25.44,79.86,84.22,283.58,21.51,128.68,50,70,1000,1,0,0,MODERATE
groundnut,vegetative,0,29.12,990.44,28.2,22.31,85.97,76.19,151.88,14.83,1.8,50,70,1000,1,0,0,MODERATE
groundnut,vegetative,0,55.1,1588.33,38.07,32.65,20.6,342.08,271.92,12.33,82.67,50,70,1000,0,1,1,CRITICAL
groundnut,vegetative,0,14.19,906.31,26.45,22.23,76.95,323.68,182.07,9.74,35.82,50,70,1000,1,0,1,POOR
groundnut,vegetative,0,95.33,1629.83,37.59,32.71,23.81,56.84,116.41,2.91,32.89,50,70,1000,0,1,0,POOR
groundnut,vegetative,0,23.47,596.22,41.27,35.87,37.63,9.58,1190.4,1.74,130.45,50,70,1000,1,0,1,CRITICAL
groundnut,vegetative,0,77.54,1143.96,18.83,12.88,59.2,498.45,182.55,23.16,150.66,50,70,1000,0,1,1,CRITICAL
groundnut,vegetative,0,65.23,547.31,41.07,38.45,73.51,32.6,261.96,10.37,61.71,50,70,1000,0,0,0,MODERATE
groundnut,vegetative,0,67.14,1493.92,20.29,15.63,34.34,22.18,264.64,14.26,73.37,50,70,1000,0,1,0,POOR
groundnut,vegetative,0,70.22,1345.16,32.89,27.91,22.87,95.75,376.45,2.62,146.38,50,70,1000,0,1,0,POOR
groundnut,vegetative,0,55.39,1519.04,29.31,27.09,28.92,60.21,135.96,3.8,154.77,50,70,1000,0,1,0,POOR
groundnut,vegetative,0,28.76,1762.22,30.68,27.98,54.32,19.49,1259.93,8.7,106.12,50,70,1000,0,1,1,CRITICAL
groundnut,vegetative,0,90.19,1201.64,21.11,17.24,60.35,43.22,946.65,22.13,74.07,50,70,1000,0,1,0,POOR
groundnut,vegetative,0,64.05,292.02,35.4,29.8,26.87,33.92,35.85,21.44,830.08,50,70,1000,0,0,1,POOR
groundnut,vegetative,0,20.41,1076.58,17.55,14.92,33.96,6.34,251.74,165.05,189.66,50,70,1000,0,1,1,CRITICAL
groundnut,vegetative,0,32.84,285.28,33.81,30.37,86.48,74.5,94.93,16.46,119.26,50,70,1000,1,0,0,MODERATE
groundnut,vegetative,0,95.79,260.92,28.42,22.89,50.91,42.46,9.16,15.69,130.75,50,70,1000,0,0,0,GOOD
groundnut,vegetative,0,43.33,521.82,37.53,33.12,37.31,88.41,85.19,218.1,734.3,50,70,1000,1,0,1,POOR
groundnut,vegetative,0,36.36,314.59,30.07,24.22,70.68,64.4,178.26,276.26,34.43,50,70,1000,1,0,1,POOR
groundnut,vegetative,0,29.41,349.76,29.11,25.58,98.42,451.33,63.15,2.37,69.07,50,70,1000,1,0,1,POOR
groundnut,vegetative,0,49.11,885.17,28.49,22.82,47.18,3.04,236.34,4.86,133.05,50,70,1000,1,0,0,MODERATE
groundnut,vegetative,0,87.85,1468.76,36.92,31.76,28.33,20.38,365.27,17.29,609.96,50,70,1000,0,1,1,CRITICAL
groundnut,vegetative,0,10.86,154.3,31.25,27.93,52.66,421.3,147.43,237.96,193.47,50,70,1000,1,0,1,POOR
groundnut,vegetative,0,56.54,1979.59,24.67,20.2,75.52,21.39,341.68,52.45,77.35,50,70,1000,0,1,1,POOR
groundnut,vegetative,0,56.49,342.75,33.7,28.79,62.8,90.37,1413.13,10.0,741.22,50,70,1000,0,0,1,MODERATE
groundnut,vegetative,0,20.58,978.25,37.31,31.73,50.56,31.31,191.84,9.87,790.95,50,70,1000,1,0,1,POOR
groundnut,vegetative,0,80.14,1700.37,46.0,40.8,98.43,74.73,360.03,5.4,32.21,50,70,1000,0,1,0,POOR
groundnut,vegetative,0,26.57,549.69,16.15,13.79,67.41,86.62,323.89,8.76,195.57,50,70,1000,1,0,0,POOR
groundnut,vegetative,0,35.77,1221.63,29.13,25.91,40.0,18.25,309.41,4.14,36.87,50,70,1000,0,1,0,POOR
groundnut,vegetative,0,39.76,1135.36,24.68,22.36,51.96,75.14,146.4,15.3,34.63,50,70,1000,0,1,0,POOR
groundnut,vegetative,0,79.61,1660.97,21.74,17.03,35.19,12.4,91.25,22.99,82.29,50,70,1000,0,1,0,POOR
groundnut,vegetative,0,60.3,750.76,43.07,40.86,26.82,411.69,241.08,2.31,191.35,50,70,1000,0,0,1,CRITICAL
groundnut,vegetative,0,52.98,162.75,39.6,35.59,49.57,479.21,1310.0,14.27,175.98,50,70,1000,0,0,1,POOR
groundnut,vegetative,0,27.16,1267.33,30.93,26.26,28.94,13.59,247.74,107.38,713.39,50,70,1000,0,1,1,CRITICAL
groundnut,vegetative,0,33.93,872.34,17.83,14.01,60.51,61.61,167.96,16.72,745.84,50,70,1000,1,0,1,CRITICAL
groundnut,vegetative,0,39.38,1613.89,43.61,41.42,93.3,46.62,94.06,22.06,82.26,50,70,1000,0,1,0,CRITICAL
groundnut,vegetative,0,46.79,1297.56,47.26,44.05,51.75,238.45,36.8,6.05,89.09,50,70,1000,0,1,0,CRITICAL
groundnut,vegetative,0,80.0,694.34,45.73,41.26,54.9,310.0,183.21,315.52,88.62,50,70,1000,0,0,1,POOR
groundnut,vegetative,0,91.02,1960.97,47.05,44.13,59.75,25.95,64.24,6.97,58.91,50,70,1000,0,1,0,POOR
groundnut,vegetative,0,82.18,376.11,20.2,15.48,93.19,175.8,975.26,163.39,113.61,50,70,1000,0,0,1,POOR
groundnut,vegetative,0,58.35,1166.55,47.81,45.2,72.54,45.87,1399.55,14.05,71.85,50,70,1000,0,1,1,CRITICAL
groundnut,vegetative,0,69.21,1201.61,46.5,43.3,49.79,66.76,124.91,21.66,41.04,50,70,1000,0,1,0,POOR
groundnut,vegetative,0,31.12,985.69,25.55,21.31,47.53,81.47,19.79,8.62,48.58,50,70,1000,1,0,0,MODERATE
groundnut,vegetative,0,30.54,1368.29,21.51,16.79,98.16,83.14,1494.17,3.18,63.89,50,70,1000,0,1,1,CRITICAL
groundnut,vegetative,0,86.79,693.37,41.95,35.97,87.26,34.61,314.61,314.04,11.68,50,70,1000,0,0,1,POOR
groundnut,vegetative,0,37.88,654.09,20.81,15.56,92.65,8.23,203.59,93.76,179.75,50,70,1000,1,0,1,CRITICAL
groundnut,vegetative,0,53.92,372.23,34.81,31.88,81.65,350.06,200.11,23.93,657.64,50,70,1000,0,0,1,MODERATE
groundnut,vegetative,0,24.37,1097.23,22.03,18.21,33.65,22.25,53.84,10.41,179.25,50,70,1000,0,1,0,POOR
groundnut,vegetative,0,47.02,325.99,18.56,14.14,86.26,90.01,40.35,12.02,10.55,50,70,1000,1,0,0,POOR
groundnut,vegetative,0,59.73,1454.65,20.17,14.69,81.87,89.08,60.69,2.98,177.91,50,70,1000,0,1,0,POOR
groundnut,vegetative,0,99.45,184.27,43.62,39.91,56.41,12.76,69.94,355.71,192.84,50,70,1000,0,0,1,POOR
groundnut,vegetative,0,85.22,1334.9,25.9,23.27,38.98,84.04,11.76,12.81,883.19,50,70,1000,0,1,1,POOR
groundnut,vegetative,0,12.74,987.86,25.87,21.83,68.5,20.0,396.8,17.24,194.39,50,70,1000,1,0,0,MODERATE
groundnut,vegetative,0,91.94,1099.96,26.67,21.8,69.57,30.64,28.65,4.85,587.54,50,70,1000,0,1,1,POOR
groundnut,vegetative,0,58.96,905.25,41.74,38.77,88.81,53.88,374.43,10.55,99.71,50,70,1000,0,0,0,MODERATE
groundnut,vegetative,0,36.23,1561.83,19.24,13.95,70.01,53.91,321.98,6.15,797.23,50,70,1000,0,1,1,CRITICAL
groundnut,vegetative,0,15.33,1556.22,43.14,37.18,39.01,37.1,209.48,8.27,129.94,50,70,1000,0,1,0,CRITICAL
groundnut,vegetative,0,27.0,1915.3,33.52,29.11,82.63,8.12,296.19,17.03,29.79,50,70,1000,0,1,0,POOR
groundnut,vegetative,0,52.49,511.21,47.88,43.54,31.97,66.76,182.95,5.71,175.59,50,70,1000,0,0,0,MODERATE
groundnut,vegetative,0,79.61,1184.13,30.48,26.19,20.65,6.77,1047.95,392.72,753.07,50,70,1000,0,1,1,CRITICAL
groundnut,vegetative,0,67.76,1627.97,19.35,14.62,94.49,54.0,282.78,5.43,54.14,50,70,1000,0,1,0,POOR
groundnut,vegetative,0,38.12,1733.0,43.82,40.22,20.71,468.25,181.34,22.43,146.2,50,70,1000,0,1,1,CRITICAL
groundnut,vegetative,0,42.23,1325.74,41.98,37.79,30.63,44.62,235.85,301.74,150.57,50,70,1000,0,1,1,CRITICAL
groundnut,vegetative,0,19.08,949.02,45.52,41.19,34.76,312.91,64.38,243.37,4.94,50,70,1000,1,0,1,CRITICAL
groundnut,vegetative,0,65.74,925.7,21.69,17.33,65.34,181.69,236.9,7.95,176.08,50,70,1000,0,0,0,MODERATE
groundnut,vegetative,0,12.12,477.68,34.47,31.77,84.92,40.87,361.33,16.3,3.14,50,70,1000,1,0,0,MODERATE
groundnut,vegetative,0,17.67,911.15,20.37,15.92,82.85,66.67,317.71,14.29,28.65,50,70,1000,1,0,0,POOR
groundnut,vegetative,0,72.06,1119.64,41.1,37.27,20.38,21.52,248.09,16.49,44.97,50,70,1000,0,1,0,CRITICAL
groundnut,vegetative,0,16.04,238.86,19.9,14.31,54.2,436.12,114.73,10.45,194.32,50,70,1000,1,0,1,CRITICAL
groundnut,vegetative,0,71.04,353.23,18.53,15.91,24.95,25.13,175.49,88.49,430.33,50,70,1000,0,0,1,CRITICAL
groundnut,vegetative,0,72.38,345.82,46.98,43.52,98.76,10.33,8.86,4.19,174.73,50,70,1000,0,0,0,MODERATE
groundnut,vegetative,0,38.49,1333.25,25.5,22.61,26.48,5.77,1009.46,371.1,12.68,50,70,1000,0,1,1,CRITICAL
groundnut,vegetative,0,93.31,1116.13,32.6,27.74,90.34,61.7,315.68,13.2,154.47,50,70,1000,0,1,0,MODERATE
groundnut,vegetative,0,95.24,1923.85,41.85,36.32,75.39,3.91,376.68,17.63,150.18,50,70,1000,0,1,0,POOR
groundnut,vegetative,0,67.96,1588.68,34.22,28.68,36.92,372.93,215.74,20.34,103.59,50,70,1000,0,1,1,POOR
groundnut,vegetative,0,11.6,488.69,27.83,25.38,29.13,82.71,325.79,16.04,167.2,50,70,1000,1,0,0,POOR
groundnut,vegetative,0,94.82,162.06,16.98,12.76,96.81,22.05,144.9,13.89,164.41,50,70,1000,0,0,0,MODERATE
groundnut,vegetative,0,64.28,1066.22,32.04,29.61,59.51,15.04,809.23,310.94,10.76,50,70,1000,0,1,1,POOR
groundnut,vegetative,0,21.4,1190.31,28.0,24.26,93.0,182.64,1424.85,21.95,139.97,50,70,1000,0,1,1,CRITICAL
groundnut,vegetative,0,35.65,1475.78,35.66,31.32,72.21,77.48,145.21,1.54,54.28,50,70,1000,0,1,0,POOR
groundnut,vegetative,0,69.42,1852.73,35.38,30.53,83.38,22.22,99.8,19.86,74.58,50,70,1000,0,1,0,MODERATE
groundnut,vegetative,0,32.8,629.72,32.6,28.82,76.46,50.45,360.76,18.29,100.45,50,70,1000,1,0,0,MODERATE
groundnut,vegetative,0,55.91,1149.89,15.74,12.09,82.62,47.11,306.43,18.73,113.31,50,70,1000,0,1,0,POOR
groundnut,vegetative,0,38.09,1094.69,23.24,18.45,98.01,80.19,195.91,10.16,117.24,50,70,1000,0,1,0,POOR
groundnut,vegetative,0,32.63,792.96,27.39,22.53,43.69,73.03,54.14,13.35,184.94,50,70,1000,1,0,0,MODERATE
groundnut,vegetative,0,89.71,315.79,19.1,13.36,36.72,14.84,248.01,7.1,127.51,50,70,1000,0,0,0,MODERATE
groundnut,vegetative,0,24.53,183.35,46.78,41.72,93.52,69.88,371.72,14.44,127.58,50,70,1000,1,0,0,POOR
groundnut,vegetative,0,55.95,1265.74,21.17,19.04,96.67,2.75,1201.51,318.39,37.88,50,70,1000,0,1,1,CRITICAL
groundnut,vegetative,0,39.87,1492.52,38.28,34.59,27.04,1.16,312.65,326.54,167.5,50,70,1000,0,1,1,CRITICAL
groundnut,vegetative,0,43.45,877.69,46.69,42.43,71.27,78.2,98.13,21.22,61.46,50,70,1000,1,0,0,POOR
groundnut,vegetative,0,78.39,1009.23,33.06,30.91,69.79,20.27,959.21,10.7,121.4,50,70,1000,0,1,0,MODERATE
groundnut,vegetative,0,83.14,863.43,35.98,33.57,27.26,47.99,267.69,10.02,855.68,50,70,1000,0,0,1,POOR
groundnut,vegetative,0,86.71,781.22,46.06,40.84,88.09,93.24,51.08,8.19,9.44,50,70,1000,0,0,0,MODERATE
groundnut,vegetative,0,74.67,1898.64,36.83,32.21,20.53,51.23,1393.93,6.97,836.72,50,70,1000,0,1,1,CRITICAL
groundnut,vegetative,0,67.0,1540.45,37.07,33.56,70.56,83.63,185.04,12.53,528.31,50,70,1000,0,1,1,POOR
groundnut,vegetative,0,20.17,85.27,19.75,17.09,63.04,62.49,52.88,7.6,5.25,50,70,1000,1,0,0,POOR
groundnut,vegetative,0,40.96,103.47,31.77,27.63,54.3,11.07,157.89,18.84,75.61,50,70,1000,1,0,0,MODERATE
groundnut,vegetative,0,39.24,1305.38,21.7,17.6,73.56,85.49,307.12,0.11,25.27,50,70,1000,0,1,0,CRITICAL
groundnut,vegetative,0,81.94,808.91,16.61,12.07,73.7,81.42,221.22,19.46,132.57,50,70,1000,0,0,0,MODERATE
groundnut,vegetative,0,32.75,428.97,47.25,42.3,56.12,190.55,821.95,9.51,154.35,50,70,1000,1,0,0,POOR
groundnut,vegetative,0,30.35,1373.21,18.9,16.54,30.67,80.89,153.91,23.03,126.39,50,70,1000,0,1,0,CRITICAL
groundnut,vegetative,0,42.88,315.09,45.52,40.63,23.71,270.08,137.52,13.97,719.32,50,70,1000,1,0,1,CRITICAL
groundnut,vegetative,0,70.22,1055.63,45.12,39.8,63.9,51.13,285.51,6.62,138.24,50,70,1000,0,1,0,POOR
groundnut,vegetative,0,27.74,68.62,26.53,23.94,53.74,83.38,360.84,1.99,602.23,50,70,1000,1,0,1,POOR
groundnut,vegetative,0,72.5,140.9,25.91,21.65,31.35,0.25,252.9,15.43,188.65,50,70,1000,0,0,0,GOOD
groundnut,vegetative,0,53.91,599.16,31.78,29.18,73.71,2.49,901.43,3.11,63.2,50,70,1000,0,0,0,GOOD
groundnut,vegetative,0,28.23,1199.2,39.44,33.51,76.11,56.19,240.33,5.11,62.56,50,70,1000,0,1,0,CRITICAL
groundnut,vegetative,0,11.08,304.71,20.57,17.78,81.91,44.69,802.46,24.71,0.48,50,70,1000,1,0,0,POOR
groundnut,vegetative,0,86.18,1322.38,29.71,25.96,57.28,31.1,1125.55,18.09,57.67,50,70,1000,0,1,1,POOR
groundnut,vegetative,0,16.11,851.86,25.6,21.21,38.09,3.6,139.33,321.06,98.46,50,70,1000,1,0,1,POOR
groundnut,vegetative,0,10.8,1851.86,43.56,39.38,42.21,3.28,135.48,24.67,454.59,50,70,1000,0,1,1,CRITICAL
groundnut,vegetative,0,39.74,1480.08,17.79,15.28,74.36,84.35,247.77,235.41,692.51,50,70,1000,0,1,1,CRITICAL
groundnut,vegetative,0,19.46,983.26,40.58,38.01,97.82,35.4,115.21,4.83,166.93,50,70,1000,1,0,0,POOR
groundnut,vegetative,0,44.3,1162.67,41.27,35.31,44.48,313.1,323.57,6.15,193.0,50,70,1000,0,1,1,CRITICAL
groundnut,vegetative,0,50.15,1237.8,26.51,21.56,21.82,400.64,252.9,78.92,187.71,50,70,1000,0,1,1,CRITICAL
groundnut,vegetative,0,90.31,1431.43,15.27,12.84,98.66,3.81,73.74,6.74,55.72,50,70,1000,0,1,0,POOR
groundnut,vegetative,0,14.45,1449.92,18.73,14.82,87.39,271.01,345.94,23.81,125.91,50,70,1000,0,1,1,CRITICAL
groundnut,vegetative,0,33.68,602.92,19.15,15.72,58.51,60.04,208.38,264.74,31.99,50,70,1000,1,0,1,CRITICAL
groundnut,vegetative,0,29.4,819.37,44.52,40.29,46.43,74.69,240.33,161.35,194.8,50,70,1000,1,0,1,CRITICAL
groundnut,vegetative,0,31.72,768.63,41.15,37.14,87.97,62.87,299.87,3.96,81.84,50,70,1000,1,0,0,POOR
groundnut,vegetative,0,29.49,1119.51,33.41,28.98,66.71,430.73,107.9,0.66,109.86,50,70,1000,0,1,1,CRITICAL
groundnut,vegetative,0,13.51,1549.17,46.53,43.3,40.66,44.8,321.32,13.11,33.49,50,70,1000,0,1,0,CRITICAL
groundnut,vegetative,0,60.97,413.84,19.84,15.32,40.44,38.59,318.17,22.94,34.68,50,70,1000,0,0,0,MODERATE
groundnut,vegetative,0,40.7,660.2,29.24,24.47,26.75,71.06,76.67,23.91,28.6,50,70,1000,1,0,0,POOR
groundnut,vegetative,0,94.16,1243.63,31.98,27.5,95.46,62.81,351.9,18.33,603.77,50,70,1000,0,1,1,POOR
groundnut,vegetative,0,97.37,925.04,46.97,43.73,74.61,200.75,357.51,11.28,792.72,50,70,1000,0,0,1,POOR
groundnut,vegetative,0,18.36,1617.36,36.29,33.36,80.47,72.79,303.32,3.02,101.01,50,70,1000,0,1,0,POOR
groundnut,vegetative,0,34.76,1504.8,38.09,35.71,96.28,74.47,71.17,222.68,76.14,50,70,1000,0,1,1,CRITICAL
groundnut,vegetative,0,14.28,156.23,21.99,19.4,20.52,428.58,995.8,21.11,181.7,50,70,1000,1,0,1,CRITICAL
groundnut,vegetative,0,81.7,1149.14,23.13,18.45,81.34,84.45,204.02,10.53,179.7,50,70,1000,0,1,0,MODERATE
groundnut,vegetative,0,41.19,591.48,46.05,41.43,74.95,75.97,108.09,6.09,417.24,50,70,1000,1,0,1,CRITICAL
groundnut,vegetative,0,95.7,1147.07,29.6,26.16,41.44,194.83,70.38,5.65,145.35,50,70,1000,0,1,0,MODERATE
groundnut,vegetative,0,88.19,1460.33,38.52,35.44,83.36,35.84,48.56,301.0,15.72,50,70,1000,0,1,1,CRITICAL
groundnut,vegetative,0,25.33,277.82,29.93,25.6,85.62,99.78,299.19,23.39,2.35,50,70,1000,1,0,0,MODERATE
groundnut,vegetative,0,36.9,619.62,16.76,14.56,73.49,473.24,139.55,2.31,188.61,50,70,1000,1,0,1,CRITICAL
groundnut,vegetative,0,66.57,1719.63,32.0,29.28,74.73,92.06,106.18,378.34,189.2,50,70,1000,0,1,1,POOR
groundnut,vegetative,0,19.89,1832.88,20.2,15.91,38.21,2.06,72.95,208.97,86.84,50,70,1000,0,1,1,CRITICAL
groundnut,vegetative,0,50.58,1584.92,45.86,40.51,51.12,21.61,308.08,12.0,97.65,50,70,1000,0,1,0,POOR
groundnut,vegetative,0,64.91,1172.63,40.12,34.63,37.63,77.97,340.1,12.01,153.93,50,70,1000,0,1,0,POOR
groundnut,vegetative,0,64.52,940.53,27.49,24.16,20.77,170.64,344.04,217.04,151.96,50,70,1000,0,0,1,POOR
groundnut,vegetative,0,10.96,597.29,29.38,23.81,72.35,321.73,119.86,48.88,9.67,50,70,1000,1,0,1,POOR
groundnut,vegetative,0,66.26,1454.07,17.65,15.48,83.92,71.22,300.4,20.13,148.1,50,70,1000,0,1,0,POOR
groundnut,vegetative,0,36.36,113.07,15.96,10.19,95.56,21.13,92.5,19.93,139.46,50,70,1000,1,0,0,POOR
groundnut,vegetative,0,76.56,217.79,20.85,18.25,95.12,293.95,86.38,13.99,177.42,50,70,1000,0,0,1,POOR
groundnut,vegetative,0,31.57,176.94,22.27,18.89,22.31,420.04,3.55,208.94,177.47,50,70,1000,1,0,1,CRITICAL
groundnut,vegetative,0,52.77,1987.5,19.92,15.62,47.54,38.79,303.51,389.46,157.89,50,70,1000,0,1,1,CRITICAL
groundnut,vegetative,0,14.0,501.32,26.23,23.71,37.98,8.35,297.11,70.97,129.05,50,70,1000,1,0,1,POOR
groundnut,vegetative,0,89.76,1212.66,24.48,18.72,82.98,73.55,114.7,4.52,38.85,50,70,1000,0,1,0,MODERATE
groundnut,vegetative,0,83.65,345.17,38.28,33.77,42.1,22.74,127.73,22.71,188.59,50,70,1000,0,0,0,MODERATE
groundnut,vegetative,0,37.46,663.42,42.88,37.73,43.53,8.14,1270.47,4.48,133.38,50,70,1000,1,0,1,CRITICAL
groundnut,vegetative,0,28.34,1853.22,15.66,11.44,49.83,46.11,81.45,0.53,54.98,50,70,1000,0,1,0,CRITICAL
groundnut,vegetative,0,41.43,1320.96,46.61,42.65,82.88,24.76,255.88,9.21,168.77,50,70,1000,0,1,0,CRITICAL
groundnut,vegetative,0,69.28,197.4,24.7,21.23,61.49,47.66,370.35,15.62,124.97,50,70,1000,0,0,0,GOOD
groundnut,vegetative,0,63.62,1062.87,29.47,27.15,43.41,403.49,852.24,17.28,160.15,50,70,1000,0,1,1,POOR
groundnut,vegetative,0,24.53,626.13,22.15,16.25,49.04,76.13,273.03,24.18,158.1,50,70,1000,1,0,0,MODERATE
groundnut,vegetative,0,86.79,106.73,40.45,34.92,21.29,55.9,1250.82,15.51,885.15,50,70,1000,0,0,1,CRITICAL
groundnut,vegetative,0,31.17,1260.9,26.97,23.09,88.87,73.57,115.88,23.77,157.19,50,70,1000,0,1,0,POOR
groundnut,vegetative,0,42.7,1945.65,30.97,26.09,58.17,428.75,28.76,7.91,159.56,50,70,1000,0,1,1,CRITICAL
groundnut,vegetative,0,41.0,406.65,23.33,18.47,50.07,68.75,199.63,16.2,72.05,50,70,1000,1,0,0,MODERATE
groundnut,vegetative,0,51.41,208.41,35.92,32.04,46.53,204.03,1122.66,19.03,62.07,50,70,1000,0,0,1,MODERATE
groundnut,vegetative,0,54.66,188.49,32.49,30.39,47.87,47.8,60.78,387.74,28.7,50,70,1000,0,0,1,MODERATE
groundnut,vegetative,0,27.35,505.28,33.6,30.32,86.79,469.91,295.45,10.97,167.17,50,70,1000,1,0,1,POOR
groundnut,vegetative,0,84.58,1310.53,21.34,18.2,61.19,32.94,858.6,11.07,185.3,50,70,1000,0,1,0,POOR
groundnut,vegetative,0,14.91,251.65,31.07,25.91,42.8,420.92,59.74,8.98,51.41,50,70,1000,1,0,1,POOR
groundnut,vegetative,0,42.95,255.78,34.54,29.92,80.64,90.4,94.26,19.56,169.48,50,70,1000,1,0,0,MODERATE
groundnut,vegetative,0,41.18,1142.26,30.29,26.45,64.29,41.54,316.25,13.38,1.97,50,70,1000,0,1,0,POOR
groundnut,vegetative,0,21.41,1107.27,44.65,41.29,98.59,424.86,1081.78,9.15,142.08,50,70,1000,0,1,1,CRITICAL
groundnut,vegetative,0,83.24,1002.91,33.73,31.12,35.42,12.59,982.86,2.64,48.88,50,70,1000,0,1,0,MODERATE
groundnut,vegetative,0,18.42,1238.11,21.02,18.91,57.36,430.79,245.77,17.56,164.47,50,70,1000,0,1,1,CRITICAL
groundnut,vegetative,0,18.67,1565.24,18.32,12.87,28.53,89.09,338.62,22.71,28.0,50,70,1000,0,1,0,CRITICAL
groundnut,vegetative,0,74.56,681.42,30.37,27.71,70.23,33.76,71.54,14.44,3.62,50,70,1000,0,0,0,GOOD
groundnut,vegetative,0,20.55,370.75,46.78,41.69,39.03,96.35,262.7,10.05,8.27,50,70,1000,1,0,0,POOR
groundnut,vegetative,0,48.13,640.52,25.58,20.62,78.33,81.89,100.71,393.56,106.69,50,70,1000,1,0,1,POOR
groundnut,vegetative,0,76.09,1524.84,17.43,12.21,71.32,4.06,75.38,22.79,41.15,50,70,1000,0,1,0,POOR
groundnut,vegetative,0,82.56,1252.78,34.52,30.9,70.91,11.52,344.7,14.62,85.52,50,70,1000,0,1,0,MODERATE
groundnut,vegetative,0,27.13,51.03,43.69,38.63,37.49,0.24,1082.03,171.71,2.35,50,70,1000,1,0,1,CRITICAL
groundnut,vegetative,0,57.87,593.6,43.71,37.96,87.93,39.86,142.24,18.21,197.42,50,70,1000,0,0,0,MODERATE
groundnut,vegetative,0,91.3,278.96,45.81,40.69,51.27,8.35,282.14,246.25,145.68,50,70,1000,0,0,1,POOR
groundnut,vegetative,0,74.23,1215.72,45.5,41.46,42.37,38.48,188.17,7.2,192.48,50,70,1000,0,1,0,POOR
groundnut,vegetative,0,18.6,1984.74,44.37,39.1,32.59,96.94,272.65,2.83,197.39,50,70,1000,0,1,0,CRITICAL
groundnut,vegetative,0,54.26,1450.22,15.86,12.21,32.44,64.31,277.95,313.46,132.58,50,70,1000,0,1,1,CRITICAL
groundnut,vegetative,0,21.22,1039.58,44.81,39.03,50.42,72.57,353.84,0.46,15.01,50,70,1000,0,1,0,CRITICAL
groundnut,vegetative,0,71.77,633.85,19.21,13.54,96.52,13.86,60.2,23.73,139.14,50,70,1000,0,0,0,MODERATE
groundnut,vegetative,0,57.71,1287.18,39.13,36.75,37.99,96.29,168.76,5.2,129.53,50,70,1000,0,1,0,POOR
groundnut,vegetative,0,87.54,1532.05,36.98,34.86,39.15,200.63,233.69,10.42,161.38,50,70,1000,0,1,0,MODERATE
groundnut,vegetative,0,41.57,1140.97,18.76,13.03,63.88,92.38,52.94,0.49,60.19,50,70,1000,0,1,0,CRITICAL
groundnut,vegetative,0,19.93,749.92,25.52,20.16,82.28,40.01,228.53,24.71,159.19,50,70,1000,1,0,0,MODERATE
groundnut,vegetative,0,65.19,1789.85,21.94,16.44,94.76,8.95,32.4,15.57,133.91,50,70,1000,0,1,0,POOR
groundnut,vegetative,0,95.02,1909.34,30.93,28.25,53.73,87.71,358.26,3.48,32.6,50,70,1000,0,1,0,MODERATE
groundnut,vegetative,0,12.07,1182.93,23.06,18.93,42.34,31.59,875.3,4.37,137.66,50,70,1000,0,1,0,POOR
groundnut,vegetative,0,68.23,601.72,32.58,30.09,36.19,73.38,85.98,73.45,13.21,50,70,1000,0,0,1,MODERATE
groundnut,vegetative,0,19.07,99.12,16.65,12.29,73.63,62.07,1029.29,134.68,113.48,50,70,1000,1,0,1,CRITICAL
groundnut,vegetative,0,89.82,1839.56,29.41,26.45,71.81,367.86,137.52,8.97,862.12,50,70,1000,0,1,1,POOR
groundnut,vegetative,0,81.94,273.01,17.58,13.59,81.23,12.32,290.4,117.25,65.88,50,70,1000,0,0,1,POOR
groundnut,vegetative,0,54.63,683.72,47.87,41.91,38.82,412.39,265.48,16.01,872.13,50,70,1000,0,0,1,POOR
groundnut,vegetative,0,32.05,681.79,31.49,28.85,96.32,16.16,229.49,11.11,6.03,50,70,1000,1,0,0,MODERATE
groundnut,vegetative,0,83.17,511.31,22.58,20.23,32.02,356.44,59.83,327.32,127.83,50,70,1000,0,0,1,MODERATE
groundnut,flowering,1,28.81,1829.41,39.23,36.87,89.35,34.89,227.44,23.99,422.77,60,80,1000,0,1,1,CRITICAL
groundnut,flowering,1,89.79,1060.68,42.71,37.9,59.97,36.38,224.83,260.8,177.84,60,80,1000,0,1,1,CRITICAL
groundnut,flowering,1,47.52,631.26,27.16,24.84,70.7,17.49,91.25,12.47,126.7,60,80,1000,1,0,0,MODERATE
groundnut,flowering,1,88.52,1419.26,24.92,21.93,80.34,73.36,86.67,24.4,55.48,60,80,1000,0,1,0,MODERATE
groundnut,flowering,1,59.77,606.69,21.37,19.17,90.07,60.01,302.33,20.35,8.73,60,80,1000,1,0,0,POOR
groundnut,flowering,1,70.48,1994.57,28.61,26.21,45.41,89.15,381.44,14.31,68.83,60,80,1000,0,1,0,MODERATE
groundnut,flowering,1,70.71,554.28,47.02,42.83,92.6,494.18,379.69,2.44,190.33,60,80,1000,0,0,1,POOR
groundnut,flowering,1,95.91,1492.48,44.93,39.22,80.06,24.31,268.68,15.23,2.35,60,80,1000,0,1,0,POOR
groundnut,flowering,1,89.03,1221.35,35.49,30.18,60.76,35.73,221.27,10.98,658.99,60,80,1000,0,1,1,POOR
groundnut,flowering,1,56.85,1138.17,27.1,23.5,94.65,192.51,230.76,13.12,78.87,60,80,1000,0,1,0,POOR
groundnut,flowering,1,85.94,545.78,26.56,22.18,90.86,354.39,175.59,22.7,630.45,60,80,1000,0,0,1,MODERATE
groundnut,flowering,1,85.25,705.14,16.56,12.52,57.93,8.58,871.04,18.48,37.49,60,80,1000,0,0,0,MODERATE
groundnut,flowering,1,81.0,349.09,15.59,11.24,31.53,78.04,1497.25,3.29,59.36,60,80,1000,0,0,1,POOR
groundnut,flowering,1,96.03,1755.29,39.9,35.11,89.29,68.41,206.0,135.11,192.47,60,80,1000,0,1,1,CRITICAL
groundnut,flowering,1,12.12,985.21,47.99,42.51,94.65,62.35,10.95,18.21,39.16,60,80,1000,1,0,0,POOR
groundnut,flowering,1,13.53,843.78,36.95,34.26,29.55,39.02,803.13,279.04,114.69,60,80,1000,1,0,1,CRITICAL
groundnut,flowering,1,81.04,496.74,33.78,30.07,44.29,78.7,149.07,247.24,3.09,60,80,1000,0,0,1,MODERATE
groundnut,flowering,1,84.94,703.16,31.78,26.59,80.85,33.4,373.46,22.37,11.46,60,80,1000,0,0,0,GOOD
groundnut,flowering,1,16.35,1243.96,25.66,22.31,58.33,71.75,169.77,23.98,36.34,60,80,1000,0,1,0,POOR
groundnut,flowering,1,38.24,239.83,44.56,39.02,69.22,6.19,42.57,8.85,171.88,60,80,1000,1,0,0,POOR
groundnut,flowering,1,53.83,121.81,34.81,31.82,67.86,61.41,185.39,24.38,52.79,60,80,1000,1,0,0,MODERATE
groundnut,flowering,1,63.0,1410.77,35.25,31.17,53.28,452.99,237.62,0.04,37.68,60,80,1000,0,1,1,POOR
groundnut,flowering,1,96.32,453.21,30.37,24.4,94.53,35.23,62.16,18.62,57.63,60,80,1000,0,0,0,GOOD
groundnut,flowering,1,70.46,391.91,24.33,21.35,66.09,7.57,134.82,7.01,50.92,60,80,1000,0,0,0,GOOD
groundnut,flowering,1,96.87,467.05,36.59,30.96,56.96,31.68,144.06,305.34,76.95,60,80,1000,0,0,1,MODERATE
groundnut,flowering,1,58.44,1461.11,36.38,30.76,31.24,16.92,1434.87,5.56,186.24,60,80,1000,0,1,1,CRITICAL
groundnut,flowering,1,85.81,1447.97,42.11,39.48,90.78,67.76,305.95,13.48,44.8,60,80,1000,0,1,0,POOR
groundnut,flowering,1,25.29,1784.31,20.31,16.93,54.27,276.46,263.45,52.12,44.66,60,80,1000,0,1,1,CRITICAL
groundnut,flowering,1,84.46,373.0,32.71,30.38,84.38,48.65,132.47,5.88,114.49,60,80,1000,0,0,0,GOOD
groundnut,flowering,1,42.23,366.69,45.96,40.76,37.68,33.27,222.53,328.8,164.12,60,80,1000,1,0,1,CRITICAL
groundnut,flowering,1,89.64,104.01,41.21,35.81,53.24,35.49,851.61,7.42,107.26,60,80,1000,0,0,0,MODERATE
groundnut,flowering,1,69.02,1889.17,15.35,12.27,76.29,87.13,3.46,8.98,28.47,60,80,1000,0,1,0,POOR
groundnut,flowering,1,31.55,769.72,18.91,13.65,36.1,75.49,258.08,8.17,400.35,60,80,1000,1,0,1,CRITICAL
groundnut,flowering,1,25.7,534.83,44.89,42.86,99.3,3.6,175.49,1.84,184.31,60,80,1000,1,0,0,POOR
groundnut,flowering,1,27.12,176.12,33.29,28.0,91.88,54.62,267.13,15.13,154.35,60,80,1000,1,0,0,MODERATE
groundnut,flowering,1,11.75,1235.27,32.61,27.59,78.32,169.84,7.21,20.45,72.65,60,80,1000,0,1,0,POOR
groundnut,flowering,1,74.74,427.1,38.83,35.66,42.29,81.15,369.56,7.35,139.4,60,80,1000,0,0,0,MODERATE
groundnut,flowering,1,61.34,427.05,27.04,24.81,96.2,31.73,91.28,24.12,77.42,60,80,1000,0,0,0,GOOD
groundnut,flowering,1,52.2,171.8,45.38,41.89,73.48,66.75,35.21,3.3,0.11,60,80,1000,1,0,0,POOR
groundnut,flowering,1,26.81,1709.26,36.79,34.76,88.39,1.94,279.46,8.91,58.41,60,80,1000,0,1,0,POOR
groundnut,flowering,1,34.67,1298.84,29.37,23.93,46.32,166.15,143.69,7.29,14.97,60,80,1000,0,1,0,POOR
groundnut,flowering,1,57.93,674.86,33.82,31.49,50.09,23.75,252.47,249.49,37.09,60,80,1000,1,0,1,POOR
groundnut,flowering,1,47.16,647.07,42.55,38.57,39.69,95.02,98.11,7.82,47.5,60,80,1000,1,0,0,POOR
groundnut,flowering,1,88.42,99.98,25.45,19.92,38.94,13.69,186.92,12.9,147.96,60,80,1000,0,0,0,GOOD
groundnut,flowering,1,80.98,747.55,28.32,24.86,32.93,34.09,183.29,1.07,537.69,60,80,1000,0,0,1,MODERATE
groundnut,flowering,1,45.82,1588.25,21.95,18.96,65.47,0.4,89.25,7.8,739.16,60,80,1000,0,1,1,CRITICAL
groundnut,flowering,1,30.9,219.58,47.33,44.25,42.05,230.87,17.19,227.39,175.38,60,80,1000,1,0,1,CRITICAL
groundnut,flowering,1,10.03,848.66,20.41,15.56,37.69,259.61,178.17,24.43,52.97,60,80,1000,1,0,1,CRITICAL
groundnut,flowering,1,11.74,1435.64,22.78,19.19,42.77,19.96,32.7,23.5,452.2,60,80,1000,0,1,1,CRITICAL
groundnut,flowering,1,62.82,1239.74,44.56,38.92,86.27,457.03,147.46,9.26,72.22,60,80,1000,0,1,1,CRITICAL
groundnut,flowering,1,91.68,637.34,20.04,14.61,39.16,253.69,848.75,4.14,16.39,60,80,1000,0,0,1,POOR
groundnut,flowering,1,39.68,735.43,34.79,28.88,33.58,32.92,1082.56,15.75,167.75,60,80,1000,1,0,1,POOR
groundnut,flowering,1,47.53,931.75,27.82,24.57,80.22,1.22,51.51,24.24,165.83,60,80,1000,1,0,0,MODERATE
groundnut,flowering,1,41.08,924.4,41.33,35.63,62.5,49.56,369.46,8.43,86.49,60,80,1000,1,0,0,POOR
groundnut,flowering,1,69.85,1732.69,43.57,40.75,69.87,201.05,72.19,18.54,535.36,60,80,1000,0,1,1,CRITICAL
groundnut,flowering,1,19.69,842.61,37.34,34.96,28.72,375.75,330.4,24.04,79.21,60,80,1000,1,0,1,CRITICAL
groundnut,flowering,1,12.22,1473.26,28.43,26.41,43.2,34.61,217.43,0.89,118.89,60,80,1000,0,1,0,POOR
groundnut,flowering,1,66.93,1540.25,21.08,16.67,78.71,35.7,373.23,2.07,99.01,60,80,1000,0,1,0,POOR
groundnut,flowering,1,89.3,972.89,44.32,40.52,71.36,16.25,100.74,3.27,447.48,60,80,1000,0,0,1,POOR
groundnut,flowering,1,19.74,1241.54,37.03,33.43,92.9,5.07,244.48,19.93,884.06,60,80,1000,0,1,1,CRITICAL
groundnut,flowering,1,29.26,956.62,45.08,40.52,57.1,10.89,310.77,15.83,577.05,60,80,1000,1,0,1,CRITICAL
groundnut,flowering,1,80.77,1925.4,41.1,37.82,92.05,66.97,146.34,13.18,627.28,60,80,1000,0,1,1,CRITICAL
groundnut,flowering,1,89.16,655.73,34.59,30.58,30.4,98.98,259.04,4.81,757.16,60,80,1000,0,0,1,MODERATE
groundnut,flowering,1,86.36,1421.15,23.01,18.55,34.9,13.25,62.65,17.89,168.83,60,80,1000,0,1,0,MODERATE
groundnut,flowering,1,75.39,550.21,27.81,23.0,92.38,48.62,1162.9,13.45,109.21,60,80,1000,0,0,1,MODERATE
groundnut,flowering,1,35.1,909.63,41.72,36.4,33.07,55.29,995.73,23.39,423.28,60,80,1000,1,0,1,CRITICAL
groundnut,flowering,1,72.54,682.86,37.11,31.72,89.67,436.38,238.23,216.57,160.63,60,80,1000,0,0,1,MODERATE
groundnut,flowering,1,78.92,1179.08,22.27,18.88,33.13,0.72,1079.9,19.88,128.35,60,80,1000,0,1,1,POOR
groundnut,flowering,1,49.22,1085.38,47.62,44.3,37.32,44.85,322.39,318.37,34.7,60,80,1000,0,1,1,CRITICAL
groundnut,flowering,1,89.28,1119.56,43.13,37.19,64.02,11.82,339.72,2.65,110.37,60,80,1000,0,1,0,POOR
groundnut,flowering,1,70.48,1940.91,44.68,40.42,83.47,36.36,134.82,172.18,590.74,60,80,1000,0,1,1,CRITICAL
groundnut,flowering,1,11.38,1898.34,44.66,40.99,72.24,99.11,341.46,21.84,89.53,60,80,1000,0,1,0,CRITICAL
groundnut,flowering,1,47.76,670.41,23.22,19.96,45.84,95.54,201.33,17.59,36.81,60,80,1000,1,0,0,MODERATE
groundnut,flowering,1,77.35,465.66,28.32,24.43,33.32,6.96,261.07,13.58,81.0,60,80,1000,0,0,0,GOOD
groundnut,flowering,1,78.23,1180.0,22.32,19.49,22.96,42.64,305.7,257.71,3.18,60,80,1000,0,1,1,CRITICAL
groundnut,flowering,1,41.82,1973.72,22.14,19.41,67.06,269.17,10.5,8.65,6.9,60,80,1000,0,1,1,CRITICAL
groundnut,flowering,1,79.95,176.75,15.49,11.09,77.91,39.49,61.1,8.11,153.25,60,80,1000,0,0,0,MODERATE
groundnut,flowering,1,63.25,846.49,17.59,12.86,68.99,64.27,270.83,23.93,150.8,60,80,1000,0,0,0,MODERATE
groundnut,flowering,1,34.81,506.78,32.12,29.07,63.74,28.82,242.74,6.46,155.44,60,80,1000,1,0,0,MODERATE
groundnut,flowering,1,67.91,1934.36,44.27,39.5,60.97,31.93,368.83,10.8,54.19,60,80,1000,0,1,0,POOR
groundnut,flowering,1,61.25,800.48,36.95,32.29,39.83,10.38,70.61,16.33,10.44,60,80,1000,0,0,0,GOOD
groundnut,flowering,1,39.15,433.46,25.19,19.88,66.14,10.92,353.93,21.67,22.31,60,80,1000,1,0,0,MODERATE
groundnut,flowering,1,71.75,1389.58,45.43,41.86,20.26,453.83,145.56,3.61,89.33,60,80,1000,0,1,1,CRITICAL
groundnut,flowering,1,61.33,1626.98,20.04,17.26,36.71,77.6,383.19,15.29,533.15,60,80,1000,0,1,1,CRITICAL
groundnut,flowering,1,95.05,744.53,45.49,41.3,57.86,83.28,6.39,1.84,754.9,60,80,1000,0,0,1,POOR
groundnut,flowering,1,32.17,1136.26,42.81,40.75,36.28,52.1,162.97,17.51,85.13,60,80,1000,0,1,0,CRITICAL
groundnut,flowering,1,88.34,988.23,33.95,31.44,86.88,42.23,0.4,9.97,24.75,60,80,1000,0,0,0,GOOD
groundnut,flowering,1,33.85,1015.62,30.31,26.89,42.21,455.51,166.87,2.13,141.36,60,80,1000,0,1,1,CRITICAL
groundnut,flowering,1,52.41,1419.99,16.08,13.92,91.71,74.97,183.86,338.6,103.41,60,80,1000,0,1,1,CRITICAL
groundnut,flowering,1,77.74,1741.18,36.64,31.11,27.12,67.96,251.38,3.66,96.76,60,80,1000,0,1,0,POOR
groundnut,flowering,1,33.06,51.67,24.1,19.63,68.13,191.87,156.48,3.12,175.09,60,80,1000,1,0,0,MODERATE
groundnut,flowering,1,66.08,1020.19,43.87,38.91,32.9,68.26,1256.8,21.66,76.88,60,80,1000,0,1,1,CRITICAL
groundnut,flowering,1,72.23,978.19,39.62,36.96,39.13,24.25,324.69,23.71,166.09,60,80,1000,0,0,0,MODERATE
groundnut,flowering,1,44.87,432.16,34.93,30.7,52.52,29.44,88.5,147.04,52.39,60,80,1000,1,0,1,POOR
groundnut,flowering,1,69.84,946.9,33.78,31.04,54.69,76.63,141.04,3.17,102.05,60,80,1000,0,0,0,GOOD
groundnut,flowering,1,62.84,1024.73,45.73,41.46,58.63,86.91,45.21,12.59,96.66,60,80,1000,0,1,0,POOR
groundnut,flowering,1,90.28,1186.35,29.07,27.05,43.64,86.79,195.76,9.39,166.83,60,80,1000,0,1,0,MODERATE
groundnut,flowering,1,88.09,220.18,29.81,26.85,63.0,402.99,283.64,22.21,26.15,60,80,1000,0,0,1,MODERATE
groundnut,flowering,1,69.15,935.08,39.07,34.53,70.26,20.24,323.28,1.38,43.96,60,80,1000,0,0,0,MODERATE
groundnut,flowering,1,48.5,712.54,37.98,32.08,36.54,24.3,279.08,18.26,27.35,60,80,1000,1,0,0,MODERATE
groundnut,flowering,1,43.67,1565.85,22.25,17.02,73.92,21.97,80.11,17.35,185.04,60,80,1000,0,1,0,POOR
groundnut,flowering,1,67.93,827.28,47.49,44.95,79.13,42.09,1456.39,1.31,184.37,60,80,1000,0,0,1,POOR
groundnut,flowering,1,67.9,429.64,33.23,29.69,64.64,93.24,232.37,306.89,72.45,60,80,1000,0,0,1,MODERATE
groundnut,flowering,1,67.95,117.8,22.03,17.5,23.7,10.18,6.39,10.06,121.17,60,80,1000,0,0,0,MODERATE
groundnut,flowering,1,28.7,1373.15,20.33,16.76,25.41,338.38,376.93,15.16,61.75,60,80,1000,0,1,1,CRITICAL
groundnut,flowering,1,96.92,1088.14,25.88,20.12,49.17,91.45,270.75,4.02,142.01,60,80,1000,0,1,0,MODERATE
groundnut,flowering,1,82.34,840.29,31.03,28.92,52.11,16.74,18.41,206.4,706.9,60,80,1000,0,0,1,MODERATE
groundnut,flowering,1,13.69,1017.8,34.44,31.67,40.2,78.56,305.9,12.22,125.8,60,80,1000,0,1,0,POOR
groundnut,flowering,1,37.96,1875.31,42.51,38.25,65.11,5.61,244.92,15.18,129.29,60,80,1000,0,1,0,CRITICAL
groundnut,flowering,1,19.96,915.03,47.93,43.17,74.74,182.86,42.19,4.27,158.08,60,80,1000,1,0,0,POOR
groundnut,flowering,1,11.84,1252.53,38.46,34.87,34.68,30.6,297.37,3.9,533.09,60,80,1000,0,1,1,CRITICAL
groundnut,flowering,1,73.55,474.47,38.95,34.16,80.21,91.59,316.21,8.85,125.62,60,80,1000,0,0,0,MODERATE
groundnut,flowering,1,40.69,1630.74,18.56,13.73,58.15,69.88,190.8,7.5,72.89,60,80,1000,0,1,0,CRITICAL
groundnut,flowering,1,18.7,1621.76,21.31,17.47,76.21,93.22,1345.52,0.01,474.83,60,80,1000,0,1,1,CRITICAL
groundnut,flowering,1,23.96,1540.44,24.55,20.32,68.67,20.68,2.12,17.84,54.48,60,80,1000,0,1,0,POOR
groundnut,flowering,1,26.4,814.82,23.91,21.71,81.09,480.8,286.51,167.66,24.7,60,80,1000,1,0,1,POOR
groundnut,flowering,1,82.57,1107.85,35.77,29.92,27.36,10.49,79.95,19.11,72.17,60,80,1000,0,1,0,POOR
groundnut,flowering,1,65.09,771.88,17.68,11.89,86.89,31.19,177.2,8.11,408.75,60,80,1000,0,0,1,POOR
groundnut,flowering,1,41.79,248.29,40.05,36.87,34.53,96.26,359.71,13.24,121.27,60,80,1000,1,0,0,POOR
groundnut,flowering,1,26.27,615.54,33.03,28.53,25.78,61.41,981.23,10.18,74.29,60,80,1000,1,0,0,POOR
groundnut,flowering,1,70.05,558.07,16.16,11.5,76.27,392.61,71.51,310.56,162.91,60,80,1000,0,0,1,POOR
groundnut,flowering,1,47.2,569.6,20.54,14.91,54.15,86.57,812.3,206.15,163.88,60,80,1000,1,0,1,CRITICAL
groundnut,flowering,1,66.67,264.16,24.4,21.2,50.25,27.39,151.69,19.71,761.16,60,80,1000,0,0,1,MODERATE
groundnut,flowering,1,13.16,78.15,21.05,16.31,97.18,75.04,92.28,5.56,153.45,60,80,1000,1,0,0,POOR
groundnut,flowering,1,13.42,473.48,24.45,20.83,26.08,72.52,225.2,21.44,169.52,60,80,1000,1,0,0,POOR
groundnut,flowering,1,72.29,387.0,33.17,28.69,94.22,281.17,86.89,0.65,20.83,60,80,1000,0,0,1,MODERATE
groundnut,flowering,1,30.12,1030.84,25.53,22.68,51.48,70.11,109.89,23.24,821.24,60,80,1000,0,1,1,CRITICAL
groundnut,flowering,1,52.12,1966.02,47.04,43.01,63.36,66.77,824.81,23.51,77.16,60,80,1000,0,1,0,CRITICAL
groundnut,flowering,1,59.62,1015.61,43.16,38.43,53.01,68.86,155.24,54.33,158.36,60,80,1000,0,1,1,CRITICAL
groundnut,flowering,1,14.67,1101.3,28.46,24.35,79.22,59.6,33.26,18.93,462.96,60,80,1000,0,1,1,CRITICAL
groundnut,flowering,1,92.96,1218.51,16.94,13.12,34.34,62.84,82.25,0.73,139.62,60,80,1000,0,1,0,POOR
groundnut,flowering,1,38.08,1155.38,45.31,41.7,60.38,431.15,198.88,3.14,138.37,60,80,1000,0,1,1,CRITICAL
groundnut,flowering,1,98.35,397.92,18.17,13.51,92.8,55.94,17.1,23.39,100.97,60,80,1000,0,0,0,MODERATE
groundnut,flowering,1,38.3,337.01,42.09,38.3,65.84,54.66,251.75,6.11,7.88,60,80,1000,1,0,0,POOR
groundnut,flowering,1,92.82,597.09,47.89,44.04,22.11,7.63,107.12,10.95,39.17,60,80,1000,0,0,0,POOR
groundnut,flowering,1,66.14,127.06,33.45,29.98,93.93,88.56,257.84,4.43,62.18,60,80,1000,0,0,0,GOOD
groundnut,flowering,1,72.46,1069.28,46.67,43.24,77.75,83.58,157.33,18.59,99.44,60,80,1000,0,1,0,POOR
groundnut,flowering,1,19.66,308.67,28.34,24.25,85.94,58.56,238.49,24.72,170.44,60,80,1000,1,0,0,MODERATE
groundnut,flowering,1,49.92,532.05,28.09,22.14,47.88,70.8,97.26,17.96,5.12,60,80,1000,1,0,0,MODERATE
groundnut,flowering,1,85.53,1217.8,29.38,23.85,35.76,35.94,399.08,4.4,196.83,60,80,1000,0,1,0,MODERATE
groundnut,flowering,1,29.24,258.39,34.87,29.41,66.99,44.28,56.75,9.98,85.59,60,80,1000,1,0,0,MODERATE
groundnut,flowering,1,77.41,1065.97,43.44,38.05,59.56,19.55,237.85,160.31,86.49,60,80,1000,0,1,1,CRITICAL
groundnut,flowering,1,19.39,1508.46,25.66,20.47,68.61,31.71,220.02,19.67,22.94,60,80,1000,0,1,0,POOR
groundnut,flowering,1,34.68,1766.61,36.82,31.34,51.63,3.4,179.28,0.69,111.34,60,80,1000,0,1,0,POOR
groundnut,flowering,1,73.93,1564.59,27.77,23.01,40.64,83.2,190.86,9.54,443.18,60,80,1000,0,1,1,POOR
groundnut,flowering,1,25.75,1960.75,47.62,44.03,99.03,178.85,17.01,98.22,198.94,60,80,1000,0,1,1,CRITICAL
groundnut,flowering,1,91.03,268.2,46.12,42.71,88.92,486.1,355.16,18.93,29.64,60,80,1000,0,0,1,POOR
groundnut,flowering,1,98.83,831.22,20.63,14.89,23.63,47.01,1290.29,2.57,83.69,60,80,1000,0,0,1,CRITICAL
groundnut,flowering,1,60.46,1772.41,20.31,17.45,73.67,5.62,143.14,21.03,116.38,60,80,1000,0,1,0,POOR
groundnut,flowering,1,62.57,148.27,21.55,18.74,33.68,65.86,190.95,15.03,120.57,60,80,1000,0,0,0,MODERATE
groundnut,flowering,1,12.0,584.57,31.91,28.49,21.92,183.75,125.13,5.81,196.8,60,80,1000,1,0,0,POOR
groundnut,flowering,1,73.65,880.46,46.75,43.06,39.16,11.54,98.04,22.17,111.31,60,80,1000,0,0,0,MODERATE
groundnut,flowering,1,16.06,1418.39,40.34,36.61,48.18,232.04,118.06,0.55,139.2,60,80,1000,0,1,0,CRITICAL
groundnut,flowering,1,35.93,225.76,22.24,18.91,30.24,70.64,239.61,5.37,453.87,60,80,1000,1,0,1,POOR
groundnut,flowering,1,26.03,1748.66,46.72,43.83,87.23,42.38,28.16,23.18,45.7,60,80,1000,0,1,0,CRITICAL
groundnut,flowering,1,87.07,385.96,30.45,24.94,23.87,30.43,286.49,21.13,30.57,60,80,1000,0,0,0,MODERATE
groundnut,flowering,1,32.88,1180.99,27.42,22.78,99.5,4.57,184.31,14.17,14.08,60,80,1000,0,1,0,POOR
groundnut,flowering,1,95.91,361.07,44.74,40.82,38.86,96.27,313.95,14.31,644.32,60,80,1000,0,0,1,POOR
groundnut,flowering,1,48.52,985.49,37.24,34.5,92.16,80.13,353.5,23.29,33.91,60,80,1000,1,0,0,MODERATE
groundnut,flowering,1,28.13,247.33,29.96,26.87,79.26,30.75,91.99,2.79,30.04,60,80,1000,1,0,0,MODERATE
groundnut,flowering,1,24.01,1700.57,20.66,18.21,90.4,44.38,16.6,23.93,26.54,60,80,1000,0,1,0,CRITICAL
groundnut,flowering,1,54.32,863.6,47.33,41.66,66.58,17.65,15.21,73.16,475.05,60,80,1000,1,0,1,CRITICAL
groundnut,flowering,1,56.44,1528.07,25.8,21.67,20.55,40.88,162.33,106.46,72.57,60,80,1000,0,1,1,CRITICAL
groundnut,flowering,1,90.27,1806.44,22.4,17.39,28.23,2.99,61.91,4.74,458.24,60,80,1000,0,1,1,CRITICAL
groundnut,flowering,1,18.58,1215.24,45.39,40.88,22.62,59.64,125.45,5.95,80.15,60,80,1000,0,1,0,CRITICAL
groundnut,flowering,1,77.46,1225.67,35.79,33.53,69.45,49.41,3.05,10.57,53.88,60,80,1000,0,1,0,MODERATE
groundnut,flowering,1,61.06,1769.2,40.38,38.17,65.08,276.37,1303.6,3.78,458.38,60,80,1000,0,1,1,CRITICAL
groundnut,flowering,1,96.42,1398.02,39.85,37.29,67.62,15.44,245.58,15.25,29.37,60,80,1000,0,1,0,POOR
groundnut,flowering,1,74.56,323.09,36.03,31.38,84.34,157.63,177.63,12.46,139.3,60,80,1000,0,0,0,GOOD
groundnut,flowering,1,62.68,1607.29,33.86,30.06,72.97,3.55,170.31,24.32,62.84,60,80,1000,0,1,0,MODERATE
groundnut,flowering,1,24.64,467.45,26.24,21.08,69.97,26.49,1407.7,340.5,163.22,60,80,1000,1,0,1,POOR
groundnut,flowering,1,51.58,680.35,34.28,29.85,65.99,70.67,114.21,8.21,538.13,60,80,1000,1,0,1,POOR
groundnut,flowering,1,75.55,947.44,45.77,40.06,76.92,89.2,168.31,20.02,46.93,60,80,1000,0,0,0,MODERATE
groundnut,flowering,1,84.67,1957.45,46.07,41.58,98.34,40.07,359.19,19.99,122.29,60,80,1000,0,1,0,POOR
groundnut,flowering,1,76.33,1763.23,47.55,43.91,22.01,381.08,375.24,17.06,181.37,60,80,1000,0,1,1,CRITICAL
groundnut,flowering,1,19.38,530.32,33.31,27.72,27.66,15.38,67.88,14.59,138.25,60,80,1000,1,0,0,POOR
groundnut,flowering,1,68.38,471.56,37.09,34.24,67.49,392.67,1367.14,0.48,590.86,60,80,1000,0,0,1,MODERATE
groundnut,flowering,1,56.06,1315.28,26.97,22.56,85.24,30.12,367.72,24.63,136.49,60,80,1000,0,1,0,POOR
groundnut,flowering,1,32.6,393.68,45.48,40.07,45.42,83.61,307.01,18.0,52.73,60,80,1000,1,0,0,POOR
groundnut,flowering,1,73.12,1778.35,44.99,39.55,71.88,44.99,87.19,22.48,75.45,60,80,1000,0,1,0,POOR
groundnut,flowering,1,78.74,400.09,31.2,28.74,62.23,82.07,196.87,1.48,34.53,60,80,1000,0,0,0,GOOD
groundnut,flowering,1,28.22,1123.28,41.79,38.29,39.76,174.78,377.38,15.58,592.28,60,80,1000,0,1,1,CRITICAL
groundnut,flowering,1,55.46,1083.93,37.82,33.52,24.36,56.09,1163.94,11.61,166.65,60,80,1000,0,1,1,CRITICAL
groundnut,flowering,1,39.88,89.3,24.75,20.47,84.42,58.56,1296.33,24.19,149.39,60,80,1000,1,0,1,POOR
groundnut,flowering,1,14.96,520.55,16.24,10.84,59.19,478.96,374.87,333.94,191.29,60,80,1000,1,0,1,CRITICAL
groundnut,flowering,1,97.15,1919.32,30.76,26.16,84.74,43.31,192.46,77.16,60.75,60,80,1000,0,1,1,POOR
groundnut,flowering,1,47.34,1674.2,28.25,23.21,62.02,93.58,387.99,7.4,667.62,60,80,1000,0,1,1,CRITICAL
groundnut,flowering,1,29.32,522.91,23.02,17.86,60.84,38.48,156.89,3.42,0.15,60,80,1000,1,0,0,MODERATE
groundnut,flowering,1,32.8,373.86,21.44,15.5,67.58,76.27,281.63,23.21,18.65,60,80,1000,1,0,0,POOR
groundnut,flowering,1,91.64,852.77,29.61,25.81,69.0,76.61,81.59,22.22,4.92,60,80,1000,0,0,0,GOOD
groundnut,flowering,1,53.04,88.59,26.64,22.09,49.7,92.69,149.77,17.91,107.66,60,80,1000,1,0,0,MODERATE
groundnut,flowering,1,69.23,1812.37,35.13,33.07,69.45,61.26,1293.15,21.03,119.3,60,80,1000,0,1,1,POOR
groundnut,flowering,1,27.96,396.22,41.61,39.01,41.15,21.78,9.63,9.94,527.82,60,80,1000,1,0,1,CRITICAL
groundnut,flowering,1,25.22,1994.22,41.59,37.76,79.83,51.88,259.49,151.86,28.89,60,80,1000,0,1,1,CRITICAL
groundnut,flowering,1,69.79,1758.24,42.45,39.07,76.43,312.41,109.64,8.88,124.32,60,80,1000,0,1,1,CRITICAL
groundnut,flowering,1,99.39,1916.44,38.34,35.7,48.8,298.25,195.32,292.09,486.63,60,80,1000,0,1,1,CRITICAL
groundnut,flowering,1,61.73,260.64,30.31,25.51,56.08,87.08,84.47,5.63,32.66,60,80,1000,0,0,0,GOOD
groundnut,flowering,1,22.0,1937.47,29.09,25.48,41.42,51.24,1290.3,21.95,1.41,60,80,1000,0,1,1,CRITICAL
groundnut,flowering,1,54.2,1196.65,39.51,34.59,23.56,73.65,129.18,220.83,187.24,60,80,1000,0,1,1,CRITICAL
groundnut,flowering,1,48.82,253.2,28.33,23.24,87.75,88.61,201.05,196.33,123.34,60,80,1000,1,0,1,POOR
groundnut,pegging,1,10.99,1240.57,34.06,29.99,63.02,84.35,946.87,59.19,185.97,65,85,1000,0,1,1,CRITICAL
groundnut,pegging,1,99.49,292.65,32.71,30.03,55.15,92.74,141.54,1.0,30.74,65,85,1000,0,0,0,GOOD
groundnut,pegging,1,94.65,1186.81,17.11,14.99,92.04,3.87,275.06,18.27,154.77,65,85,1000,0,1,0,POOR
groundnut,pegging,1,77.3,1855.08,35.13,30.32,89.27,273.06,11.43,11.01,44.96,65,85,1000,0,1,1,POOR
groundnut,pegging,1,10.67,928.37,31.14,28.05,63.69,15.46,349.51,16.97,98.74,65,85,1000,1,0,0,MODERATE
groundnut,pegging,1,82.54,1310.66,22.29,19.15,73.26,45.61,353.75,17.52,87.77,65,85,1000,0,1,0,MODERATE
groundnut,pegging,1,54.86,626.64,16.6,10.93,20.98,28.13,220.77,2.2,169.19,65,85,1000,1,0,0,CRITICAL
groundnut,pegging,1,81.29,589.71,37.05,32.31,76.62,89.08,217.54,22.08,53.14,65,85,1000,0,0,0,GOOD
groundnut,pegging,1,84.63,1970.79,32.65,30.33,80.08,87.71,202.75,16.39,112.61,65,85,1000,0,1,0,MODERATE
groundnut,pegging,1,20.4,1801.82,35.55,30.64,47.43,91.92,380.87,382.2,20.68,65,85,1000,0,1,1,CRITICAL
groundnut,pegging,1,18.29,419.88,32.74,26.89,22.22,464.51,151.02,23.69,631.02,65,85,1000,1,0,1,CRITICAL
groundnut,pegging,1,61.21,1407.34,17.92,12.41,63.12,92.12,188.34,1.68,48.74,65,85,1000,0,1,0,CRITICAL
groundnut,pegging,1,58.01,409.94,32.62,29.16,42.88,201.81,373.94,15.65,57.45,65,85,1000,1,0,0,MODERATE
groundnut,pegging,1,68.77,1777.49,27.7,25.22,21.02,40.59,96.67,22.81,150.32,65,85,1000,0,1,0,POOR
groundnut,pegging,1,16.94,142.28,30.32,27.9,44.53,33.88,197.72,339.45,88.81,65,85,1000,1,0,1,POOR
groundnut,pegging,1,15.23,127.52,26.05,21.14,29.32,63.55,182.79,5.49,190.93,65,85,1000,1,0,0,POOR
groundnut,pegging,1,98.3,1104.21,22.86,17.15,75.92,95.89,356.25,11.8,73.29,65,85,1000,0,1,0,MODERATE
groundnut,pegging,1,12.55,532.76,23.26,17.72,46.52,54.51,49.5,4.43,167.51,65,85,1000,1,0,0,MODERATE
groundnut,pegging,1,72.43,811.8,17.31,14.76,67.77,37.52,166.68,11.38,679.95,65,85,1000,0,0,1,POOR
groundnut,pegging,1,34.51,1381.64,20.68,17.44,26.25,88.08,292.24,2.59,199.13,65,85,1000,0,1,0,CRITICAL
groundnut,pegging,1,90.61,1181.03,26.6,22.54,40.86,63.48,364.28,7.68,112.39,65,85,1000,0,1,0,MODERATE
groundnut,pegging,1,70.81,534.71,37.05,33.48,92.88,12.95,152.36,23.13,68.33,65,85,1000,0,0,0,GOOD
groundnut,pegging,1,60.08,738.21,47.97,44.83,23.82,70.22,41.86,347.25,150.63,65,85,1000,1,0,1,CRITICAL
groundnut,pegging,1,18.77,1350.77,19.88,16.89,76.61,65.7,375.73,6.79,177.48,65,85,1000,0,1,0,CRITICAL
groundnut,pegging,1,83.04,942.82,45.35,40.37,46.14,339.27,344.27,10.65,66.92,65,85,1000,0,0,1,POOR
groundnut,pegging,1,61.01,1342.9,34.91,32.24,89.95,24.06,264.39,24.49,171.51,65,85,1000,0,1,0,POOR
groundnut,pegging,1,94.37,1360.27,18.66,13.22,58.47,27.81,1428.96,5.67,86.35,65,85,1000,0,1,1,CRITICAL
groundnut,pegging,1,38.93,1313.46,32.8,30.33,91.02,82.19,88.33,393.44,124.54,65,85,1000,0,1,1,CRITICAL
groundnut,pegging,1,50.68,1274.77,38.37,33.22,64.45,65.62,381.92,113.5,140.27,65,85,1000,0,1,1,CRITICAL
groundnut,pegging,1,21.98,296.04,43.6,39.87,64.79,93.18,948.93,17.0,170.35,65,85,1000,1,0,0,POOR
groundnut,pegging,1,82.47,1723.8,40.59,37.36,60.55,74.13,288.15,8.24,146.01,65,85,1000,0,1,0,POOR
groundnut,pegging,1,72.44,1822.8,41.32,36.83,98.21,43.31,378.38,1.11,64.87,65,85,1000,0,1,0,POOR
groundnut,pegging,1,59.09,413.9,40.85,36.6,36.18,424.41,1119.98,20.28,142.58,65,85,1000,1,0,1,CRITICAL
groundnut,pegging,1,72.33,1640.05,16.35,13.16,45.92,85.46,1117.4,5.86,7.97,65,85,1000,0,1,1,CRITICAL
groundnut,pegging,1,85.91,1042.27,20.91,14.94,41.61,98.53,36.79,11.13,498.82,65,85,1000,0,1,1,CRITICAL
groundnut,pegging,1,95.33,765.75,17.11,12.59,45.38,462.13,140.16,9.24,117.76,65,85,1000,0,0,1,POOR
groundnut,pegging,1,57.18,577.92,39.3,35.86,25.4,16.55,1364.54,6.21,197.0,65,85,1000,1,0,1,CRITICAL
groundnut,pegging,1,41.12,1028.52,22.16,19.52,39.49,7.13,260.59,3.14,182.44,65,85,1000,0,1,0,POOR
groundnut,pegging,1,90.83,1274.28,35.8,30.39,52.4,73.53,264.08,23.5,71.39,65,85,1000,0,1,0,MODERATE
groundnut,pegging,1,35.8,953.47,43.86,39.8,72.15,42.6,36.25,18.34,195.43,65,85,1000,1,0,0,POOR
groundnut,pegging,1,54.61,265.16,37.48,31.88,93.71,337.34,1449.22,7.24,172.27,65,85,1000,1,0,1,POOR
groundnut,pegging,1,24.1,259.8,46.5,42.82,71.85,90.59,195.16,15.63,199.61,65,85,1000,1,0,0,POOR
groundnut,pegging,1,57.8,510.62,25.0,21.17,79.77,1.79,86.07,15.95,47.47,65,85,1000,1,0,0,MODERATE
groundnut,pegging,1,26.62,1646.28,15.1,12.93,30.16,42.02,1457.2,19.3,133.17,65,85,1000,0,1,1,CRITICAL
groundnut,pegging,1,68.62,1062.43,28.64,25.25,82.22,73.9,310.29,10.2,175.54,65,85,1000,0,1,0,MODERATE
groundnut,pegging,1,70.07,229.44,31.01,28.78,55.8,71.64,147.71,19.59,6.45,65,85,1000,0,0,0,GOOD
groundnut,pegging,1,70.31,1601.14,29.78,25.59,38.19,92.36,210.16,12.88,27.39,65,85,1000,0,1,0,MODERATE
groundnut,pegging,1,84.99,161.72,19.23,16.02,64.27,76.29,42.33,19.65,829.58,65,85,1000,0,0,1,POOR
groundnut,pegging,1,34.75,310.77,18.43,14.83,54.35,86.82,315.29,301.41,169.99,65,85,1000,1,0,1,CRITICAL
groundnut,pegging,1,20.66,1628.02,45.87,42.3,45.09,52.25,283.55,14.17,49.03,65,85,1000,0,1,0,CRITICAL
groundnut,pegging,1,43.36,363.29,38.91,35.25,76.36,29.37,81.31,14.48,10.55,65,85,1000,1,0,0,POOR
groundnut,pegging,1,41.38,789.98,40.48,36.55,50.64,69.59,125.08,10.6,26.66,65,85,1000,1,0,0,POOR
groundnut,pegging,1,49.3,1963.86,19.21,15.27,36.1,70.18,135.36,9.36,647.62,65,85,1000,0,1,1,CRITICAL
groundnut,pegging,1,30.05,268.64,27.57,24.84,51.45,20.74,199.04,21.43,163.88,65,85,1000,1,0,0,MODERATE
groundnut,pegging,1,90.42,1786.85,44.46,40.8,79.97,23.33,185.56,23.81,646.58,65,85,1000,0,1,1,CRITICAL
groundnut,pegging,1,75.89,1755.87,36.61,31.36,29.63,96.83,212.32,8.48,122.0,65,85,1000,0,1,0,POOR
groundnut,pegging,1,87.6,1805.92,16.04,13.55,20.36,49.24,273.46,9.87,76.75,65,85,1000,0,1,0,CRITICAL
groundnut,pegging,1,65.33,1103.85,21.88,17.38,28.77,48.11,298.51,1.4,107.5,65,85,1000,0,1,0,CRITICAL
groundnut,pegging,1,72.43,953.26,23.73,20.02,41.87,62.45,18.34,22.86,11.34,65,85,1000,0,0,0,GOOD
groundnut,pegging,1,32.47,1090.4,35.97,33.06,27.48,26.75,62.63,23.44,402.86,65,85,1000,0,1,1,CRITICAL
groundnut,pegging,1,57.91,930.72,46.07,41.15,46.99,448.2,38.49,16.81,15.88,65,85,1000,1,0,1,CRITICAL
groundnut,pegging,1,17.35,1912.38,39.2,35.13,79.47,61.15,272.4,9.58,148.7,65,85,1000,0,1,0,CRITICAL
groundnut,pegging,1,93.96,1746.26,39.34,36.57,78.57,420.39,124.59,8.66,120.13,65,85,1000,0,1,1,CRITICAL
groundnut,pegging,1,97.28,1489.33,47.51,42.53,60.63,41.1,1305.25,5.69,58.57,65,85,1000,0,1,1,CRITICAL
groundnut,pegging,1,38.91,748.95,38.7,36.66,57.12,34.31,1405.36,13.81,63.87,65,85,1000,1,0,1,CRITICAL
groundnut,pegging,1,55.01,791.52,37.64,35.48,70.0,77.2,52.08,13.8,14.21,65,85,1000,1,0,0,MODERATE
groundnut,pegging,1,98.45,1708.38,43.7,39.31,26.48,91.34,342.74,395.82,142.17,65,85,1000,0,1,1,CRITICAL
groundnut,pegging,1,34.84,769.47,15.4,11.89,27.44,51.74,346.51,6.24,117.21,65,85,1000,1,0,0,CRITICAL
groundnut,pegging,1,33.91,705.61,34.76,29.26,34.53,76.82,87.57,14.47,82.68,65,85,1000,1,0,0,MODERATE
groundnut,pegging,1,80.21,591.82,35.26,31.81,81.54,181.66,71.77,4.58,167.74,65,85,1000,0,0,0,GOOD
groundnut,pegging,1,35.76,744.32,38.57,34.95,80.77,64.04,1174.33,298.37,119.31,65,85,1000,1,0,1,CRITICAL
groundnut,pegging,1,30.7,700.74,31.17,27.99,44.77,40.2,306.22,22.07,144.26,65,85,1000,1,0,0,MODERATE
groundnut,pegging,1,46.54,1328.51,39.91,35.66,71.4,21.35,171.22,7.63,5.99,65,85,1000,0,1,0,CRITICAL
groundnut,pegging,1,86.17,135.76,31.74,26.33,20.36,27.58,242.8,1.06,35.45,65,85,1000,0,0,0,MODERATE
groundnut,pegging,1,42.21,1345.64,21.34,17.51,63.94,45.87,1247.62,24.84,155.78,65,85,1000,0,1,1,CRITICAL
groundnut,pegging,1,57.21,1967.76,47.7,42.51,57.84,261.91,298.62,9.97,443.72,65,85,1000,0,1,1,CRITICAL
groundnut,pegging,1,77.61,1260.46,21.76,18.42,31.56,53.61,41.32,22.35,21.02,65,85,1000,0,1,0,POOR
groundnut,pegging,1,41.29,650.58,26.85,23.54,81.53,446.05,196.37,20.52,135.38,65,85,1000,1,0,1,POOR
groundnut,pegging,1,28.14,925.56,18.42,16.14,76.48,91.29,80.71,7.4,179.01,65,85,1000,1,0,0,POOR
groundnut,pegging,1,79.35,516.57,42.16,40.09,83.81,77.59,85.6,17.87,96.16,65,85,1000,0,0,0,MODERATE
groundnut,pegging,1,88.88,896.41,41.25,35.77,87.72,87.14,69.83,253.09,187.44,65,85,1000,0,0,1,POOR
groundnut,pegging,1,36.18,1252.72,17.04,11.89,25.1,15.84,1474.61,2.68,25.16,65,85,1000,0,1,1,CRITICAL
groundnut,pegging,1,41.12,234.17,47.3,42.4,42.43,481.83,263.73,11.38,58.4,65,85,1000,1,0,1,CRITICAL
groundnut,pegging,1,83.09,235.85,38.14,34.82,30.37,73.18,64.97,7.23,130.69,65,85,1000,0,0,0,MODERATE
groundnut,pegging,1,98.06,285.79,34.71,32.43,73.55,27.87,1459.16,21.75,122.45,65,85,1000,0,0,1,MODERATE
groundnut,pegging,1,39.44,1643.94,19.47,13.94,97.97,96.77,233.97,16.16,12.05,65,85,1000,0,1,0,CRITICAL
groundnut,pegging,1,78.35,92.47,35.6,32.88,72.94,62.12,1439.88,11.4,104.8,65,85,1000,0,0,1,MODERATE
groundnut,pegging,1,16.37,1425.41,19.48,17.12,51.89,7.74,1203.81,22.89,29.02,65,85,1000,0,1,1,CRITICAL
groundnut,pegging,1,30.3,240.5,29.39,24.79,70.03,77.39,215.48,13.22,86.93,65,85,1000,1,0,0,MODERATE
groundnut,pegging,1,12.63,1179.28,22.66,19.29,44.98,85.85,157.93,18.19,182.35,65,85,1000,0,1,0,POOR
groundnut,pegging,1,70.13,1227.81,19.16,13.32,64.93,46.93,381.13,15.78,22.92,65,85,1000,0,1,0,POOR
groundnut,pegging,1,96.97,1480.75,26.35,23.81,58.58,67.94,330.24,1.71,126.3,65,85,1000,0,1,0,MODERATE
groundnut,pegging,1,32.9,189.79,35.35,33.34,83.41,24.31,305.42,206.68,52.68,65,85,1000,1,0,1,POOR
groundnut,pegging,1,26.61,856.57,21.18,15.65,46.2,482.01,209.92,3.21,30.54,65,85,1000,1,0,1,CRITICAL
groundnut,pegging,1,89.39,1663.28,25.56,22.54,78.71,57.33,60.54,5.19,49.65,65,85,1000,0,1,0,MODERATE
groundnut,pegging,1,37.62,1760.84,23.26,18.9,49.48,75.21,243.08,17.91,498.12,65,85,1000,0,1,1,CRITICAL
groundnut,pegging,1,85.31,1929.63,33.78,29.07,89.09,5.26,22.82,1.2,90.68,65,85,1000,0,1,0,MODERATE
groundnut,pegging,1,35.26,201.22,32.77,29.31,47.18,45.76,209.44,6.42,174.3,65,85,1000,1,0,0,MODERATE
groundnut,pegging,1,35.33,1645.95,41.17,35.97,21.31,75.39,300.5,325.22,184.27,65,85,1000,0,1,1,CRITICAL
groundnut,pegging,1,11.72,1880.91,26.13,22.62,57.59,26.58,102.94,157.16,80.56,65,85,1000,0,1,1,CRITICAL
groundnut,pegging,1,92.83,1040.63,38.85,35.02,37.5,12.4,891.77,24.57,69.61,65,85,1000,0,1,0,POOR
groundnut,pegging,1,40.9,719.17,36.28,32.06,77.48,94.14,303.65,22.16,86.52,65,85,1000,1,0,0,MODERATE
groundnut,pegging,1,77.47,723.59,30.35,25.99,25.89,71.13,289.53,19.56,52.3,65,85,1000,0,0,0,MODERATE
groundnut,pegging,1,45.14,1171.93,33.2,28.86,25.56,30.25,360.84,7.18,71.04,65,85,1000,0,1,0,CRITICAL
groundnut,pegging,1,40.36,163.28,20.5,15.41,93.66,16.88,116.34,1.1,151.91,65,85,1000,1,0,0,POOR
groundnut,pegging,1,75.14,510.83,22.25,20.0,51.45,9.77,62.03,5.9,585.53,65,85,1000,0,0,1,MODERATE
groundnut,pegging,1,76.48,1532.68,33.61,28.95,60.7,74.09,252.71,363.56,156.44,65,85,1000,0,1,1,POOR
groundnut,pegging,1,26.43,1321.67,40.51,34.98,88.85,193.99,337.51,13.82,80.75,65,85,1000,0,1,0,CRITICAL
groundnut,pegging,1,99.89,601.73,33.23,29.01,56.12,24.15,154.77,23.14,189.88,65,85,1000,0,0,0,GOOD
groundnut,pegging,1,21.99,1469.31,33.84,31.61,22.02,378.04,191.31,15.33,129.51,65,85,1000,0,1,1,CRITICAL
groundnut,pegging,1,54.54,824.63,21.79,18.81,39.01,41.89,37.28,6.43,154.25,65,85,1000,1,0,0,POOR
groundnut,pegging,1,41.9,1405.07,24.36,19.39,68.18,494.54,237.32,231.93,141.95,65,85,1000,0,1,1,CRITICAL
groundnut,pegging,1,13.59,967.71,22.83,20.63,39.99,72.25,1326.52,21.86,41.55,65,85,1000,1,0,1,POOR
groundnut,pegging,1,23.78,1835.57,40.64,36.97,66.72,353.78,80.05,11.48,21.61,65,85,1000,0,1,1,CRITICAL
groundnut,pegging,1,65.98,1992.13,23.38,20.84,53.18,14.6,351.83,3.69,140.61,65,85,1000,0,1,0,MODERATE
groundnut,pegging,1,35.61,1807.91,31.88,26.69,52.18,67.7,314.63,11.57,133.64,65,85,1000,0,1,0,POOR
groundnut,pegging,1,61.74,66.39,20.5,16.5,79.65,80.89,112.51,14.95,125.2,65,85,1000,1,0,0,POOR
groundnut,pegging,1,67.45,1587.14,17.25,15.23,81.35,29.01,234.2,22.05,45.19,65,85,1000,0,1,0,POOR
groundnut,pegging,1,19.53,80.33,15.53,13.32,92.93,35.84,163.83,2.72,180.49,65,85,1000,1,0,0,POOR
groundnut,pegging,1,93.54,1028.2,31.57,28.11,76.83,39.22,211.5,245.32,554.18,65,85,1000,0,1,1,POOR
groundnut,pegging,1,40.84,1967.35,21.34,15.34,26.07,71.32,311.04,8.94,39.04,65,85,1000,0,1,0,CRITICAL
groundnut,pegging,1,75.57,1712.96,17.85,12.15,94.22,0.79,221.49,7.35,148.05,65,85,1000,0,1,0,POOR
groundnut,pegging,1,46.31,858.23,43.66,40.8,35.17,98.54,66.32,2.88,197.87,65,85,1000,1,0,0,POOR
groundnut,pegging,1,25.58,907.43,20.83,17.6,41.59,28.31,198.74,313.95,151.13,65,85,1000,1,0,1,CRITICAL
groundnut,pegging,1,69.19,982.34,24.12,20.87,48.84,34.06,206.66,164.87,188.34,65,85,1000,0,0,1,MODERATE
groundnut,pegging,1,44.91,1951.12,25.69,23.14,42.57,295.56,41.63,4.94,133.33,65,85,1000,0,1,1,CRITICAL
groundnut,pegging,1,27.25,1298.44,44.59,39.39,57.25,74.55,228.01,14.23,176.87,65,85,1000,0,1,0,CRITICAL
groundnut,pegging,1,81.99,1254.55,39.1,33.5,42.9,50.31,338.43,20.2,154.76,65,85,1000,0,1,0,POOR
groundnut,pegging,1,55.38,241.45,43.12,38.99,67.55,12.14,369.28,14.85,151.38,65,85,1000,1,0,0,POOR
groundnut,pegging,1,21.22,1168.27,40.21,37.07,38.9,80.25,347.71,8.78,78.94,65,85,1000,0,1,0,CRITICAL
groundnut,pegging,1,63.92,1975.98,40.26,37.85,78.26,25.74,95.34,8.6,92.12,65,85,1000,0,1,0,CRITICAL
groundnut,pegging,1,94.69,338.08,24.25,19.62,42.65,34.73,133.86,14.09,12.49,65,85,1000,0,0,0,GOOD
groundnut,pegging,1,56.48,488.71,27.66,23.68,56.0,74.81,1425.76,10.83,551.67,65,85,1000,1,0,1,POOR
groundnut,pegging,1,26.64,788.24,35.34,31.96,57.95,327.82,883.87,3.22,81.35,65,85,1000,1,0,1,POOR
groundnut,pegging,1,93.88,550.93,38.04,34.67,77.41,14.21,134.58,17.12,834.6,65,85,1000,0,0,1,POOR
groundnut,pegging,1,43.2,157.01,19.3,14.14,72.46,286.95,165.24,18.12,119.75,65,85,1000,1,0,1,CRITICAL
groundnut,pegging,1,33.91,1972.24,44.89,40.78,22.77,448.88,64.52,7.58,20.26,65,85,1000,0,1,1,CRITICAL
groundnut,pegging,1,91.2,1169.1,32.27,27.45,99.07,17.22,361.58,5.07,82.58,65,85,1000,0,1,0,MODERATE
groundnut,pegging,1,80.24,1879.82,24.37,19.39,90.85,12.49,108.95,14.62,141.58,65,85,1000,0,1,0,MODERATE
groundnut,pegging,1,45.92,1999.55,23.61,20.55,33.59,351.16,243.08,0.61,98.03,65,85,1000,0,1,1,CRITICAL
groundnut,pegging,1,42.1,1577.41,29.33,24.18,70.7,3.31,110.25,10.03,60.42,65,85,1000,0,1,0,POOR
groundnut,pegging,1,46.35,1164.77,47.6,41.74,60.72,9.61,267.79,9.18,13.68,65,85,1000,0,1,0,CRITICAL
groundnut,pegging,1,51.9,1870.94,34.47,29.83,21.56,67.05,1166.66,19.92,82.48,65,85,1000,0,1,1,CRITICAL
groundnut,pegging,1,14.21,1919.73,25.67,20.86,67.55,57.17,354.61,21.6,111.81,65,85,1000,0,1,0,POOR
groundnut,pegging,1,59.33,69.42,47.56,42.49,48.91,98.3,23.54,7.91,64.97,65,85,1000,1,0,0,POOR
groundnut,pegging,1,98.54,1114.81,39.83,36.31,33.68,42.98,1084.16,24.57,577.8,65,85,1000,0,1,1,CRITICAL
groundnut,pegging,1,13.66,849.67,19.99,15.09,35.56,281.07,394.63,3.75,57.61,65,85,1000,1,0,1,CRITICAL
groundnut,pegging,1,69.31,294.27,36.5,31.81,45.97,94.87,367.43,218.95,672.76,65,85,1000,0,0,1,MODERATE
groundnut,pegging,1,11.49,73.49,44.46,42.31,46.6,92.4,262.8,15.75,64.35,65,85,1000,1,0,0,POOR
groundnut,pegging,1,46.76,1820.71,28.72,26.36,35.72,54.45,1349.04,21.1,116.71,65,85,1000,0,1,1,CRITICAL
groundnut,pegging,1,14.76,212.54,16.85,11.0,87.54,43.91,172.48,190.43,24.14,65,85,1000,1,0,1,CRITICAL
groundnut,pegging,1,22.06,1685.94,38.0,34.36,49.53,82.77,362.62,145.28,98.37,65,85,1000,0,1,1,CRITICAL
groundnut,pegging,1,11.52,547.56,21.2,18.66,22.57,22.69,54.93,14.59,188.06,65,85,1000,1,0,0,CRITICAL
groundnut,pegging,1,72.5,605.55,33.48,29.07,48.14,67.08,5.97,3.89,186.98,65,85,1000,0,0,0,GOOD
groundnut,pegging,1,10.88,252.05,41.02,37.46,23.64,82.56,389.75,62.99,83.25,65,85,1000,1,0,1,CRITICAL
groundnut,pegging,1,98.44,1311.75,35.69,30.47,54.93,25.87,246.94,10.09,137.81,65,85,1000,0,1,0,MODERATE
groundnut,pegging,1,67.96,211.36,20.12,15.62,55.06,56.13,236.34,0.32,44.03,65,85,1000,0,0,0,MODERATE
groundnut,pegging,1,44.63,867.01,31.43,26.4,21.41,44.71,207.94,23.11,116.08,65,85,1000,1,0,0,POOR
groundnut,pegging,1,50.48,1214.21,43.82,40.59,20.09,97.44,168.82,11.2,113.83,65,85,1000,0,1,0,CRITICAL
groundnut,pegging,1,95.18,209.28,37.37,31.74,34.34,23.71,1036.71,21.47,35.26,65,85,1000,0,0,1,MODERATE
groundnut,pegging,1,11.07,1622.53,33.05,28.79,62.99,53.53,195.05,20.15,112.01,65,85,1000,0,1,0,POOR
groundnut,pegging,1,82.54,1983.39,33.67,28.01,71.37,56.57,33.7,12.74,70.84,65,85,1000,0,1,0,MODERATE
groundnut,pegging,1,91.58,1378.95,18.03,13.18,63.82,52.39,358.69,0.21,164.84,65,85,1000,0,1,0,POOR
groundnut,pegging,1,77.5,1451.61,25.36,22.68,69.71,67.71,1295.94,227.08,5.89,65,85,1000,0,1,1,POOR
groundnut,pegging,1,80.34,60.89,43.66,39.28,39.22,34.75,132.0,24.56,79.13,65,85,1000,0,0,0,MODERATE
groundnut,pegging,1,55.1,1258.93,19.97,14.97,97.89,48.24,14.29,4.72,140.53,65,85,1000,0,1,0,CRITICAL
groundnut,pegging,1,69.09,979.59,34.72,30.69,56.06,20.55,17.84,14.06,196.03,65,85,1000,0,0,0,GOOD
groundnut,pegging,1,70.59,359.89,33.5,30.47,37.82,89.5,67.84,8.17,102.13,65,85,1000,0,0,0,GOOD
groundnut,pegging,1,99.96,940.19,45.9,41.94,82.56,57.32,1126.42,24.86,470.5,65,85,1000,0,0,1,POOR
groundnut,pegging,1,58.93,820.48,37.16,32.92,43.1,22.66,1022.87,0.92,8.07,65,85,1000,1,0,1,POOR
groundnut,pegging,1,85.7,1819.04,24.45,19.32,44.78,29.56,104.67,19.8,117.38,65,85,1000,0,1,0,MODERATE
groundnut,pegging,1,81.51,530.16,37.1,32.23,94.05,50.88,168.22,12.03,53.0,65,85,1000,0,0,0,GOOD
groundnut,pegging,1,61.4,208.0,24.37,22.22,31.0,417.27,100.59,2.09,193.1,65,85,1000,1,0,1,POOR
groundnut,pegging,1,41.37,453.19,37.99,32.2,27.19,24.22,180.81,14.32,79.39,65,85,1000,1,0,0,POOR
groundnut,pegging,1,13.18,817.32,26.81,24.41,80.4,55.31,934.12,317.81,732.89,65,85,1000,1,0,1,POOR
groundnut,pegging,1,34.22,590.45,36.16,30.63,69.39,228.02,1098.9,383.02,13.23,65,85,1000,1,0,1,POOR
groundnut,pegging,1,15.13,127.09,15.17,11.07,57.11,94.05,1264.48,8.87,65.71,65,85,1000,1,0,1,CRITICAL
groundnut,pegging,1,41.04,1374.85,45.44,41.11,20.8,483.28,1435.89,8.11,67.41,65,85,1000,0,1,1,CRITICAL
groundnut,pegging,1,93.5,1631.93,25.91,21.72,52.48,46.62,72.42,17.32,672.7,65,85,1000,0,1,1,POOR
groundnut,pegging,1,31.2,1843.39,23.17,19.05,56.47,37.29,269.95,236.79,132.78,65,85,1000,0,1,1,CRITICAL
groundnut,pegging,1,79.35,108.08,33.34,31.21,44.55,9.63,267.4,262.31,42.82,65,85,1000,0,0,1,MODERATE
groundnut,pegging,1,45.25,1911.54,26.76,24.39,97.0,72.92,371.21,5.37,772.91,65,85,1000,0,1,1,CRITICAL
groundnut,pegging,1,96.68,1582.74,43.02,39.43,51.35,415.87,53.2,19.96,65.29,65,85,1000,0,1,1,CRITICAL
groundnut,pegging,1,49.62,1504.75,46.72,43.43,79.87,31.45,179.71,6.67,723.29,65,85,1000,0,1,1,CRITICAL
groundnut,pegging,1,26.55,165.35,27.76,23.5,42.86,68.92,287.23,20.18,64.45,65,85,1000,1,0,0,MODERATE
groundnut,pegging,1,15.87,981.58,36.93,34.26,92.14,178.5,161.75,16.1,103.38,65,85,1000,1,0,0,MODERATE
groundnut,pegging,1,64.46,1253.74,30.7,26.45,43.09,15.84,26.08,9.35,49.3,65,85,1000,0,1,0,POOR
groundnut,pegging,1,81.68,569.01,36.23,33.84,20.98,49.84,114.63,7.53,7.85,65,85,1000,0,0,0,MODERATE
groundnut,pegging,1,33.67,72.42,45.84,40.39,53.16,44.54,311.65,2.92,179.51,65,85,1000,1,0,0,POOR
groundnut,pegging,1,26.85,655.44,32.49,27.86,75.32,44.73,370.17,1.98,146.57,65,85,1000,1,0,0,MODERATE
groundnut,pegging,1,85.9,128.65,45.49,42.16,23.74,83.54,321.81,17.01,121.79,65,85,1000,0,0,0,POOR
groundnut,pegging,1,46.03,1910.76,32.11,26.16,89.03,63.97,167.06,20.7,156.89,65,85,1000,0,1,0,POOR
groundnut,pegging,1,25.53,55.34,42.47,37.96,65.65,66.2,336.96,19.67,166.99,65,85,1000,1,0,0,POOR
groundnut,pegging,1,30.07,876.56,16.56,13.51,40.66,288.83,97.65,20.45,178.3,65,85,1000,1,0,1,CRITICAL
groundnut,pegging,1,18.39,81.43,21.03,18.24,30.9,26.22,873.07,18.8,17.51,65,85,1000,1,0,0,POOR
groundnut,pegging,1,16.57,872.56,38.39,35.17,58.61,19.27,173.57,2.33,50.56,65,85,1000,1,0,0,POOR
groundnut,pegging,1,29.21,1789.69,43.32,40.12,58.04,333.43,330.55,1.09,106.06,65,85,1000,0,1,1,CRITICAL
groundnut,pegging,1,73.84,713.98,34.93,30.08,54.44,19.34,331.79,15.74,52.74,65,85,1000,0,0,0,GOOD
groundnut,pegging,1,94.59,1899.18,38.44,34.75,34.29,49.25,211.0,21.5,146.39,65,85,1000,0,1,0,POOR
groundnut,pegging,1,50.93,1620.62,44.2,38.3,47.65,59.47,184.74,4.8,75.83,65,85,1000,0,1,0,CRITICAL
groundnut,pod_filling,1,37.96,1942.49,33.36,29.97,88.87,350.6,37.58,9.65,67.33,60,80,1000,0,1,1,CRITICAL
groundnut,pod_filling,1,27.58,69.23,47.22,41.63,44.02,321.12,1378.5,14.15,691.81,60,80,1000,1,0,1,CRITICAL
groundnut,pod_filling,1,90.59,778.05,29.79,25.08,28.89,202.28,377.11,15.91,43.43,60,80,1000,0,0,0,MODERATE
groundnut,pod_filling,1,92.9,1067.56,47.21,43.42,64.22,78.93,115.31,19.85,89.97,60,80,1000,0,1,0,POOR
groundnut,pod_filling,1,98.48,1540.04,18.74,15.56,47.63,31.51,196.97,320.8,7.42,60,80,1000,0,1,1,CRITICAL
groundnut,pod_filling,1,76.36,1403.0,43.96,41.64,51.07,78.21,926.54,18.26,529.41,60,80,1000,0,1,1,CRITICAL
groundnut,pod_filling,1,23.31,961.55,34.23,28.94,32.01,152.3,93.89,1.25,640.4,60,80,1000,1,0,1,POOR
groundnut,pod_filling,1,14.27,62.8,46.29,41.4,82.67,91.58,63.32,253.58,136.63,60,80,1000,1,0,1,CRITICAL
groundnut,pod_filling,1,16.08,983.74,22.24,20.23,85.05,96.94,331.51,21.16,153.95,60,80,1000,1,0,0,MODERATE
groundnut,pod_filling,1,45.33,394.68,45.14,39.62,69.12,51.16,1123.95,15.46,57.34,60,80,1000,1,0,1,CRITICAL
groundnut,pod_filling,1,39.78,740.19,31.46,28.01,56.33,54.7,333.0,10.85,103.1,60,80,1000,1,0,0,MODERATE
groundnut,pod_filling,1,23.47,355.11,27.67,24.15,90.67,497.5,1303.13,6.28,479.72,60,80,1000,1,0,1,POOR
groundnut,pod_filling,1,48.84,1843.39,21.77,16.99,71.81,39.97,79.37,5.2,102.41,60,80,1000,0,1,0,CRITICAL
groundnut,pod_filling,1,21.1,664.03,39.71,35.11,27.07,475.96,268.26,0.3,99.45,60,80,1000,1,0,1,CRITICAL
groundnut,pod_filling,1,83.78,1192.44,38.4,36.04,77.23,61.42,258.23,7.41,11.89,60,80,1000,0,1,0,POOR
groundnut,pod_filling,1,46.32,592.1,46.81,43.3,76.7,59.84,156.01,21.42,103.12,60,80,1000,1,0,0,POOR
groundnut,pod_filling,1,83.87,1752.74,15.81,10.63,68.87,369.96,218.12,23.11,142.83,60,80,1000,0,1,1,CRITICAL
groundnut,pod_filling,1,52.2,909.7,15.97,10.87,87.71,53.09,918.65,12.0,189.9,60,80,1000,1,0,0,POOR
groundnut,pod_filling,1,57.31,267.65,47.02,44.68,76.0,305.26,307.38,4.13,74.86,60,80,1000,1,0,1,CRITICAL
groundnut,pod_filling,1,80.79,897.5,25.9,20.28,32.02,26.38,234.16,3.61,24.95,60,80,1000,0,0,0,GOOD
groundnut,pod_filling,1,81.22,474.91,37.11,34.88,72.66,79.47,132.16,6.38,161.14,60,80,1000,0,0,0,GOOD
groundnut,pod_filling,1,51.3,1195.47,21.27,17.28,74.85,34.59,187.79,5.61,112.05,60,80,1000,0,1,0,CRITICAL
groundnut,pod_filling,1,57.72,795.3,46.89,41.72,80.6,20.41,255.41,15.93,183.73,60,80,1000,1,0,0,POOR
groundnut,pod_filling,1,85.43,1010.77,46.0,42.15,94.09,365.76,150.43,21.48,159.89,60,80,1000,0,1,1,CRITICAL
groundnut,pod_filling,1,87.23,963.43,37.28,35.14,31.04,85.14,265.2,262.2,107.1,60,80,1000,0,0,1,MODERATE
groundnut,pod_filling,1,10.4,127.58,19.33,13.61,90.45,49.72,102.45,20.1,122.02,60,80,1000,1,0,0,POOR
groundnut,pod_filling,1,87.76,1003.74,29.37,25.26,50.46,197.37,13.65,274.61,149.92,60,80,1000,0,1,1,POOR
groundnut,pod_filling,1,14.48,1086.76,18.28,13.1,24.54,451.54,34.62,13.49,0.66,60,80,1000,0,1,1,CRITICAL
groundnut,pod_filling,1,77.69,1591.7,45.08,42.16,79.07,82.71,250.39,7.05,39.19,60,80,1000,0,1,0,POOR
groundnut,pod_filling,1,77.41,1349.68,30.71,26.1,41.03,23.23,276.43,23.25,2.37,60,80,1000,0,1,0,MODERATE
groundnut,pod_filling,1,30.63,698.77,44.64,42.01,86.84,16.92,188.84,18.33,169.33,60,80,1000,1,0,0,POOR
groundnut,pod_filling,1,68.93,1224.44,24.31,20.74,42.81,431.27,1138.42,212.28,36.92,60,80,1000,0,1,1,POOR
groundnut,pod_filling,1,88.35,191.91,40.21,36.52,76.3,490.55,1425.35,380.88,43.44,60,80,1000,0,0,1,POOR
groundnut,pod_filling,1,54.0,230.72,19.64,13.75,78.98,87.49,275.15,5.25,115.95,60,80,1000,1,0,0,POOR
groundnut,pod_filling,1,55.21,1389.78,31.36,25.72,33.3,2.42,101.8,199.37,122.54,60,80,1000,0,1,1,CRITICAL
groundnut,pod_filling,1,56.83,1481.9,42.14,37.54,83.23,8.84,104.68,11.96,140.86,60,80,1000,0,1,0,CRITICAL
groundnut,pod_filling,1,93.38,1786.75,25.87,20.65,91.29,61.83,65.22,14.33,59.65,60,80,1000,0,1,0,MODERATE
groundnut,pod_filling,1,61.98,508.82,41.37,35.65,83.4,49.29,45.37,6.48,512.81,60,80,1000,0,0,1,POOR
groundnut,pod_filling,1,42.35,1055.04,19.37,15.05,96.9,74.94,868.56,9.54,30.48,60,80,1000,0,1,0,CRITICAL
groundnut,pod_filling,1,45.99,1474.86,25.19,21.41,65.16,415.41,277.26,20.56,189.02,60,80,1000,0,1,1,CRITICAL
groundnut,pod_filling,1,79.76,1485.53,27.13,22.99,20.45,356.64,84.29,16.65,140.65,60,80,1000,0,1,1,CRITICAL
groundnut,pod_filling,1,92.67,1193.76,43.65,40.78,80.98,83.49,121.68,8.57,138.68,60,80,1000,0,1,0,POOR
groundnut,pod_filling,1,72.24,617.58,21.66,16.67,49.03,56.94,83.2,19.75,6.33,60,80,1000,0,0,0,MODERATE
groundnut,pod_filling,1,36.29,1964.79,21.41,17.57,98.91,3.06,362.44,194.08,56.28,60,80,1000,0,1,1,CRITICAL
groundnut,pod_filling,1,34.07,1592.59,16.64,12.45,48.59,42.69,1287.74,19.07,23.56,60,80,1000,0,1,1,CRITICAL
groundnut,pod_filling,1,70.14,1317.81,46.44,42.91,70.22,88.79,369.19,23.39,164.34,60,80,1000,0,1,0,POOR
groundnut,pod_filling,1,59.33,999.82,42.96,39.86,54.1,331.04,384.26,0.19,94.26,60,80,1000,1,0,1,CRITICAL
groundnut,pod_filling,1,25.6,1046.7,37.36,34.1,30.44,79.86,168.3,19.18,189.24,60,80,1000,0,1,0,POOR
groundnut,pod_filling,1,43.02,421.53,39.95,37.5,24.91,10.48,344.53,3.65,683.87,60,80,1000,1,0,1,CRITICAL
groundnut,pod_filling,1,71.59,1611.27,31.77,27.87,95.0,72.2,37.25,12.88,16.67,60,80,1000,0,1,0,MODERATE
groundnut,pod_filling,1,50.9,403.21,47.41,42.24,66.28,204.26,398.55,17.61,108.14,60,80,1000,1,0,0,POOR
groundnut,pod_filling,1,49.25,611.87,40.96,37.32,64.14,15.61,177.81,9.72,116.45,60,80,1000,1,0,0,POOR
groundnut,pod_filling,1,35.52,561.56,20.26,18.08,54.15,391.78,29.39,95.79,191.57,60,80,1000,1,0,1,CRITICAL
groundnut,pod_filling,1,18.13,480.43,45.13,42.22,47.82,5.05,384.71,15.23,173.56,60,80,1000,1,0,0,POOR
groundnut,pod_filling,1,16.16,1347.5,28.19,25.17,90.14,18.36,1373.09,3.56,442.02,60,80,1000,0,1,1,CRITICAL
groundnut,pod_filling,1,48.15,664.78,20.51,17.89,69.11,4.71,240.41,1.93,100.34,60,80,1000,1,0,0,POOR
groundnut,pod_filling,1,27.87,975.07,22.13,18.24,31.8,18.56,89.71,14.65,44.36,60,80,1000,1,0,0,MODERATE
groundnut,pod_filling,1,88.52,582.75,23.65,20.33,67.7,462.6,271.65,20.38,63.68,60,80,1000,0,0,1,MODERATE
groundnut,pod_filling,1,88.5,1286.2,38.81,35.76,79.29,228.02,205.14,23.32,5.03,60,80,1000,0,1,0,POOR
groundnut,pod_filling,1,52.53,1649.34,30.4,26.15,93.92,75.65,15.29,18.2,695.15,60,80,1000,0,1,1,CRITICAL
groundnut,pod_filling,1,98.49,1228.99,31.67,26.94,73.44,52.39,398.58,9.93,86.82,60,80,1000,0,1,0,MODERATE
groundnut,pod_filling,1,59.06,898.16,39.82,35.23,89.98,73.3,17.82,21.37,38.48,60,80,1000,1,0,0,POOR
groundnut,pod_filling,1,73.74,1310.76,25.02,19.42,70.18,334.93,23.65,0.94,40.92,60,80,1000,0,1,1,POOR
groundnut,pod_filling,1,52.06,336.14,25.1,19.18,28.89,496.56,282.85,4.5,545.65,60,80,1000,1,0,1,CRITICAL
groundnut,pod_filling,1,81.64,1303.87,17.82,12.29,62.76,49.46,222.36,8.93,106.24,60,80,1000,0,1,0,POOR
groundnut,pod_filling,1,46.71,173.37,21.27,15.75,85.47,30.46,138.38,148.23,90.88,60,80,1000,1,0,1,CRITICAL
groundnut,pod_filling,1,37.12,1298.63,35.04,31.14,57.57,30.52,12.91,11.09,3.55,60,80,1000,0,1,0,POOR
groundnut,pod_filling,1,69.05,841.48,36.87,34.31,29.39,24.74,32.81,14.58,66.56,60,80,1000,0,0,0,MODERATE
groundnut,pod_filling,1,65.65,1895.26,31.47,27.48,82.01,75.61,392.31,24.54,61.66,60,80,1000,0,1,0,MODERATE
groundnut,pod_filling,1,32.63,1960.36,33.67,28.62,77.04,75.55,1357.77,17.83,25.22,60,80,1000,0,1,1,CRITICAL
groundnut,pod_filling,1,17.88,289.02,47.87,44.78,58.24,82.16,843.79,356.55,30.91,60,80,1000,1,0,1,CRITICAL
groundnut,pod_filling,1,93.29,477.68,28.66,25.48,40.63,65.24,258.66,24.18,171.19,60,80,1000,0,0,0,GOOD
groundnut,pod_filling,1,23.86,1015.75,33.81,31.35,25.78,312.56,91.74,21.82,45.22,60,80,1000,0,1,1,CRITICAL
groundnut,pod_filling,1,63.91,90.03,27.9,24.66,89.1,77.63,19.07,17.85,74.17,60,80,1000,0,0,0,GOOD
groundnut,pod_filling,1,97.02,998.06,30.65,26.13,58.76,35.55,299.57,1.67,191.58,60,80,1000,0,0,0,GOOD
groundnut,pod_filling,1,40.98,328.5,27.49,25.44,60.75,84.72,389.5,20.23,565.97,60,80,1000,1,0,1,POOR
groundnut,pod_filling,1,65.98,1250.0,31.63,28.53,44.39,8.81,23.48,16.93,101.58,60,80,1000,0,1,0,MODERATE
groundnut,pod_filling,1,92.53,1274.8,15.84,12.32,75.92,47.51,114.29,15.78,106.32,60,80,1000,0,1,0,POOR
groundnut,pod_filling,1,49.75,1753.23,15.9,12.27,47.44,71.41,868.53,5.31,791.26,60,80,1000,0,1,1,CRITICAL
groundnut,pod_filling,1,37.99,1072.88,36.89,32.37,77.28,76.97,293.73,11.39,64.67,60,80,1000,0,1,0,POOR
groundnut,pod_filling,1,78.19,1574.12,34.09,30.61,21.15,12.15,288.89,2.82,80.94,60,80,1000,0,1,0,POOR
groundnut,pod_filling,1,70.26,1323.69,22.35,18.4,37.31,50.95,148.88,19.27,167.15,60,80,1000,0,1,0,MODERATE
groundnut,pod_filling,1,74.89,1024.02,43.22,38.93,70.37,78.7,34.17,14.18,153.68,60,80,1000,0,1,0,POOR
groundnut,pod_filling,1,92.52,68.97,21.51,18.64,42.55,36.34,1237.45,7.44,8.05,60,80,1000,0,0,1,POOR
groundnut,pod_filling,1,10.2,536.67,25.2,19.95,80.86,39.61,324.06,0.96,539.38,60,80,1000,1,0,1,POOR
groundnut,pod_filling,1,65.56,817.64,35.13,31.95,31.31,96.42,124.13,1.39,164.12,60,80,1000,0,0,0,GOOD
groundnut,pod_filling,1,13.76,227.06,33.21,27.85,27.04,41.85,999.62,5.52,98.01,60,80,1000,1,0,0,POOR
groundnut,pod_filling,1,31.11,1224.1,26.81,23.8,75.6,96.52,181.77,18.16,447.04,60,80,1000,0,1,1,CRITICAL
groundnut,pod_filling,1,80.06,1065.89,42.09,37.43,64.18,195.59,61.77,6.8,188.15,60,80,1000,0,1,0,POOR
groundnut,pod_filling,1,87.72,1541.43,37.17,34.58,81.57,36.08,334.36,17.91,69.1,60,80,1000,0,1,0,MODERATE
groundnut,pod_filling,1,61.86,1240.45,42.95,38.85,37.46,1.24,94.83,389.51,127.4,60,80,1000,0,1,1,CRITICAL
groundnut,pod_filling,1,58.53,405.04,34.0,31.84,97.8,82.6,158.11,1.2,189.85,60,80,1000,1,0,0,MODERATE
groundnut,pod_filling,1,10.25,1058.15,41.31,38.23,55.12,17.28,171.31,19.07,169.77,60,80,1000,0,1,0,CRITICAL
groundnut,pod_filling,1,37.54,166.14,20.44,16.83,48.28,89.56,275.47,19.58,197.27,60,80,1000,1,0,0,POOR
groundnut,pod_filling,1,78.1,1245.28,30.54,24.6,78.21,303.89,292.86,15.44,113.64,60,80,1000,0,1,1,POOR
groundnut,pod_filling,1,50.61,1564.06,31.59,27.66,77.56,66.86,275.34,19.65,197.51,60,80,1000,0,1,0,POOR
groundnut,pod_filling,1,61.96,1783.33,31.32,26.93,68.26,64.93,1410.01,19.31,77.57,60,80,1000,0,1,1,POOR
groundnut,pod_filling,1,37.0,933.11,42.4,36.75,36.42,45.62,390.65,16.6,129.41,60,80,1000,1,0,0,POOR
groundnut,pod_filling,1,31.72,1550.11,27.23,21.59,61.41,0.1,126.84,4.04,748.86,60,80,1000,0,1,1,CRITICAL
groundnut,pod_filling,1,65.94,1562.51,21.74,19.44,49.23,390.13,251.99,3.83,481.07,60,80,1000,0,1,1,CRITICAL
groundnut,pod_filling,1,66.09,389.82,23.86,20.37,24.47,10.84,847.32,7.93,890.49,60,80,1000,0,0,1,POOR
groundnut,pod_filling,1,18.17,1691.22,35.94,33.43,40.94,431.2,217.53,19.44,68.34,60,80,1000,0,1,1,CRITICAL
groundnut,pod_filling,1,62.96,232.17,45.13,40.65,99.22,387.86,119.43,138.3,150.82,60,80,1000,0,0,1,POOR
groundnut,pod_filling,1,27.25,632.62,31.08,27.09,21.98,94.34,280.53,17.54,28.87,60,80,1000,1,0,0,POOR
groundnut,pod_filling,1,82.93,1451.17,47.21,43.97,84.25,9.3,315.15,17.61,62.62,60,80,1000,0,1,0,POOR
groundnut,pod_filling,1,84.17,258.83,44.81,40.4,67.11,83.78,139.81,2.75,750.23,60,80,1000,0,0,1,POOR
groundnut,pod_filling,1,17.83,1607.09,44.07,41.89,99.93,30.06,3.45,13.04,50.04,60,80,1000,0,1,0,CRITICAL
groundnut,pod_filling,1,73.38,1842.63,17.81,15.34,64.58,4.64,192.5,303.03,100.75,60,80,1000,0,1,1,CRITICAL
groundnut,pod_filling,1,67.12,1888.69,40.23,37.41,91.46,73.55,115.74,2.1,46.4,60,80,1000,0,1,0,POOR
groundnut,pod_filling,1,83.03,200.67,41.69,36.0,64.92,6.04,103.71,226.1,50.0,60,80,1000,0,0,1,POOR
groundnut,pod_filling,1,70.87,1730.45,15.87,11.75,79.78,88.46,1384.45,12.09,124.87,60,80,1000,0,1,1,CRITICAL
groundnut,pod_filling,1,81.81,865.04,47.51,42.21,46.85,74.85,388.02,14.76,143.94,60,80,1000,0,0,0,MODERATE
groundnut,pod_filling,1,38.88,892.9,46.85,44.58,33.52,20.3,386.17,277.9,463.89,60,80,1000,1,0,1,CRITICAL
groundnut,pod_filling,1,57.15,572.74,35.08,31.96,58.32,81.64,382.63,23.08,72.5,60,80,1000,1,0,0,MODERATE
groundnut,pod_filling,1,62.04,675.52,39.31,36.67,67.68,0.0,1402.3,18.88,54.94,60,80,1000,0,0,1,POOR
groundnut,pod_filling,1,32.76,1948.11,41.28,35.28,56.73,58.93,389.56,7.03,537.28,60,80,1000,0,1,1,CRITICAL
groundnut,pod_filling,1,53.9,522.41,38.42,33.05,57.61,213.55,38.58,3.82,103.72,60,80,1000,1,0,0,POOR
groundnut,pod_filling,1,82.7,1630.68,25.89,22.05,34.68,82.21,312.78,14.99,149.75,60,80,1000,0,1,0,MODERATE
groundnut,pod_filling,1,53.43,830.79,24.8,20.25,86.24,15.78,312.04,324.51,32.48,60,80,1000,1,0,1,POOR
groundnut,pod_filling,1,39.16,1852.35,15.08,9.87,88.39,81.11,381.56,21.84,192.89,60,80,1000,0,1,0,CRITICAL
groundnut,pod_filling,1,49.23,332.15,25.03,21.25,40.89,91.59,308.64,10.26,150.03,60,80,1000,1,0,0,MODERATE
groundnut,pod_filling,1,95.24,1563.26,35.35,31.85,92.34,4.4,324.46,20.07,17.11,60,80,1000,0,1,0,MODERATE
groundnut,pod_filling,1,86.86,111.56,43.66,38.11,55.7,7.67,236.27,208.88,192.8,60,80,1000,0,0,1,POOR
groundnut,pod_filling,1,84.8,1670.63,25.54,21.23,32.33,63.55,129.22,18.28,139.14,60,80,1000,0,1,0,MODERATE
groundnut,pod_filling,1,68.38,1139.44,35.23,29.68,89.46,14.9,114.21,19.37,772.98,60,80,1000,0,1,1,POOR
groundnut,pod_filling,1,62.86,1253.11,16.53,12.52,62.15,3.9,1082.05,60.96,48.77,60,80,1000,0,1,1,CRITICAL
groundnut,pod_filling,1,67.57,1212.31,38.34,36.27,86.9,47.87,395.75,197.32,6.17,60,80,1000,0,1,1,CRITICAL
groundnut,pod_filling,1,76.98,405.49,24.45,19.55,26.15,413.68,291.53,20.68,10.1,60,80,1000,0,0,1,POOR
groundnut,pod_filling,1,91.68,320.55,42.03,37.99,49.29,64.36,93.12,24.96,2.48,60,80,1000,0,0,0,MODERATE
groundnut,pod_filling,1,43.87,342.45,27.13,24.83,43.27,8.37,375.97,14.69,155.83,60,80,1000,1,0,0,MODERATE
groundnut,pod_filling,1,18.63,612.95,34.51,29.92,77.01,28.08,3.99,133.19,657.77,60,80,1000,1,0,1,POOR
groundnut,pod_filling,1,36.88,1007.71,45.62,41.77,57.68,7.94,226.11,12.75,167.5,60,80,1000,0,1,0,CRITICAL
groundnut,pod_filling,1,71.57,76.06,35.91,32.28,56.23,29.63,1472.08,16.1,69.18,60,80,1000,0,0,1,MODERATE
groundnut,pod_filling,1,71.85,137.37,42.43,38.1,24.68,457.2,309.72,3.41,71.62,60,80,1000,0,0,1,CRITICAL
groundnut,pod_filling,1,27.07,1448.08,15.25,12.65,54.8,14.91,173.11,16.27,138.48,60,80,1000,0,1,0,CRITICAL
groundnut,pod_filling,1,31.51,436.36,31.8,28.96,77.71,93.73,70.35,9.32,748.89,60,80,1000,1,0,1,POOR
groundnut,pod_filling,1,12.36,1125.14,34.93,30.09,50.86,81.87,287.7,23.27,106.87,60,80,1000,0,1,0,POOR
groundnut,pod_filling,1,31.6,935.98,36.63,32.7,38.88,88.04,279.42,4.0,138.46,60,80,1000,1,0,0,MODERATE
groundnut,pod_filling,1,19.47,1268.78,41.65,37.01,75.69,52.6,1305.35,13.54,199.88,60,80,1000,0,1,1,CRITICAL
groundnut,pod_filling,1,20.36,757.19,23.27,17.86,55.69,487.69,315.93,3.14,23.49,60,80,1000,1,0,1,POOR
groundnut,pod_filling,1,63.01,1496.01,35.07,29.09,54.73,31.18,1462.84,13.28,93.19,60,80,1000,0,1,1,POOR
groundnut,pod_filling,1,49.3,413.03,44.26,39.21,69.47,4.74,1260.43,18.95,95.57,60,80,1000,1,0,1,CRITICAL
groundnut,pod_filling,1,12.43,1576.78,20.63,16.34,84.52,56.13,122.04,20.58,7.33,60,80,1000,0,1,0,CRITICAL
groundnut,pod_filling,1,46.61,268.18,16.38,11.93,45.08,1.6,230.64,24.93,142.59,60,80,1000,1,0,0,POOR
groundnut,pod_filling,1,35.74,1598.3,46.56,40.6,70.76,74.01,397.36,255.28,61.1,60,80,1000,0,1,1,CRITICAL
groundnut,pod_filling,1,96.42,1598.43,21.18,19.13,73.53,179.04,1256.06,8.43,193.47,60,80,1000,0,1,1,CRITICAL
groundnut,pod_filling,1,61.76,1698.49,42.45,40.41,40.52,311.6,1141.73,23.16,64.81,60,80,1000,0,1,1,CRITICAL
groundnut,pod_filling,1,55.29,938.87,27.27,24.82,38.46,480.39,919.38,0.96,107.74,60,80,1000,1,0,1,POOR
groundnut,pod_filling,1,19.06,1629.4,47.49,42.86,86.02,94.13,87.61,3.64,12.11,60,80,1000,0,1,0,CRITICAL
groundnut,pod_filling,1,88.96,1570.48,43.36,37.89,95.56,18.67,66.49,1.16,165.3,60,80,1000,0,1,0,POOR
groundnut,pod_filling,1,15.02,817.78,19.21,13.75,97.44,32.56,0.49,13.35,79.01,60,80,1000,1,0,0,POOR
groundnut,pod_filling,1,79.01,1590.85,35.61,32.25,21.81,89.58,77.82,19.97,183.88,60,80,1000,0,1,0,POOR
groundnut,pod_filling,1,27.05,875.57,43.85,38.32,67.25,65.81,91.92,15.88,94.12,60,80,1000,1,0,0,POOR
groundnut,pod_filling,1,24.51,1023.93,16.68,10.88,39.71,46.7,277.3,0.05,185.26,60,80,1000,0,1,0,CRITICAL
groundnut,pod_filling,1,82.23,626.75,43.87,39.31,28.33,93.91,186.55,5.82,25.2,60,80,1000,0,0,0,POOR
groundnut,pod_filling,1,49.84,237.02,29.85,26.67,82.23,9.66,394.29,24.7,156.7,60,80,1000,1,0,0,MODERATE
groundnut,pod_filling,1,34.85,1540.57,42.74,37.94,55.3,298.84,345.28,19.5,84.46,60,80,1000,0,1,1,CRITICAL
groundnut,pod_filling,1,22.56,72.27,24.26,21.57,40.64,7.58,377.83,9.06,58.35,60,80,1000,1,0,0,MODERATE
groundnut,pod_filling,1,97.32,1673.64,37.58,33.19,37.98,73.04,41.63,11.7,148.99,60,80,1000,0,1,0,MODERATE
groundnut,pod_filling,1,73.1,1691.15,32.39,26.59,48.28,25.26,359.99,14.25,158.0,60,80,1000,0,1,0,MODERATE
groundnut,pod_filling,1,55.26,1755.99,23.88,21.13,30.63,97.83,968.4,11.6,64.83,60,80,1000,0,1,0,POOR
groundnut,pod_filling,1,55.54,272.99,43.05,38.1,80.86,17.82,1043.61,24.82,88.02,60,80,1000,1,0,1,CRITICAL
groundnut,pod_filling,1,70.46,1316.11,41.7,35.99,51.16,42.64,340.54,154.1,102.3,60,80,1000,0,1,1,CRITICAL
groundnut,pod_filling,1,13.35,319.22,22.16,17.6,34.49,38.15,32.19,278.31,48.91,60,80,1000,1,0,1,POOR
groundnut,pod_filling,1,82.99,1346.54,31.7,29.63,42.44,15.83,1050.19,10.23,161.99,60,80,1000,0,1,1,POOR
groundnut,pod_filling,1,34.44,1401.57,19.12,15.41,61.64,377.51,73.72,11.95,14.07,60,80,1000,0,1,1,CRITICAL
groundnut,pod_filling,1,41.15,1298.79,22.28,19.51,53.72,470.94,179.28,2.5,141.23,60,80,1000,0,1,1,CRITICAL
groundnut,pod_filling,1,11.22,1073.04,15.11,9.41,60.09,10.01,212.36,7.64,870.67,60,80,1000,0,1,1,CRITICAL
groundnut,pod_filling,1,33.42,1546.76,29.46,25.75,89.46,14.57,26.45,16.42,177.2,60,80,1000,0,1,0,POOR
groundnut,pod_filling,1,60.83,1393.63,18.86,14.23,31.68,6.76,383.25,5.36,44.59,60,80,1000,0,1,0,POOR
groundnut,pod_filling,1,40.57,1557.52,42.42,39.04,36.54,416.38,89.1,2.73,199.44,60,80,1000,0,1,1,CRITICAL
groundnut,pod_filling,1,91.4,529.81,19.78,16.8,90.59,307.97,94.69,19.75,94.79,60,80,1000,0,0,1,POOR
groundnut,pod_filling,1,61.96,1049.46,43.78,38.85,31.94,262.44,287.61,10.25,26.92,60,80,1000,0,1,1,CRITICAL
groundnut,pod_filling,1,71.54,1460.97,36.85,31.58,60.93,89.7,203.75,17.38,190.75,60,80,1000,0,1,0,MODERATE
groundnut,pod_filling,1,48.21,1682.35,40.52,37.94,57.43,2.75,92.86,0.86,453.72,60,80,1000,0,1,1,CRITICAL
groundnut,pod_filling,1,99.96,1063.61,33.74,28.04,81.58,16.79,172.1,67.42,165.36,60,80,1000,0,1,1,POOR
groundnut,pod_filling,1,74.74,979.24,23.49,19.56,96.06,83.78,355.85,2.79,121.26,60,80,1000,0,0,0,GOOD
groundnut,pod_filling,1,58.39,1279.3,17.69,13.03,35.54,39.2,296.97,9.67,129.37,60,80,1000,0,1,0,CRITICAL
groundnut,pod_filling,1,89.64,1475.7,38.94,33.54,51.94,75.95,132.72,391.21,803.88,60,80,1000,0,1,1,CRITICAL
groundnut,pod_filling,1,43.13,1020.91,22.91,18.37,83.06,49.87,25.16,22.46,199.22,60,80,1000,0,1,0,POOR
groundnut,pod_filling,1,84.29,85.95,47.02,43.2,92.78,38.51,145.08,235.61,147.99,60,80,1000,0,0,1,POOR
groundnut,pod_filling,1,11.68,1666.68,25.95,21.56,79.95,385.33,149.59,11.69,64.85,60,80,1000,0,1,1,CRITICAL
groundnut,pod_filling,1,35.82,1007.98,20.79,17.97,82.65,49.72,186.59,182.7,84.63,60,80,1000,0,1,1,CRITICAL
groundnut,pod_filling,1,82.97,93.55,33.42,28.07,37.25,92.17,385.46,20.46,104.87,60,80,1000,0,0,0,GOOD
groundnut,pod_filling,1,76.48,1085.59,35.82,33.4,27.76,85.09,375.08,5.54,127.62,60,80,1000,0,1,0,POOR
groundnut,pod_filling,1,18.64,765.49,23.06,20.04,60.43,251.26,233.58,20.28,782.29,60,80,1000,1,0,1,POOR
groundnut,pod_filling,1,24.96,1730.33,43.01,39.55,43.34,56.53,381.23,3.15,49.61,60,80,1000,0,1,0,CRITICAL
groundnut,pod_filling,1,41.96,1729.5,22.82,20.7,62.9,57.95,15.16,5.75,18.64,60,80,1000,0,1,0,POOR
groundnut,pod_filling,1,46.37,394.22,22.75,17.87,24.14,276.11,316.04,15.78,175.99,60,80,1000,1,0,1,CRITICAL
groundnut,pod_filling,1,82.11,1026.77,30.3,26.75,43.36,91.95,300.63,4.4,199.37,60,80,1000,0,1,0,MODERATE
groundnut,pod_filling,1,73.12,1185.95,38.44,35.9,20.12,9.3,349.6,23.95,58.25,60,80,1000,0,1,0,CRITICAL
groundnut,pod_filling,1,97.13,1155.6,38.24,34.24,96.63,381.69,344.62,42.39,63.43,60,80,1000,0,1,1,CRITICAL
groundnut,pod_filling,1,99.07,1661.19,33.87,28.78,82.17,65.67,227.85,23.91,168.56,60,80,1000,0,1,0,MODERATE
groundnut,pod_filling,1,55.29,1189.71,22.28,17.55,84.19,57.73,363.83,16.48,40.79,60,80,1000,0,1,0,POOR
groundnut,pod_filling,1,65.99,791.87,32.5,30.15,81.6,3.28,73.52,10.34,118.92,60,80,1000,0,0,0,GOOD
groundnut,pod_filling,1,24.86,1339.39,15.99,10.64,93.72,59.7,91.34,12.11,162.13,60,80,1000,0,1,0,CRITICAL
groundnut,pod_filling,1,31.85,301.57,20.68,16.7,54.08,404.67,47.38,13.66,111.22,60,80,1000,1,0,1,CRITICAL
groundnut,pod_filling,1,46.1,1624.76,23.81,20.29,21.08,55.53,245.52,7.83,42.08,60,80,1000,0,1,0,CRITICAL
groundnut,pod_filling,1,83.79,699.74,41.8,37.05,57.48,52.29,286.78,22.82,179.63,60,80,1000,0,0,0,MODERATE
groundnut,pod_filling,1,77.83,350.25,45.02,42.98,54.77,2.15,249.22,18.06,163.19,60,80,1000,0,0,0,MODERATE
groundnut,maturity,0,30.42,683.87,46.54,41.15,33.19,54.47,1250.02,21.88,3.52,40,60,1000,1,0,1,CRITICAL
groundnut,maturity,0,85.82,1849.54,29.9,26.7,46.99,246.24,167.46,224.17,70.79,40,60,1000,0,1,1,POOR
groundnut,maturity,0,86.77,590.99,30.57,27.46,37.22,42.11,1050.99,24.35,82.46,40,60,1000,0,0,1,MODERATE
groundnut,maturity,0,66.86,1128.67,35.79,31.48,31.02,69.54,815.4,249.58,44.27,40,60,1000,0,1,1,POOR
groundnut,maturity,0,18.03,875.86,30.82,28.72,59.05,9.38,22.57,5.64,16.31,40,60,1000,1,0,0,MODERATE
groundnut,maturity,0,98.37,992.69,28.64,22.85,39.28,24.05,21.51,6.85,126.67,40,60,1000,0,0,0,GOOD
groundnut,maturity,0,70.99,1333.99,16.16,11.94,69.12,43.02,26.87,24.73,92.24,40,60,1000,0,1,0,POOR
groundnut,maturity,0,79.49,356.04,28.52,25.9,95.97,17.78,1236.67,1.06,124.27,40,60,1000,0,0,1,MODERATE
groundnut,maturity,0,24.86,1221.24,28.13,24.1,65.57,5.99,176.98,12.45,163.07,40,60,1000,0,1,0,POOR
groundnut,maturity,0,56.95,1389.93,15.74,11.56,43.9,314.11,158.79,20.71,73.62,40,60,1000,0,1,1,CRITICAL
groundnut,maturity,0,18.05,1724.75,28.11,25.58,71.72,88.98,35.23,5.25,447.27,40,60,1000,0,1,1,CRITICAL
groundnut,maturity,0,13.18,880.24,43.44,40.43,28.4,12.7,287.23,24.97,187.98,40,60,1000,1,0,0,CRITICAL
groundnut,maturity,0,34.63,1834.22,42.86,40.52,94.91,36.62,128.01,10.64,0.61,40,60,1000,0,1,0,CRITICAL
groundnut,maturity,0,73.65,872.83,46.87,44.87,26.12,80.41,237.9,397.74,196.34,40,60,1000,0,0,1,CRITICAL
groundnut,maturity,0,60.41,1264.24,25.28,20.75,69.76,90.35,180.3,1.43,185.09,40,60,1000,0,1,0,MODERATE
groundnut,maturity,0,91.55,961.96,16.78,12.4,38.78,17.67,292.15,1.46,176.09,40,60,1000,0,0,0,MODERATE
groundnut,maturity,0,61.67,1281.35,22.05,17.67,59.5,460.71,30.69,5.38,544.1,40,60,1000,0,1,1,POOR
groundnut,maturity,0,84.91,1062.98,38.27,32.41,56.16,49.42,384.49,17.85,82.69,40,60,1000,0,1,0,POOR
groundnut,maturity,0,40.16,1359.47,35.19,30.95,51.29,7.22,171.51,19.69,9.17,40,60,1000,0,1,0,MODERATE
groundnut,maturity,0,65.55,330.17,29.32,27.03,23.02,86.33,72.75,16.45,31.39,40,60,1000,0,0,0,MODERATE
groundnut,maturity,0,55.85,439.5,28.64,23.62,30.8,58.05,17.46,4.79,170.99,40,60,1000,0,0,0,GOOD
groundnut,maturity,0,90.74,1347.11,29.78,27.5,78.46,37.55,3.08,13.02,73.9,40,60,1000,0,1,0,MODERATE
groundnut,maturity,0,33.97,265.1,36.32,33.89,69.37,13.47,50.64,22.28,801.46,40,60,1000,1,0,1,POOR
groundnut,maturity,0,99.8,182.99,41.28,39.0,45.18,64.62,386.48,15.0,757.36,40,60,1000,0,0,1,POOR
groundnut,maturity,0,35.48,1809.23,36.83,34.52,50.43,47.66,892.23,21.63,696.12,40,60,1000,0,1,1,CRITICAL
groundnut,maturity,0,16.08,1399.6,33.57,30.87,29.74,268.94,357.6,3.97,104.27,40,60,1000,0,1,1,CRITICAL
groundnut,maturity,0,54.49,1272.19,20.26,17.98,62.79,265.59,120.43,0.28,152.94,40,60,1000,0,1,1,CRITICAL
groundnut,maturity,0,64.38,793.29,22.7,17.06,62.94,384.82,303.41,19.43,131.54,40,60,1000,0,0,1,MODERATE
groundnut,maturity,0,93.8,1873.81,41.0,37.51,32.06,35.73,318.37,23.26,39.85,40,60,1000,0,1,0,POOR
groundnut,maturity,0,43.53,1662.22,21.89,17.33,56.63,485.32,840.09,14.63,8.44,40,60,1000,0,1,1,CRITICAL
groundnut,maturity,0,46.22,683.93,36.63,31.17,74.29,46.34,310.02,17.05,46.14,40,60,1000,0,0,0,GOOD
groundnut,maturity,0,90.66,1376.83,20.66,15.15,60.04,20.43,146.93,11.95,195.65,40,60,1000,0,1,0,POOR
groundnut,maturity,0,54.98,95.05,46.17,43.82,72.7,412.06,1111.9,22.81,97.13,40,60,1000,0,0,1,POOR
groundnut,maturity,0,33.58,1696.0,32.92,27.52,79.61,34.86,374.34,19.1,57.11,40,60,1000,0,1,0,POOR
groundnut,maturity,0,80.34,777.77,18.76,13.63,75.85,25.32,272.18,21.98,132.9,40,60,1000,0,0,0,MODERATE
groundnut,maturity,0,78.45,364.61,21.29,17.1,66.41,94.36,76.31,103.45,119.29,40,60,1000,0,0,1,POOR
groundnut,maturity,0,63.62,1074.59,47.56,42.37,67.63,60.66,393.13,12.95,27.32,40,60,1000,0,1,0,POOR
groundnut,maturity,0,73.71,322.36,35.54,30.06,22.77,2.68,1014.68,5.68,79.69,40,60,1000,0,0,1,POOR
groundnut,maturity,0,37.65,1000.03,35.64,33.53,52.85,34.43,372.68,7.45,94.15,40,60,1000,0,1,0,POOR
groundnut,maturity,0,95.42,185.08,38.66,36.66,20.08,13.29,288.86,16.9,52.36,40,60,1000,0,0,0,POOR
groundnut,maturity,0,39.96,1637.26,22.16,18.73,28.21,49.65,185.94,12.34,10.24,40,60,1000,0,1,0,CRITICAL
groundnut,maturity,0,14.47,123.77,30.77,26.97,24.9,26.24,256.3,19.71,29.11,40,60,1000,1,0,0,POOR
groundnut,maturity,0,97.93,1424.07,16.79,14.22,55.66,73.26,222.33,15.06,168.8,40,60,1000,0,1,0,POOR
groundnut,maturity,0,66.21,1979.6,34.37,31.68,90.21,26.43,40.11,15.32,168.52,40,60,1000,0,1,0,MODERATE
groundnut,maturity,0,63.36,1406.22,33.75,30.69,49.58,154.95,204.56,13.92,69.17,40,60,1000,0,1,0,MODERATE
groundnut,maturity,0,64.06,817.85,37.24,33.31,32.61,94.86,1443.04,9.11,750.31,40,60,1000,0,0,1,MODERATE
groundnut,maturity,0,63.12,1729.41,22.41,16.77,38.13,22.58,319.78,4.73,721.46,40,60,1000,0,1,1,POOR
groundnut,maturity,0,79.45,698.29,42.18,36.32,46.56,18.68,20.93,13.26,635.06,40,60,1000,0,0,1,POOR
groundnut,maturity,0,18.63,484.79,38.61,35.44,81.22,41.93,32.99,20.25,74.43,40,60,1000,1,0,0,POOR
groundnut,maturity,0,13.31,610.56,40.53,36.4,52.71,89.66,394.33,10.35,188.88,40,60,1000,1,0,0,POOR
groundnut,maturity,0,48.17,1993.97,44.81,42.65,82.32,60.08,59.88,21.83,674.45,40,60,1000,0,1,1,CRITICAL
groundnut,maturity,0,81.83,1404.11,45.54,42.9,50.08,185.55,298.06,3.69,168.62,40,60,1000,0,1,0,POOR
groundnut,maturity,0,38.71,356.05,47.67,45.57,44.95,76.94,397.1,21.2,167.92,40,60,1000,1,0,0,POOR
groundnut,maturity,0,22.43,1155.51,46.15,41.49,68.17,362.22,150.21,9.4,67.24,40,60,1000,0,1,1,CRITICAL
groundnut,maturity,0,97.11,1432.25,27.08,24.07,74.83,30.24,11.5,20.87,28.83,40,60,1000,0,1,0,MODERATE
groundnut,maturity,0,60.2,1067.46,16.41,11.66,65.78,62.31,1445.59,368.23,52.4,40,60,1000,0,1,1,CRITICAL
groundnut,maturity,0,11.67,1926.34,22.38,18.05,97.65,4.95,1365.16,4.21,143.06,40,60,1000,0,1,1,CRITICAL
groundnut,maturity,0,38.86,1789.56,45.01,42.95,46.0,493.83,251.33,10.86,158.27,40,60,1000,0,1,1,CRITICAL
groundnut,maturity,0,79.03,1400.37,40.6,35.35,44.46,36.4,1444.28,47.76,182.33,40,60,1000,0,1,1,CRITICAL
groundnut,maturity,0,54.09,1537.11,41.83,38.46,46.09,73.62,168.1,1.89,154.96,40,60,1000,0,1,0,POOR
groundnut,maturity,0,91.32,324.63,23.55,20.55,82.59,52.13,357.21,24.14,101.63,40,60,1000,0,0,0,GOOD
groundnut,maturity,0,23.42,930.98,36.01,30.22,91.94,362.35,1415.53,20.81,80.7,40,60,1000,1,0,1,POOR
groundnut,maturity,0,39.12,830.4,46.53,42.78,31.25,232.81,382.0,19.9,128.45,40,60,1000,1,0,0,POOR
groundnut,maturity,0,41.51,1824.47,36.93,31.61,50.84,208.16,13.25,10.74,24.47,40,60,1000,0,1,0,MODERATE
groundnut,maturity,0,17.7,1408.4,18.77,15.72,72.56,11.23,385.22,14.76,628.58,40,60,1000,0,1,1,CRITICAL
groundnut,maturity,0,27.27,1024.29,28.73,24.03,24.01,317.49,302.33,19.59,75.33,40,60,1000,0,1,1,CRITICAL
groundnut,maturity,0,75.75,1241.22,23.87,19.35,44.7,409.4,250.28,1.8,155.5,40,60,1000,0,1,1,POOR
groundnut,maturity,0,59.76,1644.1,42.47,40.19,43.61,87.09,73.34,20.73,693.99,40,60,1000,0,1,1,CRITICAL
groundnut,maturity,0,25.58,88.49,28.94,23.95,98.01,5.13,934.61,152.22,21.05,40,60,1000,1,0,1,POOR
groundnut,maturity,0,99.95,958.0,41.75,36.09,20.77,28.89,226.82,12.85,17.57,40,60,1000,0,0,0,POOR
groundnut,maturity,0,77.79,1332.45,38.86,36.56,60.83,399.67,82.44,13.08,137.41,40,60,1000,0,1,1,CRITICAL
groundnut,maturity,0,98.71,1147.35,30.96,25.09,31.23,54.37,294.52,6.04,515.64,40,60,1000,0,1,1,POOR
groundnut,maturity,0,60.99,572.25,46.14,41.04,48.99,76.54,128.58,2.09,0.51,40,60,1000,0,0,0,MODERATE
groundnut,maturity,0,50.21,1935.69,46.04,43.66,69.21,81.7,995.77,19.51,33.93,40,60,1000,0,1,0,POOR
groundnut,maturity,0,34.51,652.08,39.89,36.82,84.06,358.31,31.72,8.3,61.88,40,60,1000,1,0,1,CRITICAL
groundnut,maturity,0,95.08,700.59,39.64,33.82,27.83,153.91,114.76,19.73,191.27,40,60,1000,0,0,0,POOR
groundnut,maturity,0,94.88,1758.08,39.06,33.39,85.39,50.23,12.1,19.02,17.69,40,60,1000,0,1,0,POOR
groundnut,maturity,0,65.92,1079.09,38.5,35.1,31.51,23.62,216.33,24.99,34.22,40,60,1000,0,1,0,POOR
groundnut,maturity,0,64.48,513.24,43.1,40.41,94.29,6.12,343.39,21.48,112.37,40,60,1000,0,0,0,MODERATE
groundnut,maturity,0,75.16,1796.69,42.22,37.79,22.57,74.95,242.76,23.06,7.65,40,60,1000,0,1,0,CRITICAL
groundnut,maturity,0,98.06,444.11,23.36,19.43,72.84,44.07,383.32,17.0,22.6,40,60,1000,0,0,0,GOOD
groundnut,maturity,0,28.07,729.01,21.73,16.18,88.68,16.92,274.47,22.03,22.15,40,60,1000,1,0,0,POOR
groundnut,maturity,0,76.07,1016.91,19.62,14.52,92.36,173.48,200.38,10.31,31.96,40,60,1000,0,1,0,POOR
groundnut,maturity,0,86.28,1845.98,44.72,40.31,45.5,35.72,64.51,15.18,428.96,40,60,1000,0,1,1,CRITICAL
groundnut,maturity,0,98.31,1072.49,21.88,19.14,24.56,61.19,210.09,292.37,147.94,40,60,1000,0,1,1,CRITICAL
groundnut,maturity,0,99.74,1783.03,17.94,13.64,82.92,67.19,250.8,20.92,174.69,40,60,1000,0,1,0,POOR
groundnut,maturity,0,13.18,1379.07,47.92,42.68,70.76,46.91,70.92,9.99,136.09,40,60,1000,0,1,0,CRITICAL
groundnut,maturity,0,65.85,776.16,25.32,19.88,20.95,71.59,858.7,2.15,188.92,40,60,1000,0,0,0,MODERATE
groundnut,maturity,0,56.93,693.79,37.98,33.97,66.26,21.02,276.11,0.72,143.47,40,60,1000,0,0,0,GOOD
groundnut,maturity,0,99.44,763.91,41.58,38.17,37.48,33.67,145.59,195.28,71.77,40,60,1000,0,0,1,POOR
groundnut,maturity,0,81.22,661.64,27.66,22.5,40.84,47.83,83.78,8.86,601.75,40,60,1000,0,0,1,MODERATE
groundnut,maturity,0,12.19,1267.94,44.29,40.63,72.07,58.57,87.85,13.32,160.93,40,60,1000,0,1,0,CRITICAL
groundnut,maturity,0,58.04,1893.33,28.68,24.61,56.1,45.74,198.76,14.29,109.83,40,60,1000,0,1,0,MODERATE
groundnut,maturity,0,40.0,1658.17,47.63,44.76,91.15,306.77,364.14,21.3,192.44,40,60,1000,0,1,1,CRITICAL
groundnut,maturity,0,48.51,930.04,18.5,15.47,33.36,74.96,890.1,4.71,485.25,40,60,1000,0,0,1,POOR
groundnut,maturity,0,39.88,1347.89,43.34,37.45,36.82,12.29,232.08,16.24,111.05,40,60,1000,0,1,0,CRITICAL
groundnut,maturity,0,11.84,1218.83,47.09,42.05,39.42,71.61,341.97,7.63,58.01,40,60,1000,0,1,0,CRITICAL
groundnut,maturity,0,88.72,930.11,27.42,24.7,50.99,33.09,848.04,10.43,185.61,40,60,1000,0,0,0,GOOD
groundnut,maturity,0,73.18,1191.19,37.92,33.62,66.48,93.26,165.47,210.03,14.44,40,60,1000,0,1,1,POOR
groundnut,maturity,0,61.91,804.71,26.52,21.04,97.88,38.67,30.77,150.73,534.53,40,60,1000,0,0,1,MODERATE
groundnut,maturity,0,47.35,1189.28,16.6,10.92,30.95,21.34,326.74,10.25,100.8,40,60,1000,0,1,0,POOR
groundnut,maturity,0,77.16,195.13,30.24,27.93,69.59,7.7,375.53,7.12,137.1,40,60,1000,0,0,0,GOOD
groundnut,maturity,0,91.9,763.3,43.47,38.56,63.02,481.71,945.52,9.95,152.47,40,60,1000,0,0,1,POOR
groundnut,maturity,0,87.14,1005.36,37.77,32.75,29.66,15.57,136.76,22.76,455.56,40,60,1000,0,1,1,CRITICAL
groundnut,maturity,0,25.86,417.54,42.78,37.57,98.23,7.17,236.7,17.58,527.38,40,60,1000,1,0,1,CRITICAL
groundnut,maturity,0,93.07,1005.64,28.59,25.48,84.59,19.66,99.56,0.51,532.25,40,60,1000,0,1,1,POOR
groundnut,maturity,0,28.01,525.57,36.98,34.34,91.1,494.16,335.86,11.41,76.34,40,60,1000,1,0,1,POOR
groundnut,maturity,0,45.85,1281.04,44.94,41.76,95.81,28.26,29.19,9.77,52.54,40,60,1000,0,1,0,POOR
groundnut,maturity,0,13.21,1303.56,42.15,37.24,57.54,159.16,223.23,16.49,81.98,40,60,1000,0,1,0,CRITICAL
groundnut,maturity,0,55.83,547.01,17.37,13.81,78.57,21.39,1480.02,14.08,184.04,40,60,1000,0,0,1,POOR
groundnut,maturity,0,21.51,1422.11,23.35,20.6,80.74,95.97,87.69,16.96,58.03,40,60,1000,0,1,0,POOR
groundnut,maturity,0,52.36,549.22,35.88,33.04,59.1,19.02,176.68,65.57,767.3,40,60,1000,0,0,1,MODERATE
groundnut,maturity,0,37.6,197.11,23.23,19.98,56.11,403.87,185.92,8.22,181.53,40,60,1000,1,0,1,POOR
groundnut,maturity,0,31.08,584.4,24.48,22.15,30.67,21.45,1233.53,10.04,30.45,40,60,1000,1,0,1,POOR
groundnut,maturity,0,79.59,1426.08,39.66,34.9,76.61,54.68,82.44,0.35,10.31,40,60,1000,0,1,0,POOR
groundnut,maturity,0,45.76,562.23,32.98,28.68,80.74,79.98,0.83,7.06,92.71,40,60,1000,0,0,0,GOOD
groundnut,maturity,0,73.33,292.98,29.38,24.44,93.86,87.36,1278.56,2.22,604.27,40,60,1000,0,0,1,MODERATE
groundnut,maturity,0,31.13,126.72,40.12,35.62,55.21,84.53,335.19,4.81,62.92,40,60,1000,1,0,0,POOR
groundnut,maturity,0,56.02,359.48,20.75,18.63,22.43,201.33,79.77,4.81,111.42,40,60,1000,0,0,0,POOR
groundnut,maturity,0,13.49,740.91,26.99,21.7,78.82,89.69,8.08,1.73,153.2,40,60,1000,1,0,0,MODERATE
groundnut,maturity,0,81.45,1492.1,45.88,43.88,48.3,161.66,275.56,22.39,190.53,40,60,1000,0,1,0,POOR
groundnut,maturity,0,74.63,1808.68,17.99,12.11,22.31,33.77,385.89,2.7,54.32,40,60,1000,0,1,0,CRITICAL
groundnut,maturity,0,49.89,1011.93,36.5,34.0,86.29,83.69,200.31,151.99,84.37,40,60,1000,0,1,1,POOR
groundnut,maturity,0,38.46,291.39,41.33,36.28,33.53,418.18,1278.91,7.13,194.39,40,60,1000,1,0,1,CRITICAL
groundnut,maturity,0,55.18,204.07,41.04,37.55,92.96,5.45,107.29,8.72,15.43,40,60,1000,0,0,0,MODERATE
groundnut,maturity,0,16.83,1335.3,41.53,36.2,23.33,69.74,217.14,12.54,60.29,40,60,1000,0,1,0,CRITICAL
groundnut,maturity,0,85.48,522.41,36.77,33.75,31.37,94.33,923.44,6.19,111.66,40,60,1000,0,0,0,GOOD
groundnut,maturity,0,17.33,1127.55,20.69,15.77,67.27,34.64,366.81,6.46,59.1,40,60,1000,0,1,0,CRITICAL
groundnut,maturity,0,49.16,750.07,47.38,44.4,83.28,44.74,253.36,24.21,63.1,40,60,1000,0,0,0,MODERATE
groundnut,maturity,0,97.34,1569.44,46.88,43.39,44.37,40.74,352.44,7.97,501.39,40,60,1000,0,1,1,CRITICAL
groundnut,maturity,0,80.29,324.25,27.12,22.96,56.35,39.78,188.56,11.62,101.4,40,60,1000,0,0,0,GOOD
groundnut,maturity,0,35.17,795.69,28.4,25.79,32.85,14.84,236.29,24.66,188.66,40,60,1000,1,0,0,MODERATE
groundnut,maturity,0,29.24,572.36,47.31,44.1,98.22,33.02,164.74,5.99,776.77,40,60,1000,1,0,1,CRITICAL
groundnut,maturity,0,63.11,764.35,29.55,24.41,43.47,33.45,34.61,6.39,173.02,40,60,1000,0,0,0,GOOD
groundnut,maturity,0,35.65,1730.68,32.42,29.89,76.74,15.44,67.24,18.1,105.24,40,60,1000,0,1,0,POOR
groundnut,maturity,0,71.26,1926.15,28.93,25.23,23.66,475.19,42.54,11.11,798.55,40,60,1000,0,1,1,CRITICAL
groundnut,maturity,0,52.85,1571.49,17.25,13.47,22.41,91.53,213.05,11.27,115.47,40,60,1000,0,1,0,CRITICAL
groundnut,maturity,0,38.7,1672.8,34.8,29.97,29.15,26.59,143.55,13.37,39.96,40,60,1000,0,1,0,CRITICAL
groundnut,maturity,0,81.03,1906.31,35.59,32.03,81.59,50.52,1150.3,20.05,90.68,40,60,1000,0,1,1,POOR
groundnut,maturity,0,87.92,1718.11,33.97,30.45,20.81,31.14,287.04,14.65,174.17,40,60,1000,0,1,0,POOR
groundnut,maturity,0,85.4,1553.25,16.24,13.65,45.18,84.75,129.89,216.15,85.77,40,60,1000,0,1,1,CRITICAL
groundnut,maturity,0,89.59,694.84,37.09,33.21,95.33,15.94,231.26,21.25,81.5,40,60,1000,0,0,0,GOOD
groundnut,maturity,0,83.39,698.0,38.91,36.65,61.91,90.88,39.63,24.38,91.6,40,60,1000,0,0,0,MODERATE
groundnut,maturity,0,70.54,1497.16,32.25,27.0,80.17,19.4,53.37,15.02,80.27,40,60,1000,0,1,0,MODERATE
groundnut,maturity,0,84.97,719.73,36.74,30.76,58.03,21.5,306.83,17.84,83.57,40,60,1000,0,0,0,GOOD
groundnut,maturity,0,38.24,1747.6,17.41,15.29,52.51,17.28,104.58,244.47,74.17,40,60,1000,0,1,1,CRITICAL
groundnut,maturity,0,12.02,639.05,29.92,25.52,32.48,43.29,229.82,60.0,782.09,40,60,1000,1,0,1,POOR
groundnut,maturity,0,77.55,1399.99,36.64,33.61,96.58,54.2,326.11,10.71,813.61,40,60,1000,0,1,1,POOR
groundnut,maturity,0,63.0,1413.97,23.64,21.24,62.62,1.06,43.37,16.13,60.62,40,60,1000,0,1,0,MODERATE
groundnut,maturity,0,26.79,560.28,31.33,27.79,85.56,82.17,390.63,7.01,63.38,40,60,1000,1,0,0,MODERATE
groundnut,maturity,0,85.24,684.46,22.83,17.44,50.5,202.42,193.25,21.75,115.31,40,60,1000,0,0,0,GOOD
groundnut,maturity,0,13.73,159.77,22.61,20.58,54.29,69.77,118.48,21.53,475.39,40,60,1000,1,0,1,POOR
groundnut,maturity,0,73.3,1524.83,37.42,35.03,57.22,65.14,327.95,22.08,736.13,40,60,1000,0,1,1,POOR
groundnut,maturity,0,43.37,1900.18,27.1,22.32,33.23,46.04,42.08,5.74,69.43,40,60,1000,0,1,0,MODERATE
groundnut,maturity,0,86.32,499.72,22.9,18.91,72.96,69.05,264.24,6.65,27.07,40,60,1000,0,0,0,GOOD
groundnut,maturity,0,40.3,1265.9,36.0,30.11,54.26,53.13,14.43,15.82,92.88,40,60,1000,0,1,0,MODERATE
groundnut,maturity,0,76.84,57.12,29.02,26.27,81.68,67.34,267.53,7.94,42.42,40,60,1000,0,0,0,GOOD
groundnut,maturity,0,53.54,114.41,42.9,40.8,24.93,470.93,33.45,0.67,117.68,40,60,1000,0,0,1,CRITICAL
groundnut,maturity,0,67.52,888.17,29.36,24.77,96.11,86.3,169.6,14.69,37.48,40,60,1000,0,0,0,GOOD
groundnut,maturity,0,26.21,926.76,37.39,31.79,29.77,207.8,307.35,297.49,76.36,40,60,1000,1,0,1,CRITICAL
groundnut,maturity,0,44.82,1757.03,36.45,31.2,92.62,50.73,225.39,20.28,148.73,40,60,1000,0,1,0,MODERATE
groundnut,maturity,0,97.53,1307.97,42.73,38.71,64.39,66.29,142.53,190.03,195.41,40,60,1000,0,1,1,CRITICAL
groundnut,maturity,0,48.48,1224.05,27.24,24.41,38.15,47.39,349.23,8.0,136.63,40,60,1000,0,1,0,MODERATE
groundnut,maturity,0,33.88,701.16,43.44,38.28,94.86,69.9,266.74,11.08,122.82,40,60,1000,1,0,0,POOR
groundnut,maturity,0,91.52,181.03,24.49,21.87,31.63,17.17,359.31,1.98,124.03,40,60,1000,0,0,0,GOOD
groundnut,maturity,0,47.04,1123.25,34.74,32.72,35.96,94.98,123.27,7.42,66.23,40,60,1000,0,1,0,MODERATE
groundnut,maturity,0,44.27,443.56,40.03,35.13,90.95,247.8,112.12,15.73,94.18,40,60,1000,0,0,0,MODERATE
groundnut,maturity,0,39.86,1841.27,36.21,32.04,71.02,32.19,134.6,13.03,70.34,40,60,1000,0,1,0,POOR
groundnut,maturity,0,61.89,654.51,20.85,15.4,36.05,96.66,1356.79,17.74,38.38,40,60,1000,0,0,1,POOR
groundnut,maturity,0,55.88,1064.16,38.86,36.05,27.41,66.61,152.3,49.92,75.32,40,60,1000,0,1,1,CRITICAL
groundnut,maturity,0,53.78,112.41,40.8,37.06,80.39,75.56,144.05,319.91,64.06,40,60,1000,0,0,1,POOR
groundnut,maturity,0,11.74,847.11,45.18,42.4,58.22,57.26,364.54,3.42,46.25,40,60,1000,1,0,0,POOR
groundnut,maturity,0,97.11,857.11,40.66,34.98,36.32,86.98,323.63,3.28,195.99,40,60,1000,0,0,0,MODERATE
groundnut,maturity,0,69.44,1865.93,25.66,22.34,87.7,97.86,97.46,19.06,794.52,40,60,1000,0,1,1,POOR
groundnut,maturity,0,50.74,529.07,18.92,13.73,62.82,67.42,387.03,11.43,408.96,40,60,1000,0,0,1,POOR
groundnut,maturity,0,63.04,981.28,38.31,36.04,35.64,40.7,151.8,22.98,120.11,40,60,1000,0,0,0,MODERATE
groundnut,maturity,0,35.91,1112.4,27.77,24.64,78.34,79.59,71.44,4.27,128.7,40,60,1000,0,1,0,POOR
groundnut,maturity,0,60.82,774.65,45.31,42.78,90.71,70.98,58.42,272.36,194.53,40,60,1000,0,0,1,POOR
groundnut,maturity,0,51.75,1696.92,30.13,26.79,79.3,65.01,1003.66,331.48,764.27,40,60,1000,0,1,1,POOR
groundnut,maturity,0,43.76,1047.59,44.64,39.95,89.89,61.83,135.87,9.07,38.5,40,60,1000,0,1,0,POOR
groundnut,maturity,0,98.99,1450.53,32.14,28.41,93.24,64.59,111.25,9.81,95.55,40,60,1000,0,1,0,MODERATE
groundnut,maturity,0,86.66,1959.41,26.71,23.53,81.61,44.98,800.93,10.76,64.67,40,60,1000,0,1,0,MODERATE
groundnut,maturity,0,37.71,1917.35,40.09,34.79,45.89,38.1,103.96,5.95,2.51,40,60,1000,0,1,0,CRITICAL
groundnut,maturity,0,17.9,399.01,30.99,27.46,31.92,39.46,68.92,9.7,88.22,40,60,1000,1,0,0,MODERATE
groundnut,maturity,0,94.28,618.64,27.98,23.62,27.46,95.03,134.09,17.33,64.42,40,60,1000,0,0,0,MODERATE
groundnut,maturity,0,11.26,762.79,24.18,18.55,58.23,23.46,305.21,10.15,75.07,40,60,1000,1,0,0,MODERATE
groundnut,maturity,0,46.81,283.84,17.15,12.98,56.34,17.34,126.1,18.89,198.91,40,60,1000,0,0,0,MODERATE
groundnut,maturity,0,90.51,500.63,45.54,43.07,87.35,18.43,75.97,18.32,68.74,40,60,1000,0,0,0,MODERATE
groundnut,maturity,0,16.98,180.13,39.36,33.96,75.62,27.75,78.71,7.12,92.1,40,60,1000,1,0,0,POOR
groundnut,maturity,0,69.86,101.03,44.6,40.27,93.62,313.75,146.15,287.93,767.24,40,60,1000,0,0,1,POOR
groundnut,maturity,0,58.89,375.19,42.99,38.69,80.68,65.85,114.5,14.96,111.27,40,60,1000,0,0,0,MODERATE
groundnut,maturity,0,44.22,949.32,44.86,39.22,60.03,47.15,114.29,4.46,24.82,40,60,1000,0,0,0,MODERATE
groundnut,maturity,0,15.37,1557.15,35.0,31.41,98.65,1.02,131.73,10.04,183.47,40,60,1000,0,1,0,POOR
groundnut,maturity,0,42.64,1685.1,21.99,16.2,23.49,88.99,1409.03,14.64,163.87,40,60,1000,0,1,1,CRITICAL
groundnut,maturity,0,67.42,1466.5,29.39,24.56,42.14,333.31,269.29,59.5,494.75,40,60,1000,0,1,1,POOR
groundnut,maturity,0,39.37,378.13,25.53,19.69,80.22,91.68,225.1,13.57,460.32,40,60,1000,1,0,1,POOR
groundnut,maturity,0,92.95,1617.12,20.21,17.62,65.06,466.59,62.13,21.0,120.79,40,60,1000,0,1,1,CRITICAL
groundnut,maturity,0,86.38,351.02,43.6,37.63,72.92,226.96,67.62,16.51,194.74,40,60,1000,0,0,0,MODERATE
groundnut,maturity,0,87.95,1787.67,38.77,34.47,56.59,44.95,292.48,75.05,174.1,40,60,1000,0,1,1,CRITICAL
groundnut,maturity,0,56.01,291.85,28.13,25.83,82.92,19.62,90.45,3.23,91.49,40,60,1000,0,0,0,GOOD
sugarcane,germination,0,43.86,1282.65,29.1,26.9,76.28,55.25,249.74,1.41,833.79,65,85,1200,0,1,1,CRITICAL
sugarcane,germination,0,91.76,1944.24,44.28,41.83,55.01,7.62,368.87,14.56,857.06,65,85,1200,0,1,1,CRITICAL
sugarcane,germination,0,21.05,722.96,39.84,35.11,70.5,99.38,391.66,3.87,648.61,65,85,1200,1,0,1,POOR
sugarcane,germination,0,19.65,534.29,19.74,14.8,97.65,89.4,138.81,5.24,104.16,65,85,1200,1,0,0,POOR
sugarcane,germination,0,65.25,504.55,47.68,45.42,69.38,25.64,171.7,8.79,163.44,65,85,1200,0,0,0,MODERATE
sugarcane,germination,0,66.89,1320.22,36.8,33.7,95.3,21.34,372.45,0.12,193.55,65,85,1200,0,1,0,MODERATE
sugarcane,germination,0,42.08,1096.62,39.74,35.49,71.3,400.74,20.42,9.44,114.53,65,85,1200,1,0,1,POOR
sugarcane,germination,0,96.27,1528.62,41.27,38.77,46.0,10.62,7.69,13.5,64.64,65,85,1200,0,1,0,POOR
sugarcane,germination,0,52.71,618.09,33.82,31.54,72.99,14.73,186.34,7.03,468.88,65,85,1200,1,0,1,POOR
sugarcane,germination,0,14.74,1436.11,21.68,19.64,83.61,70.23,926.93,13.24,111.29,65,85,1200,0,1,0,POOR
sugarcane,germination,0,13.7,1406.45,27.92,23.61,67.38,71.08,170.77,23.8,176.84,65,85,1200,0,1,0,POOR
sugarcane,germination,0,63.91,1746.37,31.99,28.52,72.06,206.61,16.75,12.08,176.77,65,85,1200,0,1,0,POOR
sugarcane,germination,0,41.32,1076.79,15.99,13.01,49.29,31.98,168.29,11.87,624.24,65,85,1200,1,0,1,CRITICAL
sugarcane,germination,0,21.51,1249.24,25.55,23.06,51.45,42.79,335.68,10.53,199.36,65,85,1200,0,1,0,POOR
sugarcane,germination,0,64.65,1306.63,23.73,21.34,63.46,61.35,177.47,4.06,184.44,65,85,1200,0,1,0,POOR
sugarcane,germination,0,22.75,1316.8,27.07,23.62,68.99,22.15,2.09,11.2,167.0,65,85,1200,0,1,0,POOR
sugarcane,germination,0,32.6,465.08,33.3,28.37,40.28,33.23,1067.54,18.5,194.66,65,85,1200,1,0,1,POOR
sugarcane,germination,0,18.28,1673.39,34.96,32.26,50.42,8.3,196.09,0.94,36.96,65,85,1200,0,1,0,POOR
sugarcane,germination,0,53.53,1781.2,28.65,24.53,33.5,28.51,15.3,2.9,137.37,65,85,1200,0,1,0,POOR
sugarcane,germination,0,89.88,1273.28,32.1,29.08,49.74,94.7,947.38,18.88,42.37,65,85,1200,0,1,0,MODERATE
sugarcane,germination,0,60.34,1133.88,33.93,31.43,47.96,57.31,222.81,10.98,488.58,65,85,1200,1,0,1,POOR
sugarcane,germination,0,53.92,1945.71,20.61,15.86,75.62,71.89,135.21,1.37,34.6,65,85,1200,0,1,0,POOR
sugarcane,germination,0,51.32,1210.1,34.17,28.32,43.68,76.21,372.0,10.44,159.84,65,85,1200,0,1,0,POOR
sugarcane,germination,0,18.2,935.69,43.19,38.91,61.63,36.61,228.31,10.04,50.47,65,85,1200,1,0,0,POOR
sugarcane,germination,0,59.38,463.61,45.59,40.77,40.68,29.42,222.55,10.41,190.15,65,85,1200,1,0,0,POOR
sugarcane,germination,0,42.81,1675.13,45.46,42.71,59.32,397.04,155.79,7.66,61.99,65,85,1200,0,1,1,CRITICAL
sugarcane,germination,0,34.7,800.05,46.69,41.63,36.14,418.18,356.44,17.57,73.65,65,85,1200,1,0,1,CRITICAL
sugarcane,germination,0,51.02,769.75,47.03,41.82,78.93,41.07,57.37,381.69,176.3,65,85,1200,1,0,1,CRITICAL
sugarcane,germination,0,46.63,1179.68,47.74,41.92,93.69,415.01,133.31,2.27,891.4,65,85,1200,1,0,1,CRITICAL
sugarcane,germination,0,79.84,1686.42,46.92,41.21,69.77,73.46,1316.62,2.4,102.68,65,85,1200,0,1,1,CRITICAL
sugarcane,germination,0,12.87,369.77,45.41,39.54,24.43,33.18,272.78,13.44,827.1,65,85,1200,1,0,1,CRITICAL
sugarcane,germination,0,77.28,156.37,15.69,10.73,24.48,197.66,838.6,15.22,30.51,65,85,1200,0,0,0,POOR
sugarcane,germination,0,25.94,1517.57,30.0,25.45,89.56,278.09,203.25,10.4,47.63,65,85,1200,0,1,1,CRITICAL
sugarcane,germination,0,59.81,1427.12,21.54,16.56,48.77,99.25,1456.05,11.56,8.71,65,85,1200,0,1,1,CRITICAL
sugarcane,germination,0,38.12,243.3,40.81,37.14,71.91,65.02,246.43,4.83,148.0,65,85,1200,1,0,0,POOR
sugarcane,germination,0,55.97,506.76,40.42,37.64,85.55,497.07,88.68,4.11,106.64,65,85,1200,1,0,1,CRITICAL
sugarcane,germination,0,67.81,833.12,42.37,36.67,54.54,8.27,130.11,17.36,126.52,65,85,1200,0,0,0,MODERATE
sugarcane,germination,0,63.57,1923.26,36.47,32.16,63.3,10.33,21.08,21.67,9.2,65,85,1200,0,1,0,POOR
sugarcane,germination,0,43.41,1140.24,16.0,12.52,64.69,43.1,61.53,5.91,142.29,65,85,1200,1,0,0,POOR
sugarcane,germination,0,60.14,1399.29,27.91,24.73,59.25,10.12,281.85,23.67,140.82,65,85,1200,0,1,0,POOR
sugarcane,germination,0,93.1,335.31,30.75,28.61,24.21,5.37,1.39,5.6,120.07,65,85,1200,0,0,0,MODERATE
sugarcane,germination,0,23.78,1826.87,28.56,23.49,33.32,47.06,248.61,24.32,60.08,65,85,1200,0,1,0,POOR
sugarcane,germination,0,73.73,1257.37,25.45,19.48,72.4,70.32,1339.63,3.06,57.06,65,85,1200,0,1,1,POOR
sugarcane,germination,0,34.67,1778.19,30.87,26.48,79.98,225.31,94.98,21.29,120.11,65,85,1200,0,1,0,POOR
sugarcane,germination,0,49.64,489.48,27.78,22.77,99.5,55.43,377.48,16.5,88.34,65,85,1200,1,0,0,MODERATE
sugarcane,germination,0,16.42,429.24,22.83,16.85,37.93,86.97,348.82,5.75,189.06,65,85,1200,1,0,0,MODERATE
sugarcane,germination,0,19.45,113.46,30.44,27.95,70.43,79.45,1107.6,2.78,199.24,65,85,1200,1,0,1,POOR
sugarcane,germination,0,86.29,1863.43,45.95,41.71,73.06,34.92,1015.05,3.59,52.74,65,85,1200,0,1,1,CRITICAL
sugarcane,germination,0,97.12,1885.54,18.94,15.44,57.21,254.59,363.4,255.1,634.46,65,85,1200,0,1,1,CRITICAL
sugarcane,germination,0,77.19,536.15,27.77,22.73,21.55,6.4,271.41,21.18,686.98,65,85,1200,0,0,1,POOR
sugarcane,germination,0,33.99,189.67,21.66,17.68,74.48,69.07,264.1,134.35,27.55,65,85,1200,1,0,1,POOR
sugarcane,germination,0,69.45,211.67,45.33,42.15,79.65,235.5,1261.32,13.17,110.8,65,85,1200,0,0,1,POOR
sugarcane,germination,0,11.22,260.92,39.09,37.07,44.35,44.93,313.25,2.47,114.32,65,85,1200,1,0,0,MODERATE
sugarcane,germination,0,26.71,1206.21,20.76,15.87,44.57,61.44,76.92,18.26,478.16,65,85,1200,0,1,1,CRITICAL
sugarcane,germination,0,44.89,87.59,25.08,19.94,88.75,56.79,334.55,13.49,41.52,65,85,1200,1,0,0,MODERATE
sugarcane,germination,0,95.52,1653.7,40.27,36.29,73.8,367.31,24.86,6.51,137.94,65,85,1200,0,1,1,CRITICAL
sugarcane,germination,0,88.6,1215.39,24.26,21.66,60.3,10.36,1296.49,22.1,45.31,65,85,1200,0,1,1,POOR
sugarcane,germination,0,10.34,1858.46,24.65,20.98,68.98,91.63,126.69,4.51,154.69,65,85,1200,0,1,0,POOR
sugarcane,germination,0,31.59,1093.61,30.45,26.65,45.25,72.68,218.98,5.09,47.77,65,85,1200,1,0,0,MODERATE
sugarcane,germination,0,89.57,673.31,26.54,23.48,97.41,53.55,133.49,11.45,21.46,65,85,1200,0,0,0,GOOD
sugarcane,germination,0,50.74,596.6,44.81,42.6,72.0,461.14,390.82,9.93,148.06,65,85,1200,1,0,1,CRITICAL
sugarcane,germination,0,74.45,1772.09,40.63,38.16,94.8,52.19,1031.04,11.85,18.86,65,85,1200,0,1,1,CRITICAL
sugarcane,germination,0,74.41,677.72,43.4,38.91,23.15,70.68,152.0,15.03,64.38,65,85,1200,0,0,0,POOR
sugarcane,germination,0,31.76,1676.78,38.02,33.06,48.87,0.34,241.13,1.89,11.83,65,85,1200,0,1,0,POOR
sugarcane,germination,0,99.3,226.75,30.61,26.21,85.85,68.96,1233.11,13.77,119.22,65,85,1200,0,0,1,MODERATE
sugarcane,germination,0,61.5,435.22,34.2,31.01,26.99,82.54,395.4,19.02,0.05,65,85,1200,1,0,0,POOR
sugarcane,germination,0,92.98,1735.87,32.81,27.69,25.99,13.51,347.29,17.0,195.41,65,85,1200,0,1,0,POOR
sugarcane,germination,0,93.74,1594.83,23.82,17.93,89.59,6.47,1268.47,16.9,145.49,65,85,1200,0,1,1,POOR
sugarcane,germination,0,59.69,1513.69,33.04,27.32,75.65,11.76,903.98,8.3,20.38,65,85,1200,0,1,0,POOR
sugarcane,germination,0,82.18,1918.71,41.67,37.94,20.19,3.66,1219.67,12.34,67.93,65,85,1200,0,1,1,CRITICAL
sugarcane,germination,0,43.27,268.36,26.31,24.13,66.46,32.3,232.52,12.2,107.21,65,85,1200,1,0,0,MODERATE
sugarcane,germination,0,75.38,972.71,42.41,38.79,44.24,20.78,30.76,4.54,703.95,65,85,1200,0,0,1,POOR
sugarcane,germination,0,86.97,713.42,42.53,37.05,97.58,1.26,1090.26,10.13,3.81,65,85,1200,0,0,1,POOR
sugarcane,germination,0,63.46,197.7,16.83,14.12,89.56,35.65,285.75,302.02,10.16,65,85,1200,1,0,1,CRITICAL
sugarcane,germination,0,39.76,93.49,45.08,40.25,49.53,37.75,58.02,18.17,180.01,65,85,1200,1,0,0,POOR
sugarcane,germination,0,51.58,1127.88,28.47,23.44,80.36,333.02,62.29,2.64,421.94,65,85,1200,1,0,1,POOR
sugarcane,germination,0,13.89,1814.27,16.74,11.8,93.99,462.68,204.16,22.4,709.19,65,85,1200,0,1,1,CRITICAL
sugarcane,germination,0,27.34,425.81,47.42,43.21,58.67,85.06,69.43,5.63,94.0,65,85,1200,1,0,0,POOR
sugarcane,germination,0,22.33,596.3,26.01,20.18,41.12,43.04,280.66,24.66,168.01,65,85,1200,1,0,0,MODERATE
sugarcane,germination,0,79.58,1233.65,26.94,21.94,89.1,23.5,1440.68,5.55,146.88,65,85,1200,0,1,1,POOR
sugarcane,germination,0,87.56,1647.27,19.02,14.13,87.3,18.57,137.57,5.32,50.11,65,85,1200,0,1,0,POOR
sugarcane,germination,0,47.38,63.83,44.28,38.87,88.01,80.58,384.12,128.66,3.83,65,85,1200,1,0,1,CRITICAL
sugarcane,germination,0,86.8,1936.9,28.48,23.06,46.86,15.94,252.27,2.21,55.96,65,85,1200,0,1,0,MODERATE
sugarcane,germination,0,87.04,245.68,43.45,39.46,72.84,256.51,33.49,201.59,748.97,65,85,1200,0,0,1,POOR
sugarcane,germination,0,54.51,846.2,47.11,41.8,95.18,39.72,346.33,2.62,54.44,65,85,1200,1,0,0,POOR
sugarcane,germination,0,92.52,932.57,31.42,28.03,25.84,421.03,30.63,20.57,122.4,65,85,1200,0,0,1,POOR
sugarcane,germination,0,11.96,1773.49,38.03,32.79,24.79,296.7,25.97,13.86,119.55,65,85,1200,0,1,1,CRITICAL
sugarcane,germination,0,49.94,449.13,45.33,39.62,36.95,221.0,39.29,0.57,139.46,65,85,1200,1,0,0,POOR
sugarcane,germination,0,92.3,1288.17,15.56,12.25,67.88,14.8,252.23,1.5,165.89,65,85,1200,0,1,0,POOR
sugarcane,germination,0,61.95,1008.69,23.57,21.36,43.35,68.36,267.94,0.04,178.69,65,85,1200,1,0,0,MODERATE
sugarcane,germination,0,93.58,1321.54,30.99,27.44,69.94,48.04,226.96,15.22,160.78,65,85,1200,0,1,0,MODERATE
sugarcane,germination,0,22.16,889.38,45.97,42.66,32.34,14.61,1303.22,2.75,75.89,65,85,1200,1,0,1,CRITICAL
sugarcane,germination,0,12.06,700.61,46.39,44.31,37.82,60.32,20.98,17.66,120.19,65,85,1200,1,0,0,POOR
sugarcane,germination,0,73.74,1982.14,34.68,29.24,86.69,94.03,119.24,276.4,71.54,65,85,1200,0,1,1,POOR
sugarcane,germination,0,21.43,225.98,44.35,38.62,92.34,250.67,353.12,15.97,120.4,65,85,1200,1,0,1,CRITICAL
sugarcane,germination,0,31.6,811.82,40.78,37.73,93.25,83.89,42.05,7.64,112.42,65,85,1200,1,0,0,POOR
sugarcane,germination,0,22.46,1861.15,29.12,26.63,22.97,15.26,388.37,22.78,98.21,65,85,1200,0,1,0,CRITICAL
sugarcane,germination,0,53.8,1527.31,34.84,30.85,64.29,61.92,991.5,4.68,184.01,65,85,1200,0,1,0,POOR
sugarcane,germination,0,93.29,1805.29,28.25,24.0,92.43,31.94,279.46,50.71,54.35,65,85,1200,0,1,1,POOR
sugarcane,germination,0,45.66,111.3,21.35,16.89,55.71,41.38,210.57,12.29,798.44,65,85,1200,1,0,1,POOR
sugarcane,germination,0,39.27,743.64,42.4,36.51,45.65,78.87,272.71,352.1,14.99,65,85,1200,1,0,1,CRITICAL
sugarcane,germination,0,68.17,1819.85,23.59,20.2,83.61,293.03,368.23,12.74,19.89,65,85,1200,0,1,1,POOR
sugarcane,germination,0,74.39,334.83,38.88,35.94,99.36,53.18,1225.12,12.93,449.66,65,85,1200,0,0,1,MODERATE
sugarcane,germination,0,27.98,638.76,46.62,44.0,40.35,58.02,45.68,24.81,111.45,65,85,1200,1,0,0,POOR
sugarcane,germination,0,17.05,304.81,24.92,21.0,44.89,21.38,375.48,121.13,882.29,65,85,1200,1,0,1,POOR
sugarcane,germination,0,15.75,1163.18,42.53,39.25,54.84,28.37,8.58,337.41,27.95,65,85,1200,1,0,1,CRITICAL
sugarcane,germination,0,74.17,1039.48,31.11,28.5,48.12,95.89,23.34,15.1,147.19,65,85,1200,0,0,0,GOOD
sugarcane,germination,0,96.11,967.55,21.61,16.25,60.44,92.32,246.95,14.85,148.71,65,85,1200,0,0,0,GOOD
sugarcane,germination,0,23.32,1595.17,17.14,14.24,40.38,64.73,179.82,3.1,144.86,65,85,1200,0,1,0,CRITICAL
sugarcane,germination,0,22.32,1540.87,17.37,11.79,81.88,74.1,395.98,17.99,51.07,65,85,1200,0,1,0,CRITICAL
sugarcane,germination,0,79.21,1069.1,28.07,22.2,53.2,76.4,1365.33,3.72,21.55,65,85,1200,0,0,1,MODERATE
sugarcane,germination,0,88.14,357.71,38.47,35.26,40.59,5.03,24.68,20.21,877.38,65,85,1200,0,0,1,MODERATE
sugarcane,germination,0,27.14,1086.34,42.09,36.8,74.8,291.28,90.29,20.79,55.83,65,85,1200,1,0,1,CRITICAL
sugarcane,germination,0,83.81,162.08,31.07,28.52,73.9,31.14,205.3,15.18,731.06,65,85,1200,0,0,1,MODERATE
sugarcane,germination,0,76.03,1791.39,45.67,41.88,75.84,39.74,300.98,18.55,148.73,65,85,1200,0,1,0,POOR
sugarcane,germination,0,60.58,264.99,18.42,12.57,47.11,25.55,172.36,17.6,162.96,65,85,1200,1,0,0,POOR
sugarcane,germination,0,20.58,842.05,35.94,33.69,21.59,94.83,178.05,273.42,153.97,65,85,1200,1,0,1,CRITICAL
sugarcane,germination,0,56.85,422.98,42.49,39.82,43.2,57.76,377.69,10.96,132.09,65,85,1200,1,0,0,POOR
sugarcane,germination,0,19.07,1363.08,38.94,36.15,80.78,87.94,350.47,5.39,482.36,65,85,1200,0,1,1,CRITICAL
sugarcane,germination,0,38.42,128.17,22.95,18.93,28.54,92.22,1122.5,1.39,145.28,65,85,1200,1,0,1,CRITICAL
sugarcane,germination,0,95.33,935.07,29.99,26.01,53.26,312.13,46.57,41.01,106.22,65,85,1200,0,0,1,MODERATE
sugarcane,germination,0,23.49,424.97,30.53,28.37,82.54,395.68,219.79,4.55,152.92,65,85,1200,1,0,1,POOR
sugarcane,germination,0,63.77,1586.52,47.0,44.63,79.71,59.58,10.48,83.2,179.78,65,85,1200,0,1,1,CRITICAL
sugarcane,germination,0,54.3,274.05,16.69,14.45,65.5,32.14,362.82,20.46,91.72,65,85,1200,1,0,0,POOR
sugarcane,germination,0,50.25,1883.33,41.89,39.48,55.21,99.49,117.63,340.86,156.22,65,85,1200,0,1,1,CRITICAL
sugarcane,germination,0,50.51,188.53,42.62,36.81,43.82,53.54,190.62,3.93,128.69,65,85,1200,1,0,0,POOR
sugarcane,germination,0,71.7,925.45,44.9,39.82,41.84,13.04,153.0,11.28,177.04,65,85,1200,0,0,0,MODERATE
sugarcane,germination,0,13.22,645.58,15.35,12.68,77.98,0.44,49.15,18.16,198.83,65,85,1200,1,0,0,POOR
sugarcane,germination,0,97.37,487.41,24.18,19.87,82.5,32.89,349.75,8.94,99.84,65,85,1200,0,0,0,GOOD
sugarcane,germination,0,50.44,600.21,43.19,37.71,56.29,69.58,128.59,21.29,54.78,65,85,1200,1,0,0,POOR
sugarcane,germination,0,60.97,1438.33,40.41,37.33,27.03,21.87,63.54,12.41,65.06,65,85,1200,0,1,0,CRITICAL
sugarcane,germination,0,97.07,573.1,33.82,30.3,53.76,5.56,187.4,9.39,9.24,65,85,1200,0,0,0,GOOD
sugarcane,germination,0,85.85,1444.85,35.87,30.63,30.23,52.53,208.22,11.66,104.7,65,85,1200,0,1,0,MODERATE
sugarcane,germination,0,98.79,1950.92,24.33,19.48,22.4,368.41,1414.61,16.74,145.99,65,85,1200,0,1,1,CRITICAL
sugarcane,germination,0,38.18,1572.4,28.5,23.81,30.65,70.92,306.1,3.19,66.78,65,85,1200,0,1,0,POOR
sugarcane,germination,0,55.11,1579.97,33.26,27.83,28.23,77.61,71.78,16.38,19.86,65,85,1200,0,1,0,CRITICAL
sugarcane,germination,0,23.12,1677.52,43.14,40.7,41.31,73.61,360.95,0.55,129.76,65,85,1200,0,1,0,CRITICAL
sugarcane,germination,0,77.26,1947.34,47.74,42.5,87.78,96.94,1150.81,14.56,749.28,65,85,1200,0,1,1,CRITICAL
sugarcane,germination,0,25.77,1031.64,27.03,23.7,37.14,89.4,110.52,136.44,194.95,65,85,1200,1,0,1,POOR
sugarcane,germination,0,91.14,1431.7,45.76,41.85,98.07,53.95,244.65,181.6,95.32,65,85,1200,0,1,1,CRITICAL
sugarcane,germination,0,79.52,1117.96,15.09,11.56,93.12,94.78,1.95,121.94,137.65,65,85,1200,0,0,1,POOR
sugarcane,germination,0,72.4,1504.56,17.43,13.07,80.26,56.57,385.16,16.51,88.13,65,85,1200,0,1,0,POOR
sugarcane,germination,0,26.34,586.47,17.58,13.98,40.48,26.29,127.92,1.59,20.14,65,85,1200,1,0,0,POOR
sugarcane,germination,0,11.31,543.65,17.3,13.03,45.31,80.69,224.24,3.48,62.97,65,85,1200,1,0,0,POOR
sugarcane,germination,0,20.86,66.26,17.94,15.79,52.04,38.98,158.57,10.14,135.2,65,85,1200,1,0,0,POOR
sugarcane,germination,0,27.48,284.17,20.28,16.59,39.65,88.46,323.5,1.45,63.37,65,85,1200,1,0,0,MODERATE
sugarcane,germination,0,43.86,1796.53,23.69,19.01,48.81,411.08,66.69,15.35,153.62,65,85,1200,0,1,1,CRITICAL
sugarcane,germination,0,27.5,999.56,45.61,41.34,62.43,72.4,1496.4,17.0,60.71,65,85,1200,1,0,1,CRITICAL
sugarcane,germination,0,20.82,469.42,35.09,30.31,27.68,80.83,962.31,6.71,72.82,65,85,1200,1,0,0,POOR
sugarcane,germination,0,24.73,1917.18,32.01,27.94,50.86,83.6,198.91,6.66,87.11,65,85,1200,0,1,0,POOR
sugarcane,germination,0,43.03,838.34,25.32,22.45,47.05,1.8,180.09,23.41,45.9,65,85,1200,1,0,0,MODERATE
sugarcane,germination,0,52.48,1447.54,40.55,35.66,93.02,5.2,70.21,8.98,47.83,65,85,1200,0,1,0,CRITICAL
sugarcane,germination,0,63.36,759.16,29.74,24.28,45.59,38.02,263.71,19.67,32.11,65,85,1200,1,0,0,MODERATE
sugarcane,germination,0,74.73,1043.27,44.76,42.56,40.68,21.93,6.01,105.78,188.41,65,85,1200,0,0,1,POOR
sugarcane,germination,0,68.15,1357.33,28.78,24.51,76.21,95.05,287.14,13.17,174.95,65,85,1200,0,1,0,MODERATE
sugarcane,germination,0,24.4,127.06,40.28,37.59,23.65,13.8,1460.05,7.86,151.24,65,85,1200,1,0,1,CRITICAL
sugarcane,germination,0,47.13,1537.5,33.35,28.03,24.3,436.79,984.43,23.76,31.19,65,85,1200,0,1,1,CRITICAL
sugarcane,germination,0,17.28,1179.98,22.95,16.98,61.24,35.91,50.83,19.13,93.9,65,85,1200,1,0,0,MODERATE
sugarcane,germination,0,19.69,1815.62,37.19,33.32,65.57,21.32,213.47,19.04,49.23,65,85,1200,0,1,0,POOR
sugarcane,germination,0,60.57,1569.01,43.2,40.5,44.51,251.39,1049.86,4.73,161.96,65,85,1200,0,1,1,CRITICAL
sugarcane,germination,0,93.98,668.93,39.48,36.32,34.29,80.24,312.03,1.67,161.74,65,85,1200,0,0,0,GOOD
sugarcane,germination,0,29.15,821.08,41.47,35.83,38.13,79.34,375.49,4.82,18.42,65,85,1200,1,0,0,POOR
sugarcane,germination,0,33.35,1805.54,29.75,27.46,71.75,95.56,367.77,11.02,177.13,65,85,1200,0,1,0,POOR
sugarcane,germination,0,44.75,1839.23,36.35,34.27,21.25,67.62,128.81,6.16,31.15,65,85,1200,0,1,0,CRITICAL
sugarcane,germination,0,87.64,1313.61,30.46,24.67,78.87,93.22,270.17,12.74,65.42,65,85,1200,0,1,0,MODERATE
sugarcane,germination,0,19.85,1623.37,25.09,19.34,50.42,79.67,352.62,19.25,94.44,65,85,1200,0,1,0,POOR
sugarcane,germination,0,34.41,1407.76,24.75,20.52,30.95,67.51,9.71,5.56,187.04,65,85,1200,0,1,0,POOR
sugarcane,germination,0,58.16,1127.94,18.48,15.51,82.39,46.37,173.52,7.93,125.55,65,85,1200,1,0,0,POOR
sugarcane,germination,0,78.06,1274.77,29.08,23.93,28.41,58.12,239.55,23.9,106.85,65,85,1200,0,1,0,POOR
sugarcane,germination,0,56.16,793.76,17.18,14.01,90.73,17.37,1290.0,22.84,95.24,65,85,1200,1,0,1,CRITICAL
sugarcane,germination,0,12.0,696.52,38.64,36.15,82.78,81.55,79.52,12.14,139.51,65,85,1200,1,0,0,MODERATE
sugarcane,germination,0,40.78,969.19,15.94,13.48,50.0,180.01,378.42,18.47,86.87,65,85,1200,1,0,0,POOR
sugarcane,germination,0,48.43,1485.69,19.39,16.24,26.68,316.0,296.22,6.67,174.03,65,85,1200,0,1,1,CRITICAL
sugarcane,germination,0,86.41,58.75,18.77,16.55,58.33,78.4,1493.38,18.43,23.85,65,85,1200,0,0,1,POOR
sugarcane,germination,0,70.7,381.68,33.55,28.78,43.92,78.0,77.91,381.69,832.33,65,85,1200,0,0,1,MODERATE
sugarcane,germination,0,36.48,1815.31,47.92,42.72,51.22,277.47,27.14,378.38,878.77,65,85,1200,0,1,1,CRITICAL
sugarcane,germination,0,91.18,1210.48,46.62,41.39,95.2,336.23,1360.77,20.11,54.55,65,85,1200,0,1,1,CRITICAL
sugarcane,germination,0,27.07,687.46,43.88,41.68,23.99,55.18,73.69,84.33,155.63,65,85,1200,1,0,1,CRITICAL
sugarcane,germination,0,70.27,1643.29,33.42,29.21,32.75,202.69,273.94,15.95,35.46,65,85,1200,0,1,0,MODERATE
sugarcane,germination,0,42.85,792.72,42.84,39.6,72.42,84.92,330.21,5.33,176.64,65,85,1200,1,0,0,POOR
sugarcane,germination,0,64.75,724.4,21.65,17.83,72.6,99.85,297.3,10.62,16.66,65,85,1200,1,0,0,MODERATE
sugarcane,germination,0,36.02,1744.38,30.94,27.62,80.73,41.75,289.28,16.62,186.08,65,85,1200,0,1,0,POOR
sugarcane,germination,0,83.57,830.85,29.04,25.99,37.96,10.62,282.64,23.05,670.34,65,85,1200,0,0,1,MODERATE
sugarcane,germination,0,45.43,1526.92,18.63,13.21,33.66,6.87,1472.67,331.47,864.1,65,85,1200,0,1,1,CRITICAL
sugarcane,germination,0,36.85,478.15,36.22,33.73,36.89,77.3,380.26,7.01,7.0,65,85,1200,1,0,0,MODERATE
sugarcane,germination,0,75.54,1262.58,44.77,41.72,66.21,3.13,71.15,2.72,50.22,65,85,1200,0,1,0,POOR
sugarcane,germination,0,59.33,1194.27,29.78,25.99,42.82,38.38,52.28,205.36,4.1,65,85,1200,1,0,1,POOR
sugarcane,germination,0,65.69,1384.84,30.05,27.28,92.77,74.02,199.73,21.63,66.62,65,85,1200,0,1,0,MODERATE
sugarcane,germination,0,60.06,1717.71,31.32,28.99,22.99,62.12,170.18,12.02,102.88,65,85,1200,0,1,0,CRITICAL
sugarcane,germination,0,71.45,1191.94,22.0,17.67,96.45,95.65,183.27,22.74,407.83,65,85,1200,0,0,1,MODERATE
sugarcane,germination,0,40.44,594.73,33.85,28.87,40.11,52.41,64.52,265.96,119.95,65,85,1200,1,0,1,POOR
sugarcane,germination,0,69.82,779.74,33.24,30.59,82.17,90.95,36.78,9.66,17.45,65,85,1200,0,0,0,GOOD
sugarcane,germination,0,95.73,1308.42,43.23,39.07,35.51,62.66,148.72,3.79,107.16,65,85,1200,0,1,0,POOR
sugarcane,germination,0,92.77,577.65,23.67,18.41,46.72,83.07,92.34,22.49,4.8,65,85,1200,0,0,0,GOOD
sugarcane,germination,0,50.23,1844.51,45.72,41.59,38.71,48.71,364.56,23.38,112.8,65,85,1200,0,1,0,CRITICAL
sugarcane,germination,0,76.23,1081.29,28.11,23.04,41.3,89.55,209.25,18.12,166.49,65,85,1200,0,0,0,GOOD
sugarcane,germination,0,30.58,1282.57,40.94,37.34,34.57,7.73,65.06,3.9,145.0,65,85,1200,0,1,0,CRITICAL
sugarcane,germination,0,62.34,1679.87,42.28,37.1,66.04,99.41,323.55,192.14,41.83,65,85,1200,0,1,1,CRITICAL
sugarcane,germination,0,24.75,1485.35,24.76,21.88,33.77,2.94,391.49,24.2,69.57,65,85,1200,0,1,0,POOR
sugarcane,germination,0,43.01,439.81,41.48,37.09,22.53,80.42,114.35,24.73,134.81,65,85,1200,1,0,0,CRITICAL
sugarcane,tillering,0,18.06,1160.42,28.3,24.12,39.11,284.19,122.43,14.45,168.73,60,80,1200,1,0,1,POOR
sugarcane,tillering,0,37.43,1291.15,46.66,42.07,96.51,30.46,327.68,17.16,190.35,60,80,1200,0,1,0,CRITICAL
sugarcane,tillering,0,54.44,1704.6,23.18,18.4,63.75,29.08,214.49,24.26,104.34,60,80,1200,0,1,0,POOR
sugarcane,tillering,0,95.83,1801.66,17.8,15.59,96.9,19.99,337.32,1.42,9.14,60,80,1200,0,1,0,POOR
sugarcane,tillering,0,13.65,1943.44,29.86,24.42,48.66,4.26,221.11,22.32,106.54,60,80,1200,0,1,0,POOR
sugarcane,tillering,0,96.06,904.56,41.19,36.0,82.86,75.87,57.76,22.97,812.49,60,80,1200,0,0,1,POOR
sugarcane,tillering,0,71.92,1952.98,18.07,13.23,61.98,14.56,65.9,14.79,114.3,60,80,1200,0,1,0,POOR
sugarcane,tillering,0,48.18,539.28,23.38,17.92,32.52,12.31,5.8,6.74,108.3,60,80,1200,1,0,0,MODERATE
sugarcane,tillering,0,60.1,909.1,35.92,30.31,70.19,6.09,180.81,0.93,106.16,60,80,1200,0,0,0,GOOD
sugarcane,tillering,0,94.72,1711.1,26.96,22.83,67.3,71.58,337.22,3.27,148.28,60,80,1200,0,1,0,MODERATE
sugarcane,tillering,0,88.09,1250.85,17.84,13.08,80.22,23.52,376.23,12.94,35.86,60,80,1200,0,1,0,POOR
sugarcane,tillering,0,89.65,265.65,33.88,29.02,46.91,84.47,130.15,155.4,838.28,60,80,1200,0,0,1,MODERATE
sugarcane,tillering,0,84.05,88.06,43.66,40.81,48.26,99.16,124.29,23.71,5.25,60,80,1200,0,0,0,MODERATE
sugarcane,tillering,0,15.66,1149.04,19.18,15.14,35.12,93.57,334.46,7.81,111.58,60,80,1200,1,0,0,POOR
sugarcane,tillering,0,71.14,858.63,37.59,32.73,79.91,47.09,363.63,270.69,410.59,60,80,1200,0,0,1,MODERATE
sugarcane,tillering,0,49.64,1244.09,39.86,34.9,71.78,47.19,340.33,9.94,47.78,60,80,1200,0,1,0,POOR
sugarcane,tillering,0,47.7,692.0,32.52,30.03,51.79,75.18,186.97,301.05,57.23,60,80,1200,1,0,1,POOR
sugarcane,tillering,0,29.48,1748.0,23.07,19.81,91.07,20.56,364.72,11.93,67.67,60,80,1200,0,1,0,POOR
sugarcane,tillering,0,83.87,1525.79,15.18,11.47,33.52,7.35,325.85,214.14,22.59,60,80,1200,0,1,1,CRITICAL
sugarcane,tillering,0,21.17,196.84,21.47,16.32,94.2,491.16,1210.28,21.22,163.85,60,80,1200,1,0,1,POOR
sugarcane,tillering,0,39.5,1340.54,20.05,15.26,76.79,289.31,299.67,5.33,0.78,60,80,1200,0,1,1,CRITICAL
sugarcane,tillering,0,49.35,1965.45,18.04,14.75,85.21,61.24,15.99,2.05,46.3,60,80,1200,0,1,0,CRITICAL
sugarcane,tillering,0,33.09,313.78,27.29,24.6,47.55,44.45,1370.75,13.93,97.26,60,80,1200,1,0,1,POOR
sugarcane,tillering,0,98.12,1298.84,24.35,18.56,51.09,39.01,116.17,18.44,32.23,60,80,1200,0,1,0,MODERATE
sugarcane,tillering,0,99.14,1200.15,40.66,36.44,98.65,17.74,251.42,20.66,88.81,60,80,1200,0,1,0,POOR
sugarcane,tillering,0,66.47,821.83,41.59,38.79,67.5,57.79,11.39,19.83,77.9,60,80,1200,0,0,0,MODERATE
sugarcane,tillering,0,46.09,1878.84,28.49,25.09,31.58,7.03,185.05,12.01,44.47,60,80,1200,0,1,0,POOR
sugarcane,tillering,0,29.82,827.89,33.77,28.72,45.58,27.14,342.7,4.05,20.22,60,80,1200,1,0,0,MODERATE
sugarcane,tillering,0,53.74,1205.41,27.29,22.61,30.47,71.5,51.06,383.5,502.84,60,80,1200,0,1,1,CRITICAL
sugarcane,tillering,0,77.45,125.61,31.19,26.77,25.32,4.98,915.6,19.16,137.2,60,80,1200,0,0,0,MODERATE
sugarcane,tillering,0,76.49,162.61,31.04,25.59,29.39,166.21,272.83,6.06,115.19,60,80,1200,0,0,0,MODERATE
sugarcane,tillering,0,57.71,763.81,43.18,41.07,62.41,83.66,20.61,23.99,183.45,60,80,1200,1,0,0,POOR
sugarcane,tillering,0,58.85,210.12,45.76,40.96,91.05,317.88,231.02,0.35,87.39,60,80,1200,1,0,1,CRITICAL
sugarcane,tillering,0,18.66,999.17,23.8,19.92,27.11,51.69,124.01,23.98,194.18,60,80,1200,1,0,0,POOR
sugarcane,tillering,0,83.81,379.96,38.69,36.63,28.88,173.76,299.95,17.89,179.76,60,80,1200,0,0,0,MODERATE
sugarcane,tillering,0,92.01,1439.73,44.31,40.61,72.9,23.54,192.38,19.13,61.5,60,80,1200,0,1,0,POOR
sugarcane,tillering,0,39.11,133.03,47.61,43.21,38.2,289.14,197.06,9.77,422.86,60,80,1200,1,0,1,CRITICAL
sugarcane,tillering,0,49.41,613.81,16.29,13.47,46.63,7.07,274.74,1.08,669.41,60,80,1200,1,0,1,CRITICAL
sugarcane,tillering,0,15.51,759.17,28.37,25.87,66.64,4.02,349.39,3.88,154.85,60,80,1200,1,0,0,MODERATE
sugarcane,tillering,0,99.17,712.94,23.09,17.11,98.18,59.18,208.35,17.19,106.42,60,80,1200,0,0,0,GOOD
sugarcane,tillering,0,54.75,325.3,32.9,30.44,92.41,23.01,88.76,13.13,569.27,60,80,1200,1,0,1,POOR
sugarcane,tillering,0,61.5,414.09,15.94,13.53,76.03,84.71,104.38,20.53,99.08,60,80,1200,0,0,0,MODERATE
sugarcane,tillering,0,41.51,1311.99,38.69,36.33,23.05,77.59,392.29,17.02,138.36,60,80,1200,0,1,0,CRITICAL
sugarcane,tillering,0,13.09,388.8,30.83,27.25,87.43,10.84,271.24,3.92,136.78,60,80,1200,1,0,0,MODERATE
sugarcane,tillering,0,88.36,1076.1,44.36,40.6,38.96,30.74,307.56,5.07,69.15,60,80,1200,0,0,0,MODERATE
sugarcane,tillering,0,87.23,270.12,18.56,15.3,53.06,287.17,334.67,1.01,118.97,60,80,1200,0,0,1,POOR
sugarcane,tillering,0,92.02,1288.53,24.09,21.76,54.57,70.98,399.5,4.11,673.59,60,80,1200,0,1,1,POOR
sugarcane,tillering,0,30.54,860.02,15.81,12.14,50.74,275.38,903.09,15.77,139.84,60,80,1200,1,0,1,CRITICAL
sugarcane,tillering,0,18.88,787.5,41.26,36.43,28.54,79.85,89.53,4.71,158.99,60,80,1200,1,0,0,CRITICAL
sugarcane,tillering,0,18.2,1029.07,47.96,42.21,99.46,299.13,358.07,22.98,107.47,60,80,1200,1,0,1,CRITICAL
sugarcane,tillering,0,38.91,554.93,32.84,29.02,61.96,26.07,322.74,4.23,169.25,60,80,1200,1,0,0,MODERATE
sugarcane,tillering,0,78.59,291.95,15.2,11.96,39.91,30.73,235.64,24.47,42.34,60,80,1200,0,0,0,MODERATE
sugarcane,tillering,0,66.69,941.57,16.29,10.68,96.89,90.74,382.29,94.68,26.83,60,80,1200,0,0,1,POOR
sugarcane,tillering,0,47.62,462.15,35.61,29.66,86.68,414.73,1196.93,17.4,4.54,60,80,1200,1,0,1,POOR
sugarcane,tillering,0,84.77,96.01,47.09,42.63,84.0,56.66,27.97,14.19,616.35,60,80,1200,0,0,1,POOR
sugarcane,tillering,0,51.22,718.32,35.78,31.31,27.25,23.65,127.98,8.69,874.28,60,80,1200,1,0,1,CRITICAL
sugarcane,tillering,0,32.83,972.13,32.66,27.25,64.72,25.27,333.65,5.02,123.93,60,80,1200,1,0,0,MODERATE
sugarcane,tillering,0,59.22,1792.14,26.83,22.86,71.95,44.08,254.36,4.55,195.25,60,80,1200,0,1,0,POOR
sugarcane,tillering,0,63.4,64.87,42.87,39.78,25.75,75.81,337.61,21.72,122.49,60,80,1200,0,0,0,POOR
sugarcane,tillering,0,61.97,1753.31,26.67,23.7,58.12,68.73,139.16,22.07,113.2,60,80,1200,0,1,0,MODERATE
sugarcane,tillering,0,73.93,993.26,45.35,41.19,25.74,95.33,210.76,1.47,125.78,60,80,1200,0,0,0,POOR
sugarcane,tillering,0,35.78,134.68,41.02,35.46,69.09,48.24,159.49,17.21,82.9,60,80,1200,1,0,0,POOR
sugarcane,tillering,0,40.68,585.01,15.05,10.28,38.87,16.64,360.1,8.75,121.74,60,80,1200,1,0,0,POOR
sugarcane,tillering,0,25.06,344.24,37.68,32.15,44.02,50.34,156.09,12.74,782.88,60,80,1200,1,0,1,POOR
sugarcane,tillering,0,94.07,1744.68,19.04,16.15,29.8,35.35,286.69,0.57,199.7,60,80,1200,0,1,0,CRITICAL
sugarcane,tillering,0,92.56,866.64,34.03,29.89,78.09,33.5,217.8,395.71,19.8,60,80,1200,0,0,1,MODERATE
sugarcane,tillering,0,43.6,1000.87,25.76,20.91,49.12,351.57,256.72,10.49,131.82,60,80,1200,1,0,1,POOR
sugarcane,tillering,0,78.92,1503.88,42.05,36.23,44.77,42.9,131.93,5.07,139.48,60,80,1200,0,1,0,POOR
sugarcane,tillering,0,26.6,1976.88,47.96,45.76,73.42,81.31,889.57,16.06,588.33,60,80,1200,0,1,1,CRITICAL
sugarcane,tillering,0,11.4,454.0,23.36,20.31,27.89,205.83,142.02,17.83,154.75,60,80,1200,1,0,0,POOR
sugarcane,tillering,0,57.16,516.71,33.36,29.49,57.77,11.85,1141.25,21.79,123.72,60,80,1200,1,0,1,POOR
sugarcane,tillering,0,71.18,1178.88,31.69,26.43,74.61,82.1,158.16,9.92,162.86,60,80,1200,0,0,0,GOOD
sugarcane,tillering,0,45.97,269.76,24.56,22.12,85.51,50.93,209.57,5.36,66.4,60,80,1200,1,0,0,MODERATE
sugarcane,tillering,0,54.4,1518.93,28.51,23.04,58.14,90.06,26.81,351.52,161.75,60,80,1200,0,1,1,CRITICAL
sugarcane,tillering,0,19.54,1358.34,28.52,26.44,79.27,41.88,10.6,3.9,84.57,60,80,1200,0,1,0,POOR
sugarcane,tillering,0,55.04,1450.79,38.58,32.89,88.97,98.51,96.04,18.17,178.43,60,80,1200,0,1,0,POOR
sugarcane,tillering,0,15.53,329.21,21.97,16.42,82.28,20.17,348.61,317.43,55.61,60,80,1200,1,0,1,POOR
sugarcane,tillering,0,65.46,642.85,38.15,35.58,73.25,70.85,209.15,16.94,197.79,60,80,1200,0,0,0,GOOD
sugarcane,tillering,0,37.31,243.9,26.2,23.69,55.16,77.8,1419.23,12.31,68.13,60,80,1200,1,0,1,POOR
sugarcane,tillering,0,48.7,1844.46,47.2,44.36,64.89,53.69,242.95,24.01,83.12,60,80,1200,0,1,0,CRITICAL
sugarcane,tillering,0,10.81,946.38,24.73,21.92,55.57,85.45,199.55,11.76,549.58,60,80,1200,1,0,1,POOR
sugarcane,tillering,0,14.89,1981.28,40.36,37.23,80.87,189.52,144.07,393.76,88.31,60,80,1200,0,1,1,CRITICAL
sugarcane,tillering,0,20.23,714.84,47.95,43.44,47.2,62.42,80.45,18.49,140.32,60,80,1200,1,0,0,POOR
sugarcane,tillering,0,42.7,911.18,26.31,22.13,61.05,18.75,183.59,10.8,76.91,60,80,1200,1,0,0,MODERATE
sugarcane,tillering,0,42.26,1410.73,43.81,40.52,64.9,1.18,336.99,11.07,52.67,60,80,1200,0,1,0,CRITICAL
sugarcane,tillering,0,17.91,147.01,16.38,12.83,89.25,83.29,300.9,4.51,162.54,60,80,1200,1,0,0,POOR
sugarcane,tillering,0,18.62,1018.49,36.99,31.71,83.79,306.75,177.84,8.5,131.38,60,80,1200,1,0,1,POOR
sugarcane,tillering,0,63.58,214.05,37.73,35.01,88.06,40.16,221.61,11.33,26.69,60,80,1200,0,0,0,GOOD
sugarcane,tillering,0,75.54,931.34,21.19,16.16,43.15,68.24,182.98,1.62,124.71,60,80,1200,0,0,0,GOOD
sugarcane,tillering,0,43.47,208.94,42.87,38.15,73.64,19.37,275.01,22.66,20.36,60,80,1200,1,0,0,POOR
sugarcane,tillering,0,55.79,416.59,43.6,39.99,21.23,305.8,173.26,21.5,144.08,60,80,1200,1,0,1,CRITICAL
sugarcane,tillering,0,93.46,719.44,22.09,19.28,88.62,83.06,127.22,15.6,528.37,60,80,1200,0,0,1,MODERATE
sugarcane,tillering,0,58.68,229.06,42.51,37.34,86.48,399.07,51.08,21.75,28.34,60,80,1200,1,0,1,CRITICAL
sugarcane,tillering,0,82.47,1709.94,40.38,38.13,77.61,51.9,888.29,9.37,73.78,60,80,1200,0,1,0,POOR
sugarcane,tillering,0,28.55,557.97,33.96,29.88,34.03,69.2,269.18,15.45,4.44,60,80,1200,1,0,0,MODERATE
sugarcane,tillering,0,89.32,1023.76,41.48,35.79,46.75,88.03,41.57,360.85,586.82,60,80,1200,0,0,1,POOR
sugarcane,tillering,0,83.79,1455.97,18.36,13.88,66.55,16.72,248.25,13.12,39.7,60,80,1200,0,1,0,POOR
sugarcane,tillering,0,17.87,1890.84,18.55,15.04,30.67,93.93,1346.55,17.64,76.81,60,80,1200,0,1,1,CRITICAL
sugarcane,tillering,0,75.27,401.87,29.42,25.69,98.48,1.91,32.15,16.96,46.48,60,80,1200,0,0,0,GOOD
sugarcane,tillering,0,68.89,1209.18,22.31,16.65,98.08,68.92,1054.38,241.83,177.27,60,80,1200,0,1,1,POOR
sugarcane,tillering,0,20.52,1734.12,45.36,41.39,27.56,60.62,367.66,10.73,24.63,60,80,1200,0,1,0,CRITICAL
sugarcane,tillering,0,74.22,1112.14,26.23,22.91,29.16,21.38,142.24,19.86,169.95,60,80,1200,0,0,0,MODERATE
sugarcane,tillering,0,79.92,379.86,24.91,22.49,35.15,77.83,354.42,8.47,196.72,60,80,1200,0,0,0,GOOD
sugarcane,tillering,0,19.91,1754.83,33.85,28.42,50.97,2.89,45.79,14.08,764.78,60,80,1200,0,1,1,CRITICAL
sugarcane,tillering,0,36.13,1264.31,46.39,41.79,91.42,93.97,220.84,6.39,58.95,60,80,1200,0,1,0,CRITICAL
sugarcane,tillering,0,14.9,862.24,42.1,36.85,92.39,74.56,301.53,1.78,161.04,60,80,1200,1,0,0,POOR
sugarcane,tillering,0,60.28,1897.05,17.75,12.77,36.43,10.54,330.81,7.14,22.81,60,80,1200,0,1,0,POOR
sugarcane,tillering,0,96.49,284.46,35.11,32.15,22.06,83.23,358.18,10.59,57.53,60,80,1200,0,0,0,MODERATE
sugarcane,tillering,0,18.47,824.18,33.04,28.2,70.63,497.33,305.66,13.34,671.26,60,80,1200,1,0,1,POOR
sugarcane,tillering,0,33.48,828.16,36.55,33.81,86.79,66.61,111.74,10.67,150.55,60,80,1200,1,0,0,MODERATE
sugarcane,tillering,0,81.58,905.64,37.38,35.25,90.46,68.48,114.55,4.62,59.69,60,80,1200,0,0,0,GOOD
sugarcane,tillering,0,53.61,542.4,34.87,32.59,78.09,50.14,931.68,22.42,70.77,60,80,1200,1,0,0,MODERATE
sugarcane,tillering,0,99.97,337.04,25.41,19.89,31.55,46.95,281.22,8.48,59.8,60,80,1200,0,0,0,GOOD
sugarcane,tillering,0,83.3,1513.88,32.98,29.52,93.22,249.68,254.01,23.45,7.29,60,80,1200,0,1,0,MODERATE
sugarcane,tillering,0,22.57,1558.33,41.71,36.85,20.89,28.49,302.22,10.68,85.43,60,80,1200,0,1,0,CRITICAL
sugarcane,tillering,0,44.01,514.99,22.84,20.31,76.08,62.26,1338.1,11.0,679.05,60,80,1200,1,0,1,POOR
sugarcane,tillering,0,62.59,612.79,33.58,27.64,77.87,12.86,342.73,4.41,74.97,60,80,1200,0,0,0,GOOD
sugarcane,tillering,0,96.6,203.07,19.8,14.1,76.81,40.7,197.09,12.63,154.34,60,80,1200,0,0,0,MODERATE
sugarcane,tillering,0,78.2,1371.32,43.64,39.41,61.67,70.13,374.46,0.82,134.73,60,80,1200,0,1,0,POOR
sugarcane,tillering,0,33.03,1385.34,34.57,29.96,24.02,74.19,1039.78,291.5,69.75,60,80,1200,0,1,1,CRITICAL
sugarcane,tillering,0,99.66,883.01,28.21,25.87,27.88,51.18,385.96,19.75,44.74,60,80,1200,0,0,0,MODERATE
sugarcane,tillering,0,81.72,799.61,37.89,33.73,51.57,266.71,324.56,18.9,112.54,60,80,1200,0,0,1,MODERATE
sugarcane,tillering,0,93.8,90.89,15.27,12.36,99.48,7.25,43.64,126.77,14.38,60,80,1200,0,0,1,POOR
sugarcane,tillering,0,16.1,1180.69,33.46,27.49,69.73,39.75,213.15,13.2,159.44,60,80,1200,1,0,0,MODERATE
sugarcane,tillering,0,78.88,401.68,32.27,27.08,50.92,338.99,43.33,6.68,19.32,60,80,1200,0,0,1,MODERATE
sugarcane,tillering,0,36.32,932.84,27.81,23.03,88.97,76.51,171.75,21.97,182.68,60,80,1200,1,0,0,MODERATE
sugarcane,tillering,0,39.34,337.89,35.86,30.0,72.65,35.37,232.01,18.49,170.88,60,80,1200,1,0,0,MODERATE
sugarcane,tillering,0,69.46,1556.54,24.35,20.91,79.19,28.53,164.52,0.48,20.26,60,80,1200,0,1,0,MODERATE
sugarcane,tillering,0,95.43,1512.15,46.01,43.55,65.64,8.33,258.54,2.25,67.51,60,80,1200,0,1,0,POOR
sugarcane,tillering,0,39.96,809.72,29.56,26.05,80.85,13.99,1418.64,11.31,36.79,60,80,1200,1,0,1,POOR
sugarcane,tillering,0,81.61,894.85,33.4,30.98,75.01,328.23,308.93,11.16,745.76,60,80,1200,0,0,1,MODERATE
sugarcane,tillering,0,51.01,1994.72,21.17,16.55,99.58,64.03,338.2,19.31,98.63,60,80,1200,0,1,0,POOR
sugarcane,tillering,0,65.77,1331.21,20.09,14.86,53.03,50.03,130.03,10.85,82.34,60,80,1200,0,1,0,MODERATE
sugarcane,tillering,0,11.77,1218.73,38.19,35.42,30.5,11.39,125.08,11.44,156.77,60,80,1200,0,1,0,POOR
sugarcane,tillering,0,15.71,281.32,28.67,25.47,25.88,45.49,263.17,7.56,155.74,60,80,1200,1,0,0,POOR
sugarcane,tillering,0,23.28,1973.7,46.92,42.29,37.19,76.66,1022.93,22.46,82.21,60,80,1200,0,1,1,CRITICAL
sugarcane,tillering,0,39.05,679.54,36.5,30.68,36.12,39.25,1274.7,20.95,500.93,60,80,1200,1,0,1,POOR
sugarcane,tillering,0,71.23,258.79,26.87,24.59,79.2,41.83,16.82,23.27,100.59,60,80,1200,0,0,0,GOOD
sugarcane,tillering,0,20.87,208.83,21.38,17.45,38.88,43.4,351.26,7.94,21.32,60,80,1200,1,0,0,MODERATE
sugarcane,tillering,0,96.26,908.9,44.01,38.74,90.0,3.92,218.09,338.41,96.78,60,80,1200,0,0,1,POOR
sugarcane,tillering,0,42.43,1795.8,44.87,40.14,87.03,301.82,159.22,9.96,186.88,60,80,1200,0,1,1,CRITICAL
sugarcane,tillering,0,73.89,346.11,39.83,35.93,77.81,231.47,228.87,145.08,189.9,60,80,1200,0,0,1,MODERATE
sugarcane,tillering,0,19.27,1722.14,19.11,16.33,40.13,72.78,228.78,2.95,176.05,60,80,1200,0,1,0,CRITICAL
sugarcane,tillering,0,33.16,483.54,31.19,28.12,53.85,44.02,389.16,1.14,165.36,60,80,1200,1,0,0,MODERATE
sugarcane,tillering,0,22.54,1958.21,32.48,30.07,53.14,7.2,129.41,12.46,637.13,60,80,1200,0,1,1,CRITICAL
sugarcane,tillering,0,78.79,610.76,37.36,34.04,35.32,223.36,152.16,16.32,828.08,60,80,1200,0,0,1,MODERATE
sugarcane,tillering,0,13.27,1533.8,42.58,39.34,57.64,304.04,167.15,16.87,136.32,60,80,1200,0,1,1,CRITICAL
sugarcane,tillering,0,96.15,1586.24,37.65,32.63,52.95,45.56,320.97,8.14,32.15,60,80,1200,0,1,0,MODERATE
sugarcane,tillering,0,80.37,1113.31,29.18,25.06,59.25,93.52,1222.69,2.94,799.68,60,80,1200,0,0,1,MODERATE
sugarcane,tillering,0,85.05,1117.44,35.92,31.71,64.9,88.52,244.03,119.89,71.5,60,80,1200,0,0,1,MODERATE
sugarcane,tillering,0,97.26,654.01,35.25,30.35,71.73,300.65,265.11,7.16,73.3,60,80,1200,0,0,1,MODERATE
sugarcane,tillering,0,55.2,883.41,25.25,20.35,38.37,68.95,7.19,9.61,823.05,60,80,1200,1,0,1,POOR
sugarcane,tillering,0,16.68,456.28,38.61,32.62,90.1,9.89,252.33,16.71,99.43,60,80,1200,1,0,0,MODERATE
sugarcane,tillering,0,21.54,191.8,40.67,35.96,71.92,92.81,165.5,19.45,101.03,60,80,1200,1,0,0,POOR
sugarcane,tillering,0,15.06,1192.53,21.67,19.64,45.26,42.91,366.17,3.89,116.7,60,80,1200,1,0,0,MODERATE
sugarcane,tillering,0,62.27,1338.74,33.15,27.85,71.33,92.46,83.87,4.74,77.21,60,80,1200,0,1,0,MODERATE
sugarcane,tillering,0,58.48,1245.17,43.97,39.96,20.62,6.53,308.23,126.27,172.64,60,80,1200,0,1,1,CRITICAL
sugarcane,tillering,0,15.11,705.98,27.43,24.92,29.65,66.81,219.32,3.78,172.41,60,80,1200,1,0,0,POOR
sugarcane,tillering,0,33.26,1293.32,45.09,39.53,48.73,83.07,140.35,9.37,116.88,60,80,1200,0,1,0,CRITICAL
sugarcane,tillering,0,24.51,1330.64,41.77,37.9,46.05,33.65,0.3,16.87,171.02,60,80,1200,0,1,0,CRITICAL
sugarcane,tillering,0,13.45,1846.67,21.65,16.47,25.38,32.7,279.52,10.71,823.3,60,80,1200,0,1,1,CRITICAL
sugarcane,tillering,0,28.34,862.24,30.34,26.15,21.78,75.88,358.65,6.87,101.44,60,80,1200,1,0,0,POOR
sugarcane,tillering,0,94.1,1602.75,45.0,41.0,23.11,5.18,916.3,24.62,99.87,60,80,1200,0,1,0,CRITICAL
sugarcane,tillering,0,68.89,183.6,32.98,29.64,97.21,47.53,1070.39,13.62,22.3,60,80,1200,0,0,1,MODERATE
sugarcane,tillering,0,88.43,937.25,21.39,16.84,35.75,185.8,322.07,7.0,834.86,60,80,1200,0,0,1,MODERATE
sugarcane,tillering,0,24.05,1405.03,37.98,34.4,32.24,13.21,241.38,24.35,555.46,60,80,1200,0,1,1,CRITICAL
sugarcane,tillering,0,53.0,1908.83,21.06,19.01,35.69,9.84,255.79,20.82,5.94,60,80,1200,0,1,0,POOR
sugarcane,tillering,0,97.06,738.79,29.95,24.69,93.49,97.14,91.79,1.39,101.65,60,80,1200,0,0,0,GOOD
sugarcane,tillering,0,50.0,1834.53,41.95,39.1,43.34,66.06,1295.98,127.43,67.11,60,80,1200,0,1,1,CRITICAL
sugarcane,tillering,0,16.67,1554.0,31.5,25.6,56.67,6.7,236.77,12.09,89.9,60,80,1200,0,1,0,POOR
sugarcane,tillering,0,85.26,1367.47,30.35,25.8,45.78,14.41,1316.32,9.72,869.05,60,80,1200,0,1,1,POOR
sugarcane,tillering,0,14.62,748.51,37.09,34.37,67.55,81.36,1043.88,4.82,41.11,60,80,1200,1,0,1,POOR
sugarcane,tillering,0,88.95,390.16,35.58,29.81,96.21,60.04,298.99,19.74,113.32,60,80,1200,0,0,0,GOOD
sugarcane,tillering,0,47.55,477.27,32.52,30.42,79.29,52.23,292.92,8.71,823.38,60,80,1200,1,0,1,POOR
sugarcane,tillering,0,13.56,1563.21,17.38,12.15,69.04,30.64,254.3,1.13,117.65,60,80,1200,0,1,0,CRITICAL
sugarcane,tillering,0,11.89,855.38,25.9,21.63,55.96,39.41,258.44,3.8,23.09,60,80,1200,1,0,0,MODERATE
sugarcane,tillering,0,72.76,659.76,15.88,11.05,36.59,72.27,248.49,11.24,786.03,60,80,1200,0,0,1,POOR
sugarcane,tillering,0,19.44,714.37,21.35,16.83,73.12,20.38,871.85,0.85,63.27,60,80,1200,1,0,0,MODERATE
sugarcane,tillering,0,24.36,547.22,46.73,41.22,36.99,57.3,146.31,185.53,151.07,60,80,1200,1,0,1,CRITICAL
sugarcane,tillering,0,69.31,1624.99,43.41,39.15,61.34,211.52,29.57,7.77,4.83,60,80,1200,0,1,0,POOR
sugarcane,tillering,0,94.6,178.57,34.1,30.78,73.55,244.01,348.25,21.62,556.76,60,80,1200,0,0,1,MODERATE
sugarcane,tillering,0,32.99,1165.91,37.87,34.16,82.64,92.54,250.61,19.64,136.45,60,80,1200,1,0,0,MODERATE
sugarcane,tillering,0,97.22,725.48,35.47,31.95,20.95,231.31,1212.04,3.68,712.76,60,80,1200,0,0,1,POOR
sugarcane,tillering,0,41.37,1534.75,15.63,11.14,70.44,478.24,136.82,21.1,164.12,60,80,1200,0,1,1,CRITICAL
sugarcane,tillering,0,22.2,1108.75,25.77,21.41,55.86,74.81,281.18,23.53,85.34,60,80,1200,1,0,0,MODERATE
sugarcane,tillering,0,27.57,726.46,16.65,11.84,79.51,45.72,1224.88,16.45,103.83,60,80,1200,1,0,1,CRITICAL
sugarcane,tillering,0,68.88,1758.83,31.5,26.73,34.56,0.29,171.09,3.52,115.3,60,80,1200,0,1,0,MODERATE
sugarcane,tillering,0,66.68,413.95,23.32,19.1,64.86,80.52,233.02,162.0,93.14,60,80,1200,0,0,1,MODERATE
sugarcane,tillering,0,92.74,1242.34,27.84,22.19,94.39,287.69,216.42,9.61,16.66,60,80,1200,0,1,1,POOR
sugarcane,tillering,0,26.47,1709.07,21.11,16.47,29.47,59.36,342.62,297.0,0.42,60,80,1200,0,1,1,CRITICAL
sugarcane,tillering,0,10.22,957.71,40.33,37.6,74.28,13.97,863.61,0.83,42.69,60,80,1200,1,0,0,POOR
sugarcane,tillering,0,36.19,125.24,38.8,32.98,86.55,298.71,1199.46,390.46,110.09,60,80,1200,1,0,1,POOR
sugarcane,tillering,0,73.08,383.99,44.55,41.55,95.92,1.7,1144.33,17.88,19.31,60,80,1200,0,0,1,POOR
sugarcane,tillering,0,88.02,327.95,25.18,19.46,87.18,306.83,5.9,2.62,172.05,60,80,1200,0,0,1,MODERATE
sugarcane,tillering,0,55.93,1467.25,21.35,15.59,20.1,0.18,159.25,20.7,11.34,60,80,1200,0,1,0,CRITICAL
sugarcane,tillering,0,69.8,1735.02,19.4,14.97,81.28,93.78,141.84,21.53,457.14,60,80,1200,0,1,1,CRITICAL
sugarcane,tillering,0,22.79,1983.45,29.12,25.59,66.9,39.44,291.35,17.64,6.85,60,80,1200,0,1,0,POOR
sugarcane,tillering,0,60.32,1736.93,41.89,36.65,48.15,4.63,53.54,158.72,815.27,60,80,1200,0,1,1,CRITICAL
sugarcane,tillering,0,49.28,1888.96,23.62,17.69,88.92,195.64,376.73,2.12,2.49,60,80,1200,0,1,0,POOR
sugarcane,tillering,0,42.25,1144.4,38.62,35.53,43.29,46.82,129.62,13.55,74.5,60,80,1200,1,0,0,MODERATE
sugarcane,grand_growth,1,68.09,894.64,19.43,17.41,22.37,86.75,371.61,342.95,720.92,70,90,1200,1,0,1,CRITICAL
sugarcane,grand_growth,1,85.36,1736.84,15.09,11.03,82.62,18.15,230.07,18.49,103.33,70,90,1200,0,1,0,POOR
sugarcane,grand_growth,1,18.35,1190.07,18.79,14.54,97.09,297.7,147.88,5.58,129.29,70,90,1200,1,0,1,CRITICAL
sugarcane,grand_growth,1,82.92,1966.63,17.73,13.81,35.19,46.52,175.72,0.87,83.5,70,90,1200,0,1,0,POOR
sugarcane,grand_growth,1,71.51,719.17,41.3,35.34,39.6,36.26,30.88,1.96,753.92,70,90,1200,0,0,1,POOR
sugarcane,grand_growth,1,39.92,653.29,30.28,28.25,36.59,21.15,362.21,78.71,507.29,70,90,1200,1,0,1,POOR
sugarcane,grand_growth,1,82.36,267.21,42.41,38.24,85.28,61.77,254.47,16.58,182.15,70,90,1200,0,0,0,MODERATE
sugarcane,grand_growth,1,42.61,907.45,46.73,44.43,59.88,16.12,182.06,9.42,196.7,70,90,1200,1,0,0,POOR
sugarcane,grand_growth,1,79.74,747.17,30.85,28.11,77.24,17.95,219.26,18.58,145.21,70,90,1200,0,0,0,GOOD
sugarcane,grand_growth,1,11.36,1792.76,39.39,36.83,46.23,47.99,1254.05,9.95,24.28,70,90,1200,0,1,1,CRITICAL
sugarcane,grand_growth,1,98.66,793.05,36.5,31.71,55.62,22.36,1198.04,14.42,158.46,70,90,1200,0,0,1,MODERATE
sugarcane,grand_growth,1,18.65,512.28,33.64,28.32,62.7,74.61,85.92,6.32,99.73,70,90,1200,1,0,0,MODERATE
sugarcane,grand_growth,1,50.78,1063.59,24.82,19.56,62.74,20.84,293.37,22.54,662.85,70,90,1200,1,0,1,POOR
sugarcane,grand_growth,1,64.97,627.83,30.13,25.42,55.62,91.07,313.98,5.96,192.18,70,90,1200,1,0,0,MODERATE
sugarcane,grand_growth,1,34.0,369.91,31.79,26.9,64.06,431.21,176.15,7.55,66.44,70,90,1200,1,0,1,POOR
sugarcane,grand_growth,1,25.32,1858.06,38.28,34.55,29.78,84.88,13.36,12.2,60.36,70,90,1200,0,1,0,CRITICAL
sugarcane,grand_growth,1,63.44,876.18,40.18,37.37,41.61,39.87,166.42,205.58,880.9,70,90,1200,1,0,1,CRITICAL
sugarcane,grand_growth,1,25.87,56.96,35.34,30.53,30.5,487.08,972.91,10.87,598.41,70,90,1200,1,0,1,POOR
sugarcane,grand_growth,1,39.3,1070.08,32.22,27.62,44.54,199.36,57.67,157.88,39.0,70,90,1200,1,0,1,POOR
sugarcane,grand_growth,1,91.49,1496.78,45.78,40.26,63.96,15.22,1133.49,0.58,173.06,70,90,1200,0,1,1,CRITICAL
sugarcane,grand_growth,1,43.61,622.7,38.06,33.44,87.46,91.76,74.28,230.96,52.45,70,90,1200,1,0,1,POOR
sugarcane,grand_growth,1,89.14,923.76,18.38,16.21,25.0,43.91,195.4,16.99,73.68,70,90,1200,0,0,0,POOR
sugarcane,grand_growth,1,27.99,617.14,38.58,32.62,93.88,408.02,300.82,7.64,766.55,70,90,1200,1,0,1,POOR
sugarcane,grand_growth,1,96.64,735.99,46.59,41.4,22.47,59.53,212.6,23.5,144.25,70,90,1200,0,0,0,POOR
sugarcane,grand_growth,1,85.11,319.45,31.2,26.08,72.83,425.61,281.87,8.77,188.41,70,90,1200,0,0,1,MODERATE
sugarcane,grand_growth,1,66.35,1992.12,24.75,20.21,92.53,89.95,258.4,11.44,136.19,70,90,1200,0,1,0,POOR
sugarcane,grand_growth,1,26.9,222.48,44.21,41.49,24.98,58.23,187.24,1.16,79.94,70,90,1200,1,0,0,CRITICAL
sugarcane,grand_growth,1,43.9,1603.1,23.58,20.11,94.8,26.03,188.48,344.1,13.59,70,90,1200,0,1,1,CRITICAL
sugarcane,grand_growth,1,55.36,1318.62,39.31,34.13,31.93,3.78,388.5,15.57,181.16,70,90,1200,0,1,0,POOR
sugarcane,grand_growth,1,55.9,1300.25,15.03,11.2,51.92,443.89,1350.7,4.37,184.63,70,90,1200,0,1,1,CRITICAL
sugarcane,grand_growth,1,95.02,1532.67,38.65,33.6,72.73,238.77,115.44,22.69,47.93,70,90,1200,0,1,0,MODERATE
sugarcane,grand_growth,1,16.09,1457.51,33.33,28.05,36.46,54.15,295.58,75.39,91.35,70,90,1200,0,1,1,CRITICAL
sugarcane,grand_growth,1,75.22,1582.87,16.36,14.12,93.37,33.1,190.38,0.52,661.75,70,90,1200,0,1,1,CRITICAL
sugarcane,grand_growth,1,63.83,1283.34,32.17,28.92,70.45,33.29,147.06,16.72,178.52,70,90,1200,0,1,0,POOR
sugarcane,grand_growth,1,16.31,1359.5,24.03,21.23,58.45,61.9,396.79,18.97,9.92,70,90,1200,0,1,0,POOR
sugarcane,grand_growth,1,61.42,705.72,45.7,40.85,94.22,9.93,50.4,24.61,132.9,70,90,1200,1,0,0,POOR
sugarcane,grand_growth,1,99.45,1627.48,28.21,23.57,76.84,457.36,302.27,73.49,170.3,70,90,1200,0,1,1,POOR
sugarcane,grand_growth,1,32.1,83.68,24.65,20.89,21.6,32.37,193.96,19.64,46.17,70,90,1200,1,0,0,POOR
sugarcane,grand_growth,1,28.14,719.37,33.72,30.06,43.45,45.17,244.25,20.94,691.2,70,90,1200,1,0,1,POOR
sugarcane,grand_growth,1,90.63,1532.98,34.65,31.85,42.13,60.28,364.57,21.56,89.78,70,90,1200,0,1,0,MODERATE
sugarcane,grand_growth,1,85.64,628.32,36.16,32.87,61.84,80.83,1430.74,12.96,92.03,70,90,1200,0,0,1,MODERATE
sugarcane,grand_growth,1,13.4,1086.37,25.19,22.44,29.74,34.7,222.77,94.26,183.02,70,90,1200,1,0,1,CRITICAL
sugarcane,grand_growth,1,84.01,691.03,39.72,33.93,32.4,14.03,266.65,21.25,88.34,70,90,1200,0,0,0,GOOD
sugarcane,grand_growth,1,53.89,1887.77,39.24,35.04,48.58,91.53,378.43,13.32,153.29,70,90,1200,0,1,0,POOR
sugarcane,grand_growth,1,17.45,1117.82,39.68,35.33,90.28,28.62,280.01,3.21,80.13,70,90,1200,1,0,0,MODERATE
sugarcane,grand_growth,1,96.47,1548.36,26.54,20.63,44.14,57.69,382.54,4.5,6.95,70,90,1200,0,1,0,MODERATE
sugarcane,grand_growth,1,57.05,131.2,18.06,15.67,73.48,29.98,356.85,20.67,88.56,70,90,1200,1,0,0,POOR
sugarcane,grand_growth,1,89.76,920.99,39.75,35.76,90.37,74.97,1341.14,23.25,155.4,70,90,1200,0,0,1,MODERATE
sugarcane,grand_growth,1,71.61,80.2,35.83,30.5,71.35,6.54,152.19,6.78,831.95,70,90,1200,0,0,1,MODERATE
sugarcane,grand_growth,1,44.63,812.89,39.29,34.71,21.07,401.86,234.71,2.4,20.02,70,90,1200,1,0,1,CRITICAL
sugarcane,grand_growth,1,58.41,597.87,18.45,15.45,55.1,49.41,343.76,12.26,198.71,70,90,1200,1,0,0,POOR
sugarcane,grand_growth,1,34.49,1314.4,25.65,22.23,82.48,396.83,901.0,47.52,56.46,70,90,1200,0,1,1,CRITICAL
sugarcane,grand_growth,1,92.59,1560.12,34.69,30.88,31.48,92.6,379.0,24.63,745.85,70,90,1200,0,1,1,POOR
sugarcane,grand_growth,1,58.25,1537.98,19.72,15.19,25.06,3.69,131.7,16.12,131.91,70,90,1200,0,1,0,CRITICAL
sugarcane,grand_growth,1,61.9,1878.91,47.34,42.33,48.69,14.31,58.47,7.33,106.97,70,90,1200,0,1,0,CRITICAL
sugarcane,grand_growth,1,75.78,1438.61,21.45,16.66,66.52,85.01,127.41,5.57,413.17,70,90,1200,0,1,1,POOR
sugarcane,grand_growth,1,70.0,1939.84,44.43,40.02,60.23,88.37,164.01,2.09,141.63,70,90,1200,0,1,0,CRITICAL
sugarcane,grand_growth,1,45.55,266.36,36.45,31.15,29.34,6.69,104.28,24.13,160.09,70,90,1200,1,0,0,POOR
sugarcane,grand_growth,1,36.32,1305.6,44.15,41.23,31.14,84.79,219.21,143.59,1.2,70,90,1200,0,1,1,CRITICAL
sugarcane,grand_growth,1,14.9,206.83,20.69,16.67,42.61,83.79,84.15,20.94,715.12,70,90,1200,1,0,1,POOR
sugarcane,grand_growth,1,44.59,1174.99,29.93,24.03,78.88,4.42,252.7,14.41,183.29,70,90,1200,1,0,0,MODERATE
sugarcane,grand_growth,1,11.08,215.36,46.34,41.55,70.67,33.41,239.36,244.03,109.88,70,90,1200,1,0,1,CRITICAL
sugarcane,grand_growth,1,47.7,798.54,34.5,29.37,71.01,18.61,209.5,16.82,160.32,70,90,1200,1,0,0,MODERATE
sugarcane,grand_growth,1,99.64,179.62,25.76,23.61,87.16,75.56,1048.72,118.42,103.4,70,90,1200,0,0,1,MODERATE
sugarcane,grand_growth,1,84.81,737.78,26.75,24.26,61.66,485.14,189.23,13.7,3.96,70,90,1200,0,0,1,MODERATE
sugarcane,grand_growth,1,74.9,1711.46,32.73,27.64,67.89,224.06,353.55,286.75,150.26,70,90,1200,0,1,1,POOR
sugarcane,grand_growth,1,16.49,1341.95,15.26,13.07,80.58,47.76,25.1,5.48,21.58,70,90,1200,0,1,0,CRITICAL
sugarcane,grand_growth,1,85.59,1660.55,42.2,38.32,43.26,41.54,1285.6,23.6,195.87,70,90,1200,0,1,1,CRITICAL
sugarcane,grand_growth,1,12.08,984.83,35.67,32.56,26.66,53.24,207.77,6.76,112.0,70,90,1200,1,0,0,POOR
sugarcane,grand_growth,1,26.55,1990.54,16.07,11.9,68.64,77.22,239.22,11.34,113.99,70,90,1200,0,1,0,CRITICAL
sugarcane,grand_growth,1,52.68,137.89,18.96,16.09,99.25,80.85,207.57,265.64,93.81,70,90,1200,1,0,1,CRITICAL
sugarcane,grand_growth,1,10.85,1707.29,29.82,25.93,48.8,43.27,323.35,8.47,151.61,70,90,1200,0,1,0,POOR
sugarcane,grand_growth,1,87.76,1257.17,16.12,13.34,91.29,38.1,83.17,266.02,138.02,70,90,1200,0,1,1,CRITICAL
sugarcane,grand_growth,1,57.82,1837.71,29.27,24.9,34.88,24.46,174.18,17.45,0.71,70,90,1200,0,1,0,POOR
sugarcane,grand_growth,1,94.61,982.01,37.57,32.16,38.83,54.01,157.11,15.39,112.12,70,90,1200,0,0,0,GOOD
sugarcane,grand_growth,1,93.36,915.36,36.48,34.41,39.08,355.18,301.15,11.69,173.12,70,90,1200,0,0,1,MODERATE
sugarcane,grand_growth,1,23.78,1666.48,42.2,38.27,73.77,343.29,386.77,7.6,8.76,70,90,1200,0,1,1,CRITICAL
sugarcane,grand_growth,1,34.75,228.58,28.65,23.14,49.3,69.56,243.88,24.72,167.56,70,90,1200,1,0,0,MODERATE
sugarcane,grand_growth,1,54.06,1304.88,16.17,12.77,72.58,421.51,14.96,22.93,779.25,70,90,1200,0,1,1,CRITICAL
sugarcane,grand_growth,1,30.92,795.76,28.78,23.4,30.95,272.83,135.92,5.99,147.48,70,90,1200,1,0,1,POOR
sugarcane,grand_growth,1,97.34,939.27,47.33,44.83,87.68,3.84,342.52,22.39,174.2,70,90,1200,0,0,0,MODERATE
sugarcane,grand_growth,1,26.32,344.64,38.83,35.73,64.71,68.88,248.14,21.38,168.17,70,90,1200,1,0,0,MODERATE
sugarcane,grand_growth,1,47.2,1375.28,18.05,12.74,95.42,182.14,1308.85,16.52,872.35,70,90,1200,0,1,1,CRITICAL
sugarcane,grand_growth,1,61.94,461.47,26.44,22.99,43.13,74.67,338.45,17.47,88.62,70,90,1200,1,0,0,MODERATE
sugarcane,grand_growth,1,94.35,571.6,36.88,31.11,85.46,12.26,131.76,7.29,105.49,70,90,1200,0,0,0,GOOD
sugarcane,grand_growth,1,25.74,715.83,19.2,13.96,30.58,72.32,226.42,23.43,172.42,70,90,1200,1,0,0,POOR
sugarcane,grand_growth,1,73.19,1119.9,31.6,28.33,75.13,311.01,35.82,9.46,98.49,70,90,1200,0,0,1,MODERATE
sugarcane,grand_growth,1,29.12,454.81,36.36,33.99,44.47,83.08,267.45,13.97,454.71,70,90,1200,1,0,1,POOR
sugarcane,grand_growth,1,31.21,1084.58,29.14,24.86,59.85,72.72,1489.04,9.1,87.48,70,90,1200,1,0,1,POOR
sugarcane,grand_growth,1,84.38,864.63,41.36,37.89,78.81,43.55,50.01,15.9,834.24,70,90,1200,0,0,1,POOR
sugarcane,grand_growth,1,42.2,1250.91,40.76,35.7,91.27,83.19,322.98,19.55,9.65,70,90,1200,0,1,0,CRITICAL
sugarcane,grand_growth,1,92.78,297.25,39.67,34.2,90.2,41.67,58.94,10.19,170.24,70,90,1200,0,0,0,GOOD
sugarcane,grand_growth,1,83.07,130.33,41.22,38.43,47.67,30.8,382.54,18.94,148.18,70,90,1200,0,0,0,MODERATE
sugarcane,grand_growth,1,65.27,1747.29,37.42,31.44,42.62,84.55,353.22,23.14,8.35,70,90,1200,0,1,0,POOR
sugarcane,grand_growth,1,14.81,1285.39,18.96,13.96,52.72,5.18,309.15,17.47,781.53,70,90,1200,0,1,1,CRITICAL
sugarcane,grand_growth,1,64.99,1887.28,33.4,29.4,35.78,77.88,34.84,97.23,179.87,70,90,1200,0,1,1,CRITICAL
sugarcane,grand_growth,1,63.67,1787.3,28.41,26.16,57.63,55.37,313.37,13.78,55.03,70,90,1200,0,1,0,POOR
sugarcane,grand_growth,1,81.91,344.44,30.27,27.05,52.11,54.06,48.68,112.87,13.2,70,90,1200,0,0,1,MODERATE
sugarcane,grand_growth,1,23.61,1153.24,26.17,23.34,99.89,374.35,1087.09,18.11,72.03,70,90,1200,1,0,1,POOR
sugarcane,grand_growth,1,39.42,1549.18,23.29,18.1,32.17,21.74,318.16,1.83,169.4,70,90,1200,0,1,0,POOR
sugarcane,grand_growth,1,16.79,470.84,47.33,44.65,26.89,78.55,179.14,10.61,32.92,70,90,1200,1,0,0,CRITICAL
sugarcane,grand_growth,1,67.5,1256.65,36.86,31.36,49.23,62.74,361.2,21.14,116.46,70,90,1200,0,1,0,POOR
sugarcane,grand_growth,1,18.83,1744.26,39.9,36.49,38.11,38.79,977.88,10.35,65.94,70,90,1200,0,1,0,POOR
sugarcane,grand_growth,1,96.78,455.88,36.25,33.19,63.95,54.16,352.09,11.56,162.96,70,90,1200,0,0,0,GOOD
sugarcane,grand_growth,1,38.35,816.27,45.15,39.31,79.19,74.94,238.03,108.07,104.06,70,90,1200,1,0,1,CRITICAL
sugarcane,grand_growth,1,13.61,1101.04,44.46,42.25,89.34,61.34,801.2,18.71,10.89,70,90,1200,1,0,0,POOR
sugarcane,grand_growth,1,24.45,1378.85,47.96,42.81,55.72,81.42,370.28,12.7,86.38,70,90,1200,0,1,0,CRITICAL
sugarcane,grand_growth,1,29.24,1971.14,31.3,26.04,86.38,98.15,380.13,20.54,83.57,70,90,1200,0,1,0,POOR
sugarcane,grand_growth,1,70.46,1618.23,42.76,39.74,65.72,2.5,348.67,19.9,113.38,70,90,1200,0,1,0,POOR
sugarcane,grand_growth,1,46.55,331.28,38.73,36.05,58.59,56.04,372.18,2.26,12.59,70,90,1200,1,0,0,MODERATE
sugarcane,grand_growth,1,57.12,1277.07,30.3,25.36,47.88,17.64,170.75,6.0,190.23,70,90,1200,0,1,0,POOR
sugarcane,grand_growth,1,57.81,599.57,21.61,16.99,93.74,21.29,256.66,17.29,59.99,70,90,1200,1,0,0,MODERATE
sugarcane,grand_growth,1,85.07,286.64,25.91,22.76,24.63,429.57,374.41,10.3,114.06,70,90,1200,0,0,1,POOR
sugarcane,grand_growth,1,62.37,149.23,30.85,27.33,48.46,436.21,355.25,2.46,55.33,70,90,1200,1,0,1,POOR
sugarcane,grand_growth,1,24.57,1924.61,39.18,36.99,44.54,5.03,287.19,14.7,192.11,70,90,1200,0,1,0,POOR
sugarcane,grand_growth,1,54.59,1851.7,27.55,21.62,63.45,21.81,15.71,321.61,23.4,70,90,1200,0,1,1,CRITICAL
sugarcane,grand_growth,1,21.66,230.81,36.99,32.09,87.47,304.87,15.15,23.04,85.09,70,90,1200,1,0,1,POOR
sugarcane,grand_growth,1,73.53,391.94,30.28,27.71,68.36,358.04,368.37,1.07,56.79,70,90,1200,0,0,1,MODERATE
sugarcane,grand_growth,1,98.1,1522.61,42.18,37.7,62.3,72.16,274.91,19.55,83.83,70,90,1200,0,1,0,POOR
sugarcane,grand_growth,1,21.85,121.75,16.75,13.67,42.27,38.18,79.08,24.72,38.09,70,90,1200,1,0,0,POOR
sugarcane,grand_growth,1,42.35,871.87,15.13,12.12,43.14,45.27,267.39,13.69,105.52,70,90,1200,1,0,0,POOR
sugarcane,grand_growth,1,86.35,1871.28,42.3,39.91,43.18,71.13,1317.31,2.34,726.99,70,90,1200,0,1,1,CRITICAL
sugarcane,grand_growth,1,85.48,157.98,31.06,27.43,99.77,42.73,245.85,21.7,196.47,70,90,1200,0,0,0,GOOD
sugarcane,grand_growth,1,52.37,1748.44,33.57,29.54,26.94,96.2,164.7,17.21,98.15,70,90,1200,0,1,0,CRITICAL
sugarcane,grand_growth,1,83.48,253.41,18.79,16.59,36.03,17.68,21.72,15.17,0.41,70,90,1200,0,0,0,MODERATE
sugarcane,grand_growth,1,58.16,348.21,39.59,36.84,29.27,343.0,167.49,19.15,182.12,70,90,1200,1,0,1,CRITICAL
sugarcane,grand_growth,1,64.35,934.58,19.77,14.65,58.19,62.56,1039.68,24.14,171.0,70,90,1200,1,0,1,CRITICAL
sugarcane,grand_growth,1,18.38,593.09,19.54,17.43,99.02,83.15,11.09,343.8,47.73,70,90,1200,1,0,1,CRITICAL
sugarcane,grand_growth,1,22.47,1607.04,44.8,41.57,90.15,5.5,110.7,10.4,171.07,70,90,1200,0,1,0,CRITICAL
sugarcane,grand_growth,1,49.64,892.42,28.53,24.52,25.95,87.0,1255.33,159.77,73.07,70,90,1200,1,0,1,CRITICAL
sugarcane,grand_growth,1,14.38,1480.88,26.56,23.2,77.27,32.2,329.54,3.31,131.58,70,90,1200,0,1,0,POOR
sugarcane,grand_growth,1,54.22,1690.52,42.03,40.02,53.11,65.61,251.3,208.43,138.58,70,90,1200,0,1,1,CRITICAL
sugarcane,grand_growth,1,60.11,730.14,21.13,17.13,47.31,3.87,247.53,7.16,176.71,70,90,1200,1,0,0,MODERATE
sugarcane,grand_growth,1,53.02,684.0,24.45,20.65,58.55,43.33,22.91,255.81,3.48,70,90,1200,1,0,1,POOR
sugarcane,grand_growth,1,61.63,68.9,35.01,32.55,26.25,395.08,1.35,9.12,71.19,70,90,1200,1,0,1,CRITICAL
sugarcane,grand_growth,1,56.54,1610.17,20.75,17.47,61.71,76.76,395.53,236.93,509.46,70,90,1200,0,1,1,CRITICAL
sugarcane,grand_growth,1,58.4,90.31,33.92,31.64,62.21,82.53,353.04,12.47,59.63,70,90,1200,1,0,0,MODERATE
sugarcane,grand_growth,1,34.48,1112.14,22.54,17.8,47.81,8.98,329.95,1.17,195.28,70,90,1200,1,0,0,MODERATE
sugarcane,grand_growth,1,88.3,465.09,31.05,27.02,24.78,12.57,105.77,192.8,196.75,70,90,1200,0,0,1,POOR
sugarcane,grand_growth,1,51.15,944.69,42.74,39.31,63.97,60.93,98.74,2.48,188.2,70,90,1200,1,0,0,POOR
sugarcane,grand_growth,1,40.15,1105.71,43.59,40.78,57.48,49.89,312.34,283.95,118.08,70,90,1200,1,0,1,CRITICAL
sugarcane,grand_growth,1,74.04,1579.47,46.17,43.41,72.88,20.03,309.2,20.34,149.64,70,90,1200,0,1,0,POOR
sugarcane,grand_growth,1,91.55,1207.49,45.73,40.34,90.13,495.56,135.04,18.13,138.96,70,90,1200,0,1,1,CRITICAL
sugarcane,grand_growth,1,35.74,1683.92,30.53,26.07,84.04,32.34,382.67,19.01,59.55,70,90,1200,0,1,0,POOR
sugarcane,grand_growth,1,23.82,754.85,18.12,12.74,44.48,65.36,285.46,15.3,145.55,70,90,1200,1,0,0,POOR
sugarcane,grand_growth,1,55.53,957.17,35.92,33.63,85.55,5.83,137.92,10.65,160.33,70,90,1200,1,0,0,MODERATE
sugarcane,grand_growth,1,10.93,85.54,22.6,17.11,82.47,76.99,391.63,7.37,147.72,70,90,1200,1,0,0,MODERATE
sugarcane,grand_growth,1,76.08,1808.69,42.04,37.89,99.29,52.97,59.49,10.38,76.22,70,90,1200,0,1,0,POOR
sugarcane,grand_growth,1,44.96,866.59,23.99,21.47,44.0,4.28,58.26,15.39,89.82,70,90,1200,1,0,0,MODERATE
sugarcane,grand_growth,1,11.91,1307.8,35.08,31.18,90.06,50.86,1315.82,2.82,140.57,70,90,1200,0,1,1,CRITICAL
sugarcane,grand_growth,1,33.57,1485.41,42.9,40.26,35.42,33.94,301.03,4.39,18.36,70,90,1200,0,1,0,CRITICAL
sugarcane,grand_growth,1,62.91,1460.39,22.35,17.08,22.69,44.4,273.48,12.81,27.39,70,90,1200,0,1,0,CRITICAL
sugarcane,grand_growth,1,35.42,450.98,23.05,20.15,75.83,95.58,327.24,23.77,140.62,70,90,1200,1,0,0,MODERATE
sugarcane,grand_growth,1,84.75,1364.51,32.09,26.71,41.19,395.53,399.32,15.02,56.24,70,90,1200,0,1,1,POOR
sugarcane,grand_growth,1,13.49,1238.57,43.87,38.18,61.39,76.59,25.16,13.73,128.93,70,90,1200,0,1,0,CRITICAL
sugarcane,grand_growth,1,99.98,1734.56,21.97,16.12,47.21,60.78,1467.21,20.48,459.08,70,90,1200,0,1,1,POOR
sugarcane,grand_growth,1,28.92,1151.37,18.47,15.73,66.84,63.46,219.82,178.92,16.51,70,90,1200,1,0,1,CRITICAL
sugarcane,grand_growth,1,80.42,1849.4,42.14,37.27,24.61,21.38,187.33,22.32,91.48,70,90,1200,0,1,0,CRITICAL
sugarcane,grand_growth,1,22.34,412.06,17.68,13.65,74.18,93.4,345.58,1.41,199.48,70,90,1200,1,0,0,POOR
sugarcane,grand_growth,1,83.24,1323.86,15.6,13.53,85.5,73.92,34.69,378.86,115.2,70,90,1200,0,1,1,CRITICAL
sugarcane,grand_growth,1,77.71,902.81,27.85,24.79,94.97,83.44,232.53,19.78,185.87,70,90,1200,0,0,0,GOOD
sugarcane,grand_growth,1,93.59,1806.57,16.74,14.22,50.98,92.94,204.93,18.06,875.4,70,90,1200,0,1,1,CRITICAL
sugarcane,grand_growth,1,92.26,1838.89,20.88,15.3,36.98,83.81,159.41,15.15,148.72,70,90,1200,0,1,0,MODERATE
sugarcane,grand_growth,1,43.81,1777.68,38.26,34.59,34.64,9.66,148.26,21.1,39.86,70,90,1200,0,1,0,POOR
sugarcane,grand_growth,1,17.81,1965.24,30.11,26.54,35.93,49.54,192.17,19.68,437.02,70,90,1200,0,1,1,CRITICAL
sugarcane,grand_growth,1,33.39,1150.99,27.3,24.21,62.17,68.9,210.52,24.36,89.27,70,90,1200,1,0,0,MODERATE
sugarcane,grand_growth,1,24.29,891.2,44.6,41.58,48.95,178.8,288.11,2.32,186.7,70,90,1200,1,0,0,POOR
sugarcane,grand_growth,1,95.56,1665.71,36.64,34.49,43.02,30.82,375.75,10.66,90.7,70,90,1200,0,1,0,MODERATE
sugarcane,grand_growth,1,24.08,720.79,16.42,14.39,89.59,64.13,1315.32,322.67,5.8,70,90,1200,1,0,1,CRITICAL
sugarcane,grand_growth,1,83.96,76.8,34.75,29.18,31.81,499.93,1079.29,23.07,116.71,70,90,1200,0,0,1,MODERATE
sugarcane,grand_growth,1,80.47,107.17,16.62,12.59,33.64,29.37,113.41,2.03,121.87,70,90,1200,0,0,0,MODERATE
sugarcane,grand_growth,1,12.7,1721.02,31.42,27.77,81.03,3.32,220.65,1.54,92.38,70,90,1200,0,1,0,POOR
sugarcane,grand_growth,1,67.97,1769.88,36.65,31.56,87.0,22.61,223.56,330.37,57.95,70,90,1200,0,1,1,CRITICAL
sugarcane,grand_growth,1,38.32,357.67,39.39,34.6,65.6,484.29,117.21,16.28,481.62,70,90,1200,1,0,1,POOR
sugarcane,grand_growth,1,66.99,1593.15,27.24,22.89,80.0,43.51,1404.23,7.04,96.64,70,90,1200,0,1,1,CRITICAL
sugarcane,grand_growth,1,58.1,854.42,28.87,26.06,76.62,60.96,45.5,15.27,122.26,70,90,1200,1,0,0,MODERATE
sugarcane,grand_growth,1,80.41,1716.58,24.18,18.92,51.33,48.76,1214.15,18.84,28.42,70,90,1200,0,1,1,POOR
sugarcane,grand_growth,1,55.16,1316.85,29.01,24.76,45.66,8.59,393.05,160.74,67.77,70,90,1200,0,1,1,CRITICAL
sugarcane,grand_growth,1,67.08,1590.36,24.24,21.77,21.95,340.06,25.25,7.06,88.16,70,90,1200,0,1,1,CRITICAL
sugarcane,grand_growth,1,26.42,460.34,19.3,14.13,58.18,53.98,37.56,21.25,114.55,70,90,1200,1,0,0,POOR
sugarcane,grand_growth,1,27.49,1071.9,40.34,36.79,97.75,57.79,1116.04,7.69,159.81,70,90,1200,1,0,1,CRITICAL
sugarcane,grand_growth,1,86.24,670.75,38.52,32.55,34.17,41.75,253.22,159.93,79.27,70,90,1200,0,0,1,MODERATE
sugarcane,grand_growth,1,21.49,1374.02,31.8,27.34,44.25,65.35,32.46,21.38,176.67,70,90,1200,0,1,0,POOR
sugarcane,grand_growth,1,74.85,1761.68,34.89,29.11,38.61,92.43,318.41,24.65,168.31,70,90,1200,0,1,0,MODERATE
sugarcane,grand_growth,1,86.57,318.24,18.16,12.28,69.94,91.98,251.39,17.17,10.17,70,90,1200,0,0,0,MODERATE
sugarcane,grand_growth,1,69.2,1151.34,30.39,26.22,42.08,80.47,156.35,24.13,58.23,70,90,1200,1,0,0,MODERATE
sugarcane,grand_growth,1,47.56,654.65,47.64,41.64,58.62,78.48,271.74,23.06,150.22,70,90,1200,1,0,0,POOR
sugarcane,grand_growth,1,20.04,183.61,30.19,26.85,60.47,96.58,39.04,13.06,59.48,70,90,1200,1,0,0,MODERATE
sugarcane,grand_growth,1,48.0,379.66,22.89,18.04,62.79,35.8,13.56,188.52,51.25,70,90,1200,1,0,1,POOR
sugarcane,grand_growth,1,79.33,1020.32,32.7,27.26,79.14,96.63,246.14,8.51,121.48,70,90,1200,0,0,0,GOOD
sugarcane,grand_growth,1,40.58,957.47,16.45,10.9,92.3,66.17,293.62,22.66,185.72,70,90,1200,1,0,0,POOR
sugarcane,grand_growth,1,77.96,1860.57,43.33,38.34,70.92,24.12,176.01,10.03,53.99,70,90,1200,0,1,0,POOR
sugarcane,grand_growth,1,73.56,1019.71,27.31,21.71,76.54,297.45,69.17,0.17,797.35,70,90,1200,0,0,1,MODERATE
sugarcane,grand_growth,1,13.1,124.02,43.21,38.98,90.62,69.46,155.94,17.81,17.09,70,90,1200,1,0,0,POOR
sugarcane,grand_growth,1,60.7,842.61,27.2,24.1,81.37,78.26,254.97,7.65,466.21,70,90,1200,1,0,1,POOR
sugarcane,grand_growth,1,67.98,508.81,43.11,38.29,55.37,98.98,293.38,319.34,23.71,70,90,1200,1,0,1,CRITICAL
sugarcane,grand_growth,1,45.95,566.93,29.83,27.38,44.28,7.09,236.12,2.57,6.59,70,90,1200,1,0,0,MODERATE
sugarcane,grand_growth,1,28.65,1688.97,44.11,39.81,90.85,2.92,256.96,88.73,66.07,70,90,1200,0,1,1,CRITICAL
sugarcane,grand_growth,1,62.51,1609.13,33.68,30.46,38.67,17.48,203.47,15.5,47.9,70,90,1200,0,1,0,POOR
sugarcane,grand_growth,1,36.95,131.18,21.03,18.39,65.47,16.93,351.83,4.33,134.37,70,90,1200,1,0,0,MODERATE
sugarcane,maturation,0,50.38,325.32,41.83,39.49,80.17,4.26,128.95,4.64,152.03,45,65,1200,0,0,0,MODERATE
sugarcane,maturation,0,52.27,758.09,39.18,33.8,88.35,12.11,4.87,20.24,65.19,45,65,1200,0,0,0,GOOD
sugarcane,maturation,0,58.74,1373.88,45.05,41.37,72.47,91.84,161.16,307.59,152.8,45,65,1200,0,1,1,CRITICAL
sugarcane,maturation,0,67.98,1937.05,43.72,38.61,74.84,35.85,166.47,22.31,171.4,45,65,1200,0,1,0,POOR
sugarcane,maturation,0,60.66,475.61,23.03,17.23,77.88,9.04,113.39,260.8,72.23,45,65,1200,0,0,1,MODERATE
sugarcane,maturation,0,94.03,1081.03,30.39,24.82,60.57,48.06,1207.16,24.1,176.29,45,65,1200,0,0,1,MODERATE
sugarcane,maturation,0,26.15,1339.51,24.11,19.02,53.12,39.84,285.61,11.98,194.72,45,65,1200,0,1,0,POOR
sugarcane,maturation,0,26.12,460.56,22.16,19.85,92.54,50.25,130.26,16.44,115.41,45,65,1200,1,0,0,MODERATE
sugarcane,maturation,0,26.35,199.27,30.97,26.44,23.71,13.79,304.0,5.1,76.23,45,65,1200,1,0,0,POOR
sugarcane,maturation,0,55.21,1990.7,36.97,34.14,59.96,81.34,13.38,4.06,768.47,45,65,1200,0,1,1,POOR
sugarcane,maturation,0,41.39,1669.5,21.49,19.35,22.3,65.82,390.7,15.33,129.54,45,65,1200,0,1,0,CRITICAL
sugarcane,maturation,0,49.37,1785.16,37.51,33.26,29.37,57.47,287.66,19.31,174.86,45,65,1200,0,1,0,POOR
sugarcane,maturation,0,99.13,679.26,17.2,12.91,89.46,61.75,289.74,11.75,27.16,45,65,1200,0,0,0,MODERATE
sugarcane,maturation,0,40.99,239.99,30.12,25.04,77.37,49.66,294.11,21.94,17.8,45,65,1200,1,0,0,MODERATE
sugarcane,maturation,0,54.73,1842.45,40.98,38.81,43.98,18.76,363.26,12.14,192.75,45,65,1200,0,1,0,POOR
sugarcane,maturation,0,38.17,918.25,41.64,38.69,82.63,20.4,341.51,19.31,166.94,45,65,1200,1,0,0,POOR
sugarcane,maturation,0,92.66,314.8,33.39,29.15,88.95,34.13,66.88,4.93,61.21,45,65,1200,0,0,0,GOOD
sugarcane,maturation,0,96.42,1990.55,44.63,40.8,84.63,83.43,382.73,16.56,91.28,45,65,1200,0,1,0,POOR
sugarcane,maturation,0,81.53,1339.1,47.14,44.15,31.68,34.26,184.24,18.95,155.24,45,65,1200,0,1,0,POOR
sugarcane,maturation,0,76.87,625.2,40.98,38.56,98.94,33.7,1210.12,16.19,56.25,45,65,1200,0,0,1,POOR
sugarcane,maturation,0,32.68,559.8,24.82,21.34,66.13,21.64,818.28,13.68,34.76,45,65,1200,1,0,0,MODERATE
sugarcane,maturation,0,53.25,1972.07,26.09,23.69,66.95,420.59,123.07,19.59,15.44,45,65,1200,0,1,1,POOR
sugarcane,maturation,0,96.4,1130.94,32.47,26.58,59.87,67.67,1346.16,7.89,114.32,45,65,1200,0,0,1,MODERATE
sugarcane,maturation,0,91.74,1897.22,29.71,25.66,29.29,32.56,230.61,11.06,93.86,45,65,1200,0,1,0,POOR
sugarcane,maturation,0,49.66,473.37,25.17,22.05,92.87,378.43,72.89,21.41,38.83,45,65,1200,0,0,1,MODERATE
sugarcane,maturation,0,81.33,538.35,23.43,20.31,79.71,92.42,104.97,8.75,127.81,45,65,1200,0,0,0,GOOD
sugarcane,maturation,0,44.87,1960.48,31.06,25.16,40.4,400.97,277.44,24.63,135.59,45,65,1200,0,1,1,CRITICAL
sugarcane,maturation,0,38.77,134.54,40.4,38.2,37.93,196.46,248.73,24.8,32.17,45,65,1200,1,0,0,POOR
sugarcane,maturation,0,20.16,514.37,30.66,26.59,94.77,9.07,45.31,11.49,67.87,45,65,1200,1,0,0,MODERATE
sugarcane,maturation,0,43.52,557.65,19.12,17.02,35.47,24.74,327.06,5.2,62.21,45,65,1200,1,0,0,POOR
sugarcane,maturation,0,85.35,1089.23,44.58,39.63,24.42,55.95,332.79,15.84,2.21,45,65,1200,0,0,0,POOR
sugarcane,maturation,0,79.73,1421.06,33.72,29.7,77.21,5.72,191.12,4.82,82.55,45,65,1200,0,1,0,MODERATE
sugarcane,maturation,0,17.79,1590.07,32.32,29.49,52.68,13.11,162.11,14.4,142.67,45,65,1200,0,1,0,POOR
sugarcane,maturation,0,93.65,155.17,21.46,17.95,45.92,51.07,307.2,10.18,170.38,45,65,1200,0,0,0,GOOD
sugarcane,maturation,0,81.42,780.05,18.35,12.67,47.57,468.17,105.16,10.96,51.95,45,65,1200,0,0,1,POOR
sugarcane,maturation,0,87.26,1303.54,42.36,36.91,54.8,492.24,319.16,22.37,54.1,45,65,1200,0,1,1,CRITICAL
sugarcane,maturation,0,36.64,565.22,18.49,16.35,82.67,10.8,303.87,162.3,55.92,45,65,1200,1,0,1,CRITICAL
sugarcane,maturation,0,15.12,1580.59,40.98,38.2,85.88,203.0,853.81,13.93,134.09,45,65,1200,0,1,0,CRITICAL
sugarcane,maturation,0,76.56,401.3,27.68,23.34,69.55,27.07,44.91,395.63,31.94,45,65,1200,0,0,1,MODERATE
sugarcane,maturation,0,46.72,1089.08,42.15,40.01,98.95,94.06,220.26,12.41,58.51,45,65,1200,0,0,0,MODERATE
sugarcane,maturation,0,44.93,662.77,43.98,39.25,77.26,61.86,171.67,21.9,49.07,45,65,1200,1,0,0,POOR
sugarcane,maturation,0,74.11,831.73,30.25,27.27,42.52,17.95,107.28,45.1,651.91,45,65,1200,0,0,1,MODERATE
sugarcane,maturation,0,88.28,764.78,18.83,15.82,36.7,341.84,195.88,15.05,159.9,45,65,1200,0,0,1,POOR
sugarcane,maturation,0,28.64,1508.28,23.93,20.37,84.24,33.98,390.15,3.04,143.75,45,65,1200,0,1,0,POOR
sugarcane,maturation,0,77.03,678.47,44.76,41.65,75.51,16.48,1273.16,24.84,178.37,45,65,1200,0,0,1,POOR
sugarcane,maturation,0,48.07,1393.2,32.32,27.81,73.33,63.12,285.56,21.34,189.33,45,65,1200,0,1,0,MODERATE
sugarcane,maturation,0,36.23,392.36,29.73,24.51,44.57,29.49,970.34,8.65,192.54,45,65,1200,1,0,0,MODERATE
sugarcane,maturation,0,78.71,384.03,16.08,12.26,64.05,28.71,389.31,0.56,95.39,45,65,1200,0,0,0,MODERATE
sugarcane,maturation,0,86.08,615.49,26.43,23.83,88.59,65.22,61.09,12.41,199.72,45,65,1200,0,0,0,GOOD
sugarcane,maturation,0,43.42,380.17,39.39,35.87,66.47,66.13,213.11,11.02,127.1,45,65,1200,1,0,0,MODERATE
sugarcane,maturation,0,83.63,55.71,27.16,24.06,54.56,61.53,291.54,12.53,64.02,45,65,1200,0,0,0,GOOD
sugarcane,maturation,0,75.65,1201.9,33.01,29.72,51.64,88.74,21.25,17.27,813.25,45,65,1200,0,1,1,POOR
sugarcane,maturation,0,47.33,1130.85,15.24,13.21,25.96,71.95,1394.98,22.0,132.38,45,65,1200,0,0,1,CRITICAL
sugarcane,maturation,0,96.61,1556.5,23.68,20.55,40.33,32.88,967.43,23.93,191.69,45,65,1200,0,1,0,MODERATE
sugarcane,maturation,0,57.49,114.68,24.9,20.11,97.34,56.87,196.01,11.13,55.25,45,65,1200,0,0,0,GOOD
sugarcane,maturation,0,59.65,238.63,21.06,18.61,25.06,24.68,278.35,3.62,683.94,45,65,1200,0,0,1,POOR
sugarcane,maturation,0,58.5,174.43,34.79,30.85,92.55,36.32,288.6,293.15,99.17,45,65,1200,0,0,1,MODERATE
sugarcane,maturation,0,53.1,1177.55,16.28,13.54,37.17,38.28,66.22,12.89,43.08,45,65,1200,0,0,0,MODERATE
sugarcane,maturation,0,93.88,1286.6,38.77,33.53,28.48,261.5,192.07,16.26,32.66,45,65,1200,0,1,1,CRITICAL
sugarcane,maturation,0,38.19,807.09,22.72,19.8,91.44,32.65,323.62,10.99,720.04,45,65,1200,1,0,1,POOR
sugarcane,maturation,0,22.11,314.43,30.25,24.58,21.73,27.63,9.88,11.94,149.32,45,65,1200,1,0,0,POOR
sugarcane,maturation,0,94.62,862.78,43.43,40.7,56.1,0.89,363.72,20.85,118.24,45,65,1200,0,0,0,MODERATE
sugarcane,maturation,0,22.12,345.61,37.31,31.41,39.75,336.21,155.55,344.65,168.48,45,65,1200,1,0,1,POOR
sugarcane,maturation,0,90.96,948.56,46.0,42.46,78.28,71.04,14.15,13.33,168.26,45,65,1200,0,0,0,MODERATE
sugarcane,maturation,0,55.72,1056.61,25.72,22.02,89.77,51.79,864.81,10.9,417.44,45,65,1200,0,0,1,MODERATE
sugarcane,maturation,0,84.68,1675.84,30.41,25.23,66.01,50.35,30.86,22.6,50.86,45,65,1200,0,1,0,MODERATE
sugarcane,maturation,0,49.48,147.08,20.73,18.12,69.38,41.18,129.69,1.4,128.67,45,65,1200,0,0,0,GOOD
sugarcane,maturation,0,23.85,616.81,25.85,21.87,61.61,63.01,396.05,21.06,84.94,45,65,1200,1,0,0,MODERATE
sugarcane,maturation,0,64.91,922.73,30.16,24.17,63.53,69.69,220.98,8.51,126.04,45,65,1200,0,0,0,GOOD
sugarcane,maturation,0,54.84,1093.67,35.04,29.86,33.06,455.31,328.63,13.09,180.84,45,65,1200,0,0,1,MODERATE
sugarcane,maturation,0,36.85,344.65,43.8,40.15,35.25,14.72,48.42,24.93,147.42,45,65,1200,1,0,0,POOR
sugarcane,maturation,0,57.31,677.35,33.1,29.77,34.69,163.45,58.51,1.82,199.35,45,65,1200,0,0,0,GOOD
sugarcane,maturation,0,24.46,835.25,29.63,26.0,47.01,76.72,193.06,3.76,773.07,45,65,1200,1,0,1,POOR
sugarcane,maturation,0,93.03,1242.33,31.88,27.74,57.33,406.21,18.13,20.82,93.83,45,65,1200,0,1,1,POOR
sugarcane,maturation,0,70.11,87.99,36.53,33.57,89.35,75.16,117.2,24.67,802.82,45,65,1200,0,0,1,MODERATE
sugarcane,maturation,0,10.46,1071.2,29.96,26.3,60.31,40.35,199.94,18.46,197.62,45,65,1200,1,0,0,MODERATE
sugarcane,maturation,0,64.22,678.61,37.28,33.45,86.57,419.93,328.45,21.73,24.2,45,65,1200,0,0,1,MODERATE
sugarcane,maturation,0,91.07,302.36,41.26,37.74,69.45,76.37,46.15,5.46,120.53,45,65,1200,0,0,0,MODERATE
sugarcane,maturation,0,82.19,503.42,15.62,13.11,33.21,411.63,284.26,335.19,148.59,45,65,1200,0,0,1,POOR
sugarcane,maturation,0,82.7,288.9,20.06,16.69,79.77,6.6,194.3,15.64,86.42,45,65,1200,0,0,0,GOOD
sugarcane,maturation,0,24.83,706.43,39.25,36.65,41.23,67.64,377.48,7.61,115.75,45,65,1200,1,0,0,MODERATE
sugarcane,maturation,0,37.19,1833.52,17.03,13.13,40.21,38.17,181.3,18.94,40.37,45,65,1200,0,1,0,CRITICAL
sugarcane,maturation,0,51.66,1906.87,38.8,32.99,76.37,365.71,85.67,11.31,155.25,45,65,1200,0,1,1,POOR
sugarcane,maturation,0,66.68,1899.69,23.1,20.4,36.29,373.41,209.44,3.96,42.06,45,65,1200,0,1,1,POOR
sugarcane,maturation,0,92.63,709.08,29.82,26.88,26.79,51.26,312.39,185.04,701.66,45,65,1200,0,0,1,POOR
sugarcane,maturation,0,42.38,763.22,17.9,14.51,79.69,84.46,1311.69,17.38,175.4,45,65,1200,1,0,1,CRITICAL
sugarcane,maturation,0,63.7,420.49,22.51,19.94,95.55,12.49,328.62,19.25,110.6,45,65,1200,0,0,0,GOOD
sugarcane,maturation,0,11.99,644.33,43.54,40.58,49.43,38.96,326.97,16.97,139.34,45,65,1200,1,0,0,POOR
sugarcane,maturation,0,98.39,1995.66,19.67,13.97,74.04,46.64,337.11,49.22,190.36,45,65,1200,0,1,1,CRITICAL
sugarcane,maturation,0,93.92,1619.76,15.94,11.63,29.16,14.11,350.55,24.11,180.35,45,65,1200,0,1,0,CRITICAL
sugarcane,maturation,0,11.62,1061.83,30.48,26.39,54.6,90.66,213.16,20.04,410.92,45,65,1200,1,0,1,POOR
sugarcane,maturation,0,41.47,765.82,40.07,35.96,48.96,438.88,256.41,2.49,22.65,45,65,1200,1,0,1,CRITICAL
sugarcane,maturation,0,30.36,594.46,38.43,33.13,87.15,204.33,316.66,17.11,143.35,45,65,1200,1,0,0,MODERATE
sugarcane,maturation,0,53.67,1795.16,16.28,10.32,81.77,35.98,350.19,1.4,46.86,45,65,1200,0,1,0,POOR
sugarcane,maturation,0,28.78,1551.07,35.62,30.68,49.59,11.31,153.07,15.05,127.74,45,65,1200,0,1,0,POOR
sugarcane,maturation,0,38.68,767.3,31.53,28.27,40.04,37.53,337.85,24.27,13.5,45,65,1200,1,0,0,MODERATE
sugarcane,maturation,0,93.12,1478.63,45.83,41.17,99.61,46.7,1080.56,14.8,197.97,45,65,1200,0,1,1,CRITICAL
sugarcane,maturation,0,80.04,1686.2,28.0,23.83,53.13,29.39,194.13,15.93,419.33,45,65,1200,0,1,1,POOR
sugarcane,maturation,0,37.72,634.91,30.5,26.78,96.99,16.5,110.76,324.16,187.16,45,65,1200,1,0,1,POOR
sugarcane,maturation,0,75.38,1325.48,27.94,25.03,69.47,43.02,279.07,218.53,38.09,45,65,1200,0,1,1,POOR
sugarcane,maturation,0,34.13,481.99,46.34,42.97,24.79,89.98,146.94,16.57,796.14,45,65,1200,1,0,1,CRITICAL
sugarcane,maturation,0,93.05,807.79,34.49,28.79,20.35,62.74,1299.07,11.98,861.38,45,65,1200,0,0,1,POOR
sugarcane,maturation,0,98.64,1796.14,45.72,43.24,33.88,404.38,897.71,19.28,114.76,45,65,1200,0,1,1,CRITICAL
sugarcane,maturation,0,91.81,543.18,16.26,13.44,80.59,86.84,343.41,2.32,34.37,45,65,1200,0,0,0,MODERATE
sugarcane,maturation,0,77.27,499.27,38.99,36.06,71.02,44.09,374.19,24.22,153.81,45,65,1200,0,0,0,GOOD
sugarcane,maturation,0,59.11,1874.28,17.77,13.9,28.81,88.36,385.5,196.83,709.27,45,65,1200,0,1,1,CRITICAL
sugarcane,maturation,0,87.64,1110.82,46.06,43.22,90.79,30.94,372.01,18.73,78.45,45,65,1200,0,0,0,MODERATE
sugarcane,maturation,0,27.88,1639.47,31.57,25.96,65.26,44.69,148.68,21.5,174.65,45,65,1200,0,1,0,POOR
sugarcane,maturation,0,25.03,617.5,19.08,13.47,68.94,86.35,177.2,1.26,11.18,45,65,1200,1,0,0,POOR
sugarcane,maturation,0,29.09,564.62,18.48,16.17,67.67,431.66,1469.19,19.46,18.23,45,65,1200,1,0,1,CRITICAL
sugarcane,maturation,0,12.55,1642.0,27.09,24.33,52.61,70.33,295.15,13.1,540.92,45,65,1200,0,1,1,CRITICAL
sugarcane,maturation,0,96.42,1045.06,33.48,31.48,73.79,21.24,265.96,332.94,758.91,45,65,1200,0,0,1,MODERATE
sugarcane,maturation,0,91.8,1009.64,26.73,21.13,40.91,79.68,271.94,16.66,3.81,45,65,1200,0,0,0,GOOD
sugarcane,maturation,0,56.08,66.3,20.0,14.99,43.81,167.8,188.67,12.21,180.5,45,65,1200,0,0,0,GOOD
sugarcane,maturation,0,58.29,701.15,36.13,33.23,30.95,53.83,1182.53,18.98,193.8,45,65,1200,0,0,1,MODERATE
sugarcane,maturation,0,33.98,1984.21,20.82,15.82,51.62,35.69,316.35,16.29,505.82,45,65,1200,0,1,1,CRITICAL
sugarcane,maturation,0,98.79,245.79,44.46,39.9,85.43,10.91,204.25,7.44,406.06,45,65,1200,0,0,1,POOR
sugarcane,maturation,0,86.64,292.15,39.32,35.82,58.38,224.4,167.18,24.87,859.91,45,65,1200,0,0,1,MODERATE
sugarcane,maturation,0,69.13,409.09,40.88,35.59,87.96,40.39,309.07,0.5,125.72,45,65,1200,0,0,0,MODERATE
sugarcane,maturation,0,17.9,1380.63,35.29,29.88,61.48,303.15,223.76,11.57,101.23,45,65,1200,0,1,1,CRITICAL
sugarcane,maturation,0,54.65,361.51,27.07,21.63,88.53,49.06,17.64,14.85,101.59,45,65,1200,0,0,0,GOOD
sugarcane,maturation,0,29.4,895.03,32.44,28.77,39.01,12.47,1278.01,22.43,119.21,45,65,1200,1,0,1,POOR
sugarcane,maturation,0,22.83,1154.54,15.76,13.0,76.98,296.99,17.82,125.0,70.37,45,65,1200,1,0,1,CRITICAL
sugarcane,maturation,0,61.66,1719.81,28.4,25.39,53.67,90.48,1272.33,14.96,194.98,45,65,1200,0,1,1,POOR
sugarcane,maturation,0,84.68,71.63,23.49,20.62,28.87,93.78,134.07,15.12,199.16,45,65,1200,0,0,0,MODERATE
sugarcane,maturation,0,84.9,531.18,39.78,36.32,34.21,40.33,206.44,207.92,41.68,45,65,1200,0,0,1,MODERATE
sugarcane,maturation,0,34.79,55.07,19.13,14.1,71.94,474.45,107.71,16.06,147.43,45,65,1200,1,0,1,CRITICAL
sugarcane,maturation,0,68.44,778.99,15.35,9.53,81.79,69.56,268.03,22.96,404.11,45,65,1200,0,0,1,POOR
sugarcane,maturation,0,12.67,1569.71,44.4,39.95,71.32,223.81,329.49,10.59,79.73,45,65,1200,0,1,0,CRITICAL
sugarcane,maturation,0,69.18,1120.31,16.04,13.39,32.82,465.6,69.95,13.87,119.59,45,65,1200,0,0,1,POOR
sugarcane,maturation,0,44.55,1388.83,31.14,27.94,92.83,95.91,353.76,0.44,185.17,45,65,1200,0,1,0,POOR
sugarcane,maturation,0,27.13,1208.4,29.34,26.42,83.93,14.96,121.45,0.64,173.39,45,65,1200,0,1,0,POOR
sugarcane,maturation,0,91.49,1159.33,15.92,10.87,57.87,53.29,379.1,21.39,197.78,45,65,1200,0,0,0,MODERATE
sugarcane,maturation,0,49.54,929.98,31.02,26.26,31.55,86.1,192.73,8.31,101.06,45,65,1200,0,0,0,GOOD
sugarcane,maturation,0,37.73,599.73,31.65,29.46,28.94,80.31,176.15,9.3,703.75,45,65,1200,1,0,1,CRITICAL
sugarcane,maturation,0,26.69,864.01,33.55,29.37,72.91,26.79,50.18,9.93,135.43,45,65,1200,1,0,0,MODERATE
sugarcane,maturation,0,53.48,1321.99,28.04,25.79,74.64,77.38,103.22,1.6,45.3,45,65,1200,0,1,0,MODERATE
sugarcane,maturation,0,54.09,632.79,17.9,13.98,76.68,5.31,207.78,8.39,61.77,45,65,1200,0,0,0,MODERATE
sugarcane,maturation,0,83.1,791.57,35.83,32.1,59.83,25.02,154.71,10.01,5.05,45,65,1200,0,0,0,GOOD
sugarcane,maturation,0,70.28,661.41,15.99,11.09,95.38,39.43,226.4,19.24,132.66,45,65,1200,0,0,0,MODERATE
sugarcane,maturation,0,18.38,1154.65,31.04,25.62,34.97,34.87,352.56,2.33,167.5,45,65,1200,1,0,0,MODERATE
sugarcane,maturation,0,10.19,1803.17,46.55,40.84,81.75,21.19,56.17,0.77,140.75,45,65,1200,0,1,0,CRITICAL
sugarcane,maturation,0,68.37,112.06,18.39,14.25,76.31,91.44,371.59,21.36,712.43,45,65,1200,0,0,1,POOR
sugarcane,maturation,0,31.14,1140.79,45.38,43.19,35.57,387.46,79.67,3.71,33.23,45,65,1200,1,0,1,CRITICAL
sugarcane,maturation,0,50.28,313.75,37.43,31.89,75.37,31.69,341.49,2.53,34.01,45,65,1200,0,0,0,GOOD
sugarcane,maturation,0,41.27,869.76,29.99,24.92,96.87,26.23,301.98,364.4,137.04,45,65,1200,1,0,1,POOR
sugarcane,maturation,0,24.51,561.84,32.53,28.99,72.57,44.57,298.91,19.49,3.96,45,65,1200,1,0,0,MODERATE
sugarcane,maturation,0,98.49,1247.45,21.01,17.13,86.13,18.0,315.37,92.15,93.76,45,65,1200,0,1,1,POOR
sugarcane,maturation,0,90.48,1829.71,29.23,25.79,94.34,5.28,186.2,13.09,0.61,45,65,1200,0,1,0,MODERATE
sugarcane,maturation,0,20.62,758.77,41.78,39.22,38.42,54.14,392.85,16.58,24.41,45,65,1200,1,0,0,POOR
sugarcane,maturation,0,95.93,1606.03,20.64,18.0,26.76,24.74,245.34,17.3,33.3,45,65,1200,0,1,0,POOR
sugarcane,maturation,0,66.71,848.47,44.6,41.0,34.51,24.83,347.76,21.74,110.15,45,65,1200,0,0,0,MODERATE
sugarcane,maturation,0,70.48,1645.41,30.22,26.43,80.42,50.01,343.05,0.81,190.89,45,65,1200,0,1,0,MODERATE
sugarcane,maturation,0,75.28,620.73,41.61,35.83,49.59,83.53,147.05,10.66,133.1,45,65,1200,0,0,0,MODERATE
sugarcane,maturation,0,17.54,1538.31,36.81,33.42,61.99,165.55,1401.76,1.47,8.64,45,65,1200,0,1,1,CRITICAL
sugarcane,maturation,0,25.08,290.04,33.55,31.31,33.15,94.85,83.53,18.85,174.02,45,65,1200,1,0,0,MODERATE
sugarcane,maturation,0,54.96,333.0,18.37,12.75,50.6,69.57,77.32,6.13,99.14,45,65,1200,0,0,0,MODERATE
sugarcane,maturation,0,43.35,683.11,40.38,38.24,42.55,91.83,302.94,21.38,59.24,45,65,1200,1,0,0,POOR
sugarcane,maturation,0,23.57,880.66,17.38,11.81,46.74,33.63,304.36,19.21,147.38,45,65,1200,1,0,0,POOR
sugarcane,maturation,0,99.35,1758.34,16.25,11.87,48.37,3.74,128.05,19.16,83.59,45,65,1200,0,1,0,POOR
sugarcane,maturation,0,56.31,1064.79,29.14,26.65,48.32,21.52,1196.01,23.36,633.62,45,65,1200,0,0,1,MODERATE
sugarcane,maturation,0,96.14,1330.94,42.97,39.78,93.4,328.38,355.8,14.93,186.97,45,65,1200,0,1,1,CRITICAL
sugarcane,maturation,0,46.34,157.4,35.88,32.81,73.48,79.88,346.1,15.84,129.28,45,65,1200,0,0,0,GOOD
sugarcane,maturation,0,94.74,250.2,45.27,39.66,47.43,2.88,76.66,5.94,676.66,45,65,1200,0,0,1,POOR
sugarcane,maturation,0,91.72,1665.91,27.35,23.88,91.03,92.65,223.27,3.51,403.02,45,65,1200,0,1,1,POOR
sugarcane,maturation,0,49.34,1950.45,37.35,34.86,46.16,65.71,70.74,292.64,78.32,45,65,1200,0,1,1,POOR
sugarcane,maturation,0,38.07,420.41,24.55,20.38,21.69,6.43,374.21,211.45,157.32,45,65,1200,1,0,1,CRITICAL
sugarcane,maturation,0,83.01,1617.23,24.14,19.44,71.46,85.61,351.9,14.34,140.97,45,65,1200,0,1,0,MODERATE
sugarcane,maturation,0,12.39,1177.69,22.44,17.77,62.03,99.98,211.39,10.56,548.65,45,65,1200,1,0,1,POOR
sugarcane,maturation,0,18.48,1033.63,41.24,35.62,64.79,15.32,158.27,4.79,25.88,45,65,1200,1,0,0,POOR
sugarcane,maturation,0,27.02,1813.39,23.5,17.82,98.8,75.48,106.93,1.93,9.84,45,65,1200,0,1,0,POOR
sugarcane,maturation,0,79.51,380.67,41.12,37.09,80.63,45.04,914.39,0.71,124.76,45,65,1200,0,0,0,MODERATE
sugarcane,maturation,0,87.55,326.96,23.06,17.85,38.25,90.57,1334.03,126.68,131.24,45,65,1200,0,0,1,MODERATE
sugarcane,maturation,0,91.94,1261.29,28.45,25.84,78.08,27.64,222.18,14.15,66.25,45,65,1200,0,1,0,MODERATE
sugarcane,maturation,0,56.21,1867.63,39.77,35.62,33.51,22.1,289.01,12.4,60.24,45,65,1200,0,1,0,MODERATE
sugarcane,maturation,0,63.97,785.86,46.19,42.83,91.6,80.13,347.94,20.23,195.07,45,65,1200,0,0,0,MODERATE
sugarcane,maturation,0,65.24,141.49,20.54,16.2,72.01,53.46,67.38,2.94,172.75,45,65,1200,0,0,0,GOOD
sugarcane,maturation,0,74.89,1952.8,29.76,26.36,40.32,4.97,197.64,15.04,75.21,45,65,1200,0,1,0,MODERATE
sugarcane,maturation,0,57.53,1891.85,36.44,31.35,27.42,76.09,296.83,20.6,528.21,45,65,1200,0,1,1,CRITICAL
sugarcane,maturation,0,39.63,289.56,25.64,20.22,45.11,61.14,52.55,203.37,690.85,45,65,1200,1,0,1,POOR
sugarcane,maturation,0,19.02,1238.36,18.82,14.89,57.08,26.52,220.76,0.84,164.11,45,65,1200,0,1,0,CRITICAL
sugarcane,maturation,0,47.53,1140.75,25.24,22.75,21.47,70.38,814.16,11.12,172.44,45,65,1200,0,0,0,MODERATE
sugarcane,maturation,0,67.66,1349.52,15.71,11.95,88.43,464.73,261.22,10.53,125.84,45,65,1200,0,1,1,CRITICAL
sugarcane,maturation,0,91.35,515.49,34.86,32.64,63.28,266.28,357.41,14.47,69.48,45,65,1200,0,0,1,MODERATE
sugarcane,maturation,0,20.06,1389.06,21.17,16.96,51.4,56.62,56.13,9.41,76.96,45,65,1200,0,1,0,POOR
sugarcane,maturation,0,67.53,110.17,21.52,17.02,70.2,26.53,1032.83,18.43,154.83,45,65,1200,0,0,1,MODERATE
sugarcane,maturation,0,13.2,857.21,28.69,23.86,65.98,77.01,354.28,17.9,83.3,45,65,1200,1,0,0,MODERATE
sugarcane,maturation,0,97.17,919.03,43.0,37.82,55.56,99.22,123.88,9.0,166.29,45,65,1200,0,0,0,MODERATE
sugarcane,maturation,0,26.45,1878.09,28.15,22.78,39.0,372.52,258.78,7.1,52.38,45,65,1200,0,1,1,CRITICAL
sugarcane,maturation,0,81.24,72.54,25.61,21.55,94.32,57.35,135.66,12.02,43.3,45,65,1200,0,0,0,GOOD
sugarcane,maturation,0,31.4,1260.28,37.75,34.79,57.77,76.46,144.03,4.9,64.75,45,65,1200,0,1,0,POOR
sugarcane,maturation,0,54.85,1792.18,18.52,13.5,63.49,81.67,329.44,20.55,193.94,45,65,1200,0,1,0,POOR
sugarcane,maturation,0,37.63,1874.73,18.28,13.77,77.33,18.42,1365.75,22.54,165.41,45,65,1200,0,1,1,CRITICAL
sugarcane,maturation,0,29.33,1880.94,39.42,34.08,61.13,39.31,149.5,13.24,23.24,45,65,1200,0,1,0,POOR
sugarcane,maturation,0,21.79,204.72,36.22,32.85,45.52,84.0,214.83,23.58,172.26,45,65,1200,1,0,0,MODERATE
sugarcane,maturation,0,77.43,896.34,33.79,31.14,45.48,70.77,395.22,21.88,156.41,45,65,1200,0,0,0,GOOD
sugarcane,maturation,0,50.53,1532.39,30.8,26.53,87.64,69.86,839.46,4.66,165.59,45,65,1200,0,1,0,MODERATE
sugarcane,maturation,0,98.03,158.62,28.19,22.54,57.39,87.13,982.9,0.21,21.28,45,65,1200,0,0,0,GOOD
sugarcane,maturation,0,53.33,811.5,45.43,39.89,79.85,65.93,58.83,17.24,423.49,45,65,1200,0,0,1,POOR
sugarcane,maturation,0,53.77,533.62,16.07,11.95,30.97,41.7,79.53,5.01,111.28,45,65,1200,0,0,0,MODERATE
coconut,nursery,0,97.25,1935.74,25.6,20.5,29.54,78.05,202.89,14.83,46.2,60,80,1500,0,1,0,POOR
coconut,nursery,0,89.87,685.89,20.92,16.62,64.41,61.89,94.97,18.91,152.53,60,80,1500,0,0,0,MODERATE
coconut,nursery,0,72.73,1241.73,34.0,31.27,41.0,62.49,307.26,3.94,468.58,60,80,1500,0,0,1,MODERATE
coconut,nursery,0,28.3,729.47,19.15,16.74,27.61,34.28,1210.49,3.72,113.6,60,80,1500,1,0,1,CRITICAL
coconut,nursery,0,12.34,1837.29,38.06,32.83,43.68,319.01,363.01,7.78,37.0,60,80,1500,0,1,1,CRITICAL
coconut,nursery,0,47.29,1095.04,24.66,20.54,74.85,6.25,144.12,353.19,65.24,60,80,1500,1,0,1,POOR
coconut,nursery,0,32.76,1080.52,27.1,23.59,27.53,40.69,1101.42,15.77,161.1,60,80,1500,1,0,1,CRITICAL
coconut,nursery,0,70.29,864.93,33.72,30.95,69.46,431.51,1283.64,22.95,474.14,60,80,1500,0,0,1,MODERATE
coconut,nursery,0,77.4,1086.98,47.32,44.54,71.33,60.94,94.15,0.59,141.13,60,80,1500,0,0,0,MODERATE
coconut,nursery,0,91.22,1202.32,31.28,27.2,38.9,91.27,980.3,19.31,151.8,60,80,1500,0,0,0,GOOD
coconut,nursery,0,90.18,1455.92,45.01,41.26,30.26,92.41,233.71,298.7,14.43,60,80,1500,0,0,1,POOR
coconut,nursery,0,79.76,463.47,21.1,17.63,25.03,384.43,1245.72,23.97,192.0,60,80,1500,0,0,1,CRITICAL
coconut,nursery,0,92.13,894.65,29.54,26.87,92.47,64.77,131.27,13.98,49.6,60,80,1500,0,0,0,GOOD
coconut,nursery,0,28.38,855.9,45.47,41.56,89.98,15.98,374.45,16.82,109.9,60,80,1500,1,0,0,POOR
coconut,nursery,0,93.62,60.35,28.77,25.43,96.9,97.39,361.28,0.62,608.78,60,80,1500,0,0,1,MODERATE
coconut,nursery,0,99.98,183.36,39.16,35.69,31.13,40.54,1392.32,8.47,41.04,60,80,1500,0,0,1,POOR
coconut,nursery,0,37.43,630.09,37.93,34.8,91.88,98.3,120.74,9.57,149.56,60,80,1500,1,0,0,MODERATE
coconut,nursery,0,19.76,728.61,36.23,33.22,53.8,95.24,1189.79,6.35,22.22,60,80,1500,1,0,1,POOR
coconut,nursery,0,50.0,1472.83,32.65,30.59,44.47,6.47,393.54,22.06,74.13,60,80,1500,1,0,0,MODERATE
coconut,nursery,0,65.28,829.67,39.4,37.07,78.09,73.08,207.71,10.53,31.63,60,80,1500,0,0,0,MODERATE
coconut,nursery,0,17.53,114.67,19.86,14.25,73.81,382.65,175.56,0.08,102.23,60,80,1500,1,0,1,CRITICAL
coconut,nursery,0,82.04,1653.37,47.24,43.01,47.78,30.8,157.17,14.2,18.64,60,80,1500,0,1,0,POOR
coconut,nursery,0,75.23,1987.87,34.71,29.82,55.11,378.12,284.54,12.11,53.21,60,80,1500,0,1,1,POOR
coconut,nursery,0,91.09,1864.44,34.16,31.78,90.29,237.99,188.8,20.02,112.67,60,80,1500,0,1,0,MODERATE
coconut,nursery,0,57.87,642.95,37.98,33.82,69.72,7.25,72.47,20.24,72.64,60,80,1500,1,0,0,MODERATE
coconut,nursery,0,56.37,1683.25,18.51,13.2,56.22,82.33,269.83,15.7,127.19,60,80,1500,0,1,0,CRITICAL
coconut,nursery,0,82.13,1750.88,33.48,30.37,60.77,38.77,9.06,24.99,32.49,60,80,1500,0,1,0,MODERATE
coconut,nursery,0,14.13,1877.14,17.04,13.48,91.52,94.84,254.47,18.49,20.16,60,80,1500,0,1,0,CRITICAL
coconut,nursery,0,65.75,1332.15,44.53,39.27,31.26,386.71,337.34,13.82,13.83,60,80,1500,0,0,1,POOR
coconut,nursery,0,80.21,1986.66,46.98,42.45,63.09,30.93,42.69,17.96,15.32,60,80,1500,0,1,0,POOR
coconut,nursery,0,49.37,888.53,20.49,16.95,92.55,13.87,124.67,17.57,163.8,60,80,1500,1,0,0,POOR
coconut,nursery,0,91.37,1171.2,41.99,39.14,36.82,75.44,94.63,113.42,46.81,60,80,1500,0,0,1,POOR
coconut,nursery,0,64.19,1504.73,36.57,33.68,60.07,238.74,291.47,9.55,169.71,60,80,1500,0,1,0,MODERATE
coconut,nursery,0,59.79,1706.16,25.29,22.15,87.71,22.14,350.28,12.29,91.32,60,80,1500,0,1,0,POOR
coconut,nursery,0,21.3,558.65,39.73,37.54,98.69,27.38,240.96,2.47,87.5,60,80,1500,1,0,0,POOR
coconut,nursery,0,16.32,910.78,20.41,17.84,52.81,235.0,144.98,18.17,170.06,60,80,1500,1,0,0,POOR
coconut,nursery,0,81.47,520.48,38.66,36.35,70.85,94.19,216.22,0.0,106.54,60,80,1500,0,0,0,MODERATE
coconut,nursery,0,55.47,544.11,30.16,26.78,49.52,57.94,350.66,3.06,31.49,60,80,1500,1,0,0,MODERATE
coconut,nursery,0,58.05,373.83,43.56,41.29,29.21,69.82,215.56,18.44,173.06,60,80,1500,1,0,0,CRITICAL
coconut,nursery,0,13.32,121.66,21.51,18.07,34.62,246.91,1064.66,20.71,122.84,60,80,1500,1,0,1,CRITICAL
coconut,nursery,0,68.24,387.1,42.32,36.56,27.84,2.25,43.13,10.81,103.78,60,80,1500,0,0,0,POOR
coconut,nursery,0,87.33,1986.4,22.58,19.52,61.75,18.24,24.16,7.48,106.34,60,80,1500,0,1,0,MODERATE
coconut,nursery,0,34.73,1232.6,30.22,25.58,88.38,13.5,308.26,14.92,163.74,60,80,1500,1,0,0,MODERATE
coconut,nursery,0,76.72,1807.54,46.19,42.16,54.69,50.39,69.66,5.71,58.09,60,80,1500,0,1,0,POOR
coconut,nursery,0,54.45,1142.79,43.65,41.34,40.87,58.7,163.86,3.67,627.01,60,80,1500,1,0,1,CRITICAL
coconut,nursery,0,18.75,762.09,27.47,24.02,78.2,422.99,172.59,17.37,621.02,60,80,1500,1,0,1,POOR
coconut,nursery,0,25.98,1796.38,45.34,41.7,56.95,50.28,919.49,1.76,142.92,60,80,1500,0,1,0,CRITICAL
coconut,nursery,0,30.43,1317.93,47.92,43.0,83.65,62.99,51.42,22.67,126.38,60,80,1500,1,0,0,POOR
coconut,nursery,0,18.61,503.82,25.35,20.7,25.25,54.96,170.22,2.03,710.4,60,80,1500,1,0,1,CRITICAL
coconut,nursery,0,97.16,1773.61,47.08,41.97,90.97,270.9,39.1,0.56,422.41,60,80,1500,0,1,1,CRITICAL
coconut,nursery,0,70.39,143.59,15.15,10.78,98.12,273.86,393.58,152.93,73.63,60,80,1500,0,0,1,POOR
coconut,nursery,0,50.3,1724.66,17.7,13.06,75.78,88.01,250.62,3.95,150.13,60,80,1500,0,1,0,CRITICAL
coconut,nursery,0,11.32,1988.8,42.38,38.61,25.35,69.43,271.03,0.44,185.76,60,80,1500,0,1,0,CRITICAL
coconut,nursery,0,77.27,252.22,40.64,36.05,98.8,370.25,297.47,65.89,60.7,60,80,1500,0,0,1,POOR
coconut,nursery,0,92.13,881.91,43.04,40.09,57.34,84.63,174.75,6.89,86.18,60,80,1500,0,0,0,MODERATE
coconut,nursery,0,74.43,1032.3,35.43,31.18,20.37,84.17,44.41,1.78,133.45,60,80,1500,0,0,0,MODERATE
coconut,nursery,0,22.52,1206.79,46.59,42.38,76.94,186.69,1331.91,7.97,159.01,60,80,1500,1,0,1,CRITICAL
coconut,nursery,0,40.23,1013.98,40.12,34.97,25.95,61.37,2.93,17.66,147.65,60,80,1500,1,0,0,CRITICAL
coconut,nursery,0,16.07,1592.37,36.13,30.92,65.33,42.85,1435.26,7.71,42.87,60,80,1500,0,1,1,CRITICAL
coconut,nursery,0,60.64,1453.96,44.79,42.16,66.26,55.47,1185.13,21.51,191.74,60,80,1500,0,0,1,POOR
coconut,nursery,0,14.95,1798.81,37.89,33.14,28.81,71.29,130.14,18.15,640.27,60,80,1500,0,1,1,CRITICAL
coconut,nursery,0,22.54,154.45,42.89,39.44,56.57,51.18,220.45,8.7,90.92,60,80,1500,1,0,0,POOR
coconut,nursery,0,56.71,1261.4,28.16,23.29,57.27,22.27,251.0,21.71,170.51,60,80,1500,1,0,0,MODERATE
coconut,nursery,0,81.22,1979.55,21.23,19.03,57.04,28.74,199.6,5.34,67.43,60,80,1500,0,1,0,POOR
coconut,nursery,0,99.18,227.91,24.72,21.56,97.96,40.72,5.08,311.4,23.12,60,80,1500,0,0,1,MODERATE
coconut,nursery,0,49.22,1896.88,46.13,43.57,75.3,291.19,184.38,2.16,132.07,60,80,1500,0,1,1,CRITICAL
coconut,nursery,0,33.88,161.02,46.07,43.6,34.26,261.01,1266.19,22.31,150.23,60,80,1500,1,0,1,CRITICAL
coconut,nursery,0,32.7,309.0,31.34,28.57,38.21,63.44,61.47,22.18,148.39,60,80,1500,1,0,0,MODERATE
coconut,nursery,0,26.38,347.41,17.57,14.6,31.71,79.86,302.48,1.93,141.31,60,80,1500,1,0,0,POOR
coconut,nursery,0,57.76,201.87,41.4,36.78,80.93,56.93,313.66,13.82,54.44,60,80,1500,1,0,0,POOR
coconut,nursery,0,92.46,987.49,42.65,38.43,94.42,221.7,320.11,0.23,75.94,60,80,1500,0,0,0,MODERATE
coconut,nursery,0,28.3,1090.48,44.07,41.55,65.14,75.31,1137.5,15.49,33.52,60,80,1500,1,0,1,CRITICAL
coconut,nursery,0,43.88,1156.59,39.62,34.47,60.77,31.45,374.69,6.03,4.63,60,80,1500,1,0,0,POOR
coconut,nursery,0,81.94,1127.16,32.38,27.58,84.51,69.35,338.25,24.89,173.11,60,80,1500,0,0,0,GOOD
coconut,nursery,0,16.65,203.2,43.46,40.53,28.7,35.26,123.71,12.28,14.1,60,80,1500,1,0,0,CRITICAL
coconut,nursery,0,84.36,242.13,22.68,17.52,87.94,156.89,153.11,10.45,91.54,60,80,1500,0,0,0,GOOD
coconut,nursery,0,57.02,265.43,46.8,43.66,99.54,0.6,362.52,6.08,133.91,60,80,1500,1,0,0,POOR
coconut,nursery,0,58.0,1031.53,34.56,29.71,83.6,396.76,359.74,16.72,757.33,60,80,1500,1,0,1,POOR
coconut,nursery,0,91.9,1233.32,44.51,39.45,36.22,3.53,208.64,4.11,176.65,60,80,1500,0,0,0,MODERATE
coconut,nursery,0,37.0,232.16,40.68,37.81,55.27,53.09,277.81,7.49,93.07,60,80,1500,1,0,0,POOR
coconut,nursery,0,77.96,870.29,40.63,35.59,42.15,9.59,12.47,5.51,156.68,60,80,1500,0,0,0,MODERATE
coconut,nursery,0,22.16,1024.13,26.48,23.67,95.84,95.67,233.31,3.44,0.28,60,80,1500,1,0,0,MODERATE
coconut,nursery,0,27.61,56.32,47.09,42.07,49.2,43.28,69.17,24.64,86.05,60,80,1500,1,0,0,POOR
coconut,nursery,0,72.15,1393.91,15.21,10.4,89.31,414.38,110.47,16.23,614.05,60,80,1500,0,0,1,POOR
coconut,nursery,0,94.08,119.64,31.02,28.38,41.9,66.61,1248.94,13.56,77.43,60,80,1500,0,0,1,MODERATE
coconut,nursery,0,41.28,776.42,35.79,31.97,62.16,98.21,369.15,9.07,129.09,60,80,1500,1,0,0,MODERATE
coconut,nursery,0,49.26,1579.2,40.35,38.06,20.91,78.33,37.7,18.41,11.87,60,80,1500,0,1,0,CRITICAL
coconut,nursery,0,10.73,565.33,22.1,17.36,88.87,23.76,69.02,2.33,126.38,60,80,1500,1,0,0,MODERATE
coconut,nursery,0,42.36,707.23,35.74,31.33,62.3,36.43,243.7,22.79,162.47,60,80,1500,1,0,0,MODERATE
coconut,nursery,0,51.38,118.03,41.06,38.56,54.25,99.08,89.55,18.14,616.59,60,80,1500,1,0,1,CRITICAL
coconut,nursery,0,12.39,1294.48,43.44,38.54,37.34,47.67,395.0,20.32,33.66,60,80,1500,1,0,0,POOR
coconut,nursery,0,11.1,545.38,39.27,33.6,32.41,22.44,263.48,6.32,195.01,60,80,1500,1,0,0,POOR
coconut,nursery,0,53.64,1945.97,19.94,17.49,20.2,257.23,253.52,6.45,19.82,60,80,1500,0,1,1,CRITICAL
coconut,nursery,0,65.78,932.26,29.99,26.13,79.64,335.95,204.05,376.31,164.54,60,80,1500,0,0,1,MODERATE
coconut,nursery,0,11.12,741.03,34.04,30.78,23.54,50.72,1470.69,21.85,10.69,60,80,1500,1,0,1,CRITICAL
coconut,nursery,0,21.77,1250.72,30.8,26.91,35.96,73.94,147.61,5.86,152.25,60,80,1500,1,0,0,MODERATE
coconut,nursery,0,11.67,1564.47,24.18,21.65,34.55,301.57,146.36,17.63,17.13,60,80,1500,0,1,1,CRITICAL
coconut,nursery,0,30.57,986.75,43.24,40.62,33.57,53.4,106.56,1.02,892.95,60,80,1500,1,0,1,CRITICAL
coconut,nursery,0,13.86,1124.96,35.91,33.69,78.25,98.79,263.74,328.25,9.05,60,80,1500,1,0,1,POOR
coconut,nursery,0,54.71,1961.19,24.72,20.35,60.53,53.57,2.78,5.78,114.9,60,80,1500,0,1,0,POOR
coconut,nursery,0,53.5,325.12,46.99,42.69,42.95,71.28,129.8,20.24,687.49,60,80,1500,1,0,1,CRITICAL
coconut,nursery,0,55.15,1185.78,30.0,26.31,37.46,96.21,34.84,20.36,106.88,60,80,1500,1,0,0,MODERATE
coconut,nursery,0,10.21,772.78,46.41,41.71,93.55,20.03,270.82,2.17,151.8,60,80,1500,1,0,0,POOR
coconut,nursery,0,41.61,58.9,34.02,29.35,42.11,68.78,182.87,4.62,16.85,60,80,1500,1,0,0,MODERATE
coconut,nursery,0,86.08,674.75,31.66,27.24,79.48,83.0,78.38,7.28,125.42,60,80,1500,0,0,0,GOOD
coconut,nursery,0,70.12,1273.93,30.12,27.17,33.99,33.94,356.43,13.26,84.39,60,80,1500,0,0,0,GOOD
coconut,nursery,0,72.65,990.3,15.3,10.0,69.56,3.84,23.61,19.57,15.61,60,80,1500,0,0,0,MODERATE
coconut,nursery,0,55.76,1933.31,19.11,13.64,99.27,99.0,71.2,7.91,126.8,60,80,1500,0,1,0,CRITICAL
coconut,nursery,0,78.81,1289.5,15.1,12.61,81.99,484.69,144.95,15.29,127.29,60,80,1500,0,0,1,POOR
coconut,nursery,0,73.17,1747.43,18.89,15.13,88.04,37.06,160.31,176.61,118.28,60,80,1500,0,1,1,CRITICAL
coconut,nursery,0,99.28,150.24,17.34,15.03,89.65,72.86,276.67,283.12,117.49,60,80,1500,0,0,1,POOR
coconut,nursery,0,87.84,1335.54,32.11,29.84,86.79,24.2,253.01,16.34,162.57,60,80,1500,0,0,0,GOOD
coconut,nursery,0,67.56,459.92,43.36,38.48,81.27,28.64,107.38,4.77,62.48,60,80,1500,0,0,0,MODERATE
coconut,nursery,0,72.46,1920.63,21.95,18.75,20.17,22.53,106.53,193.46,112.29,60,80,1500,0,1,1,CRITICAL
coconut,nursery,0,48.57,1730.64,46.85,43.34,36.72,91.45,81.66,7.18,199.1,60,80,1500,0,1,0,CRITICAL
coconut,nursery,0,37.23,67.62,19.98,15.95,84.8,5.74,13.81,16.97,17.66,60,80,1500,1,0,0,POOR
coconut,nursery,0,18.41,1720.34,17.08,12.64,35.13,9.16,48.42,10.69,198.33,60,80,1500,0,1,0,CRITICAL
coconut,nursery,0,41.4,215.31,17.79,13.49,94.39,7.12,260.9,1.87,25.27,60,80,1500,1,0,0,POOR
coconut,nursery,0,95.46,1848.42,23.97,21.7,99.65,47.64,354.54,13.39,581.21,60,80,1500,0,1,1,POOR
coconut,nursery,0,55.24,201.41,21.85,19.41,42.21,16.53,54.03,247.35,179.47,60,80,1500,1,0,1,CRITICAL
coconut,nursery,0,56.62,974.52,17.04,12.72,66.78,294.89,1371.4,20.25,34.02,60,80,1500,1,0,1,CRITICAL
coconut,nursery,0,38.99,742.24,41.77,38.33,78.18,90.38,355.46,7.38,126.9,60,80,1500,1,0,0,POOR
coconut,nursery,0,28.73,435.23,34.65,29.99,47.7,443.03,250.42,2.7,182.17,60,80,1500,1,0,1,POOR
coconut,nursery,0,66.63,1880.36,33.83,28.55,93.82,51.9,268.54,13.86,44.5,60,80,1500,0,1,0,MODERATE
coconut,nursery,0,21.5,1710.08,20.98,16.82,77.69,64.77,59.54,102.26,139.77,60,80,1500,0,1,1,CRITICAL
coconut,nursery,0,49.24,966.32,44.33,39.44,67.05,95.02,1073.47,1.12,72.99,60,80,1500,1,0,1,CRITICAL
coconut,nursery,0,60.26,1119.5,24.69,19.99,88.95,75.02,1196.28,275.55,74.82,60,80,1500,0,0,1,MODERATE
coconut,nursery,0,49.39,1622.57,23.61,18.78,43.87,59.38,35.39,21.93,199.66,60,80,1500,0,1,0,POOR
coconut,nursery,0,17.14,1110.53,26.0,21.9,29.13,36.77,1030.8,2.07,536.28,60,80,1500,1,0,1,CRITICAL
coconut,nursery,0,84.24,80.73,19.86,15.16,45.39,425.28,905.49,10.1,837.6,60,80,1500,0,0,1,POOR
coconut,nursery,0,39.93,455.71,17.49,14.63,31.16,2.91,283.12,17.46,144.37,60,80,1500,1,0,0,POOR
coconut,nursery,0,44.62,405.67,30.79,28.27,45.45,11.32,906.32,6.86,734.94,60,80,1500,1,0,1,POOR
coconut,nursery,0,18.18,783.92,44.35,39.16,38.68,89.0,17.93,6.72,168.4,60,80,1500,1,0,0,POOR
coconut,nursery,0,78.69,1571.94,36.57,31.96,57.93,41.67,28.41,11.07,129.32,60,80,1500,0,1,0,MODERATE
coconut,nursery,0,42.81,453.32,36.38,32.84,81.38,58.65,107.94,260.77,108.6,60,80,1500,1,0,1,POOR
coconut,nursery,0,49.22,1149.48,44.77,40.81,46.78,196.73,366.22,11.3,35.02,60,80,1500,1,0,0,POOR
coconut,nursery,0,71.71,1960.21,22.12,19.3,29.36,283.65,355.77,7.56,99.86,60,80,1500,0,1,1,CRITICAL
coconut,nursery,0,36.89,1217.28,20.92,17.02,40.08,19.8,99.93,1.33,41.45,60,80,1500,1,0,0,POOR
coconut,nursery,0,34.43,1819.41,21.36,18.39,88.14,57.24,123.25,22.95,489.13,60,80,1500,0,1,1,CRITICAL
coconut,nursery,0,30.94,421.61,32.18,26.24,45.07,302.28,943.68,1.8,166.41,60,80,1500,1,0,1,POOR
coconut,nursery,0,57.85,1277.6,44.36,41.72,57.19,33.31,86.97,12.85,65.85,60,80,1500,1,0,0,POOR
coconut,nursery,0,60.62,969.51,37.04,33.11,85.28,41.02,37.58,11.39,619.44,60,80,1500,0,0,1,MODERATE
coconut,nursery,0,50.57,1165.33,21.88,18.02,58.45,23.51,15.55,16.23,165.88,60,80,1500,1,0,0,POOR
coconut,nursery,0,21.16,367.66,24.63,19.94,40.64,438.93,881.51,17.1,185.65,60,80,1500,1,0,1,POOR
coconut,nursery,0,23.83,1403.58,35.55,29.78,47.92,34.76,185.62,19.6,26.37,60,80,1500,1,0,0,MODERATE
coconut,nursery,0,84.38,1942.17,47.46,45.03,64.25,380.64,176.69,0.39,519.11,60,80,1500,0,1,1,CRITICAL
coconut,nursery,0,91.26,1341.48,24.17,21.3,70.04,352.34,226.16,14.38,180.8,60,80,1500,0,0,1,MODERATE
coconut,nursery,0,76.91,855.82,42.47,36.74,83.61,13.3,243.48,8.71,657.13,60,80,1500,0,0,1,POOR
coconut,nursery,0,82.89,405.86,33.54,28.15,63.16,91.14,349.57,19.36,875.71,60,80,1500,0,0,1,MODERATE
coconut,nursery,0,16.68,1707.56,40.79,35.08,79.17,153.58,1404.96,0.06,184.48,60,80,1500,0,1,1,CRITICAL
coconut,nursery,0,53.87,552.49,39.95,36.06,91.99,71.07,105.81,22.36,63.35,60,80,1500,1,0,0,POOR
coconut,nursery,0,73.1,1060.02,26.03,23.05,40.38,275.12,28.55,356.98,807.66,60,80,1500,0,0,1,MODERATE
coconut,nursery,0,80.52,1077.44,23.74,18.59,45.42,24.48,96.99,19.85,11.59,60,80,1500,0,0,0,GOOD
coconut,nursery,0,39.24,1851.17,19.37,15.94,48.71,446.92,236.65,17.03,42.78,60,80,1500,0,1,1,CRITICAL
coconut,nursery,0,26.6,227.14,32.54,30.54,68.71,90.13,366.55,9.55,31.13,60,80,1500,1,0,0,MODERATE
coconut,nursery,0,64.81,165.72,47.17,44.16,50.88,439.98,85.32,77.82,122.23,60,80,1500,0,0,1,POOR
coconut,nursery,0,55.02,1074.56,31.41,27.16,51.47,14.62,336.41,24.46,25.22,60,80,1500,1,0,0,MODERATE
coconut,nursery,0,75.25,1955.78,46.0,42.79,50.02,40.72,1142.69,1.79,147.25,60,80,1500,0,1,1,CRITICAL
coconut,nursery,0,88.56,1535.36,22.65,19.31,44.46,71.95,235.32,159.52,21.75,60,80,1500,0,1,1,POOR
coconut,nursery,0,12.85,1929.01,33.75,28.95,69.62,14.85,311.92,18.65,82.24,60,80,1500,0,1,0,POOR
coconut,nursery,0,22.37,106.86,41.51,38.73,49.08,76.89,77.9,9.81,771.42,60,80,1500,1,0,1,CRITICAL
coconut,nursery,0,42.26,1363.5,34.15,31.35,74.48,424.37,191.37,11.68,58.13,60,80,1500,1,0,1,POOR
coconut,nursery,0,62.83,1027.14,38.9,34.03,55.9,13.5,383.66,174.87,57.6,60,80,1500,0,0,1,POOR
coconut,nursery,0,84.26,1789.2,35.3,30.8,50.28,70.71,387.4,24.47,146.07,60,80,1500,0,1,0,MODERATE
coconut,nursery,0,71.14,1845.79,23.3,18.96,41.97,77.44,11.6,20.1,32.01,60,80,1500,0,1,0,MODERATE
coconut,nursery,0,17.97,915.49,31.04,28.58,54.17,19.73,380.79,8.47,56.55,60,80,1500,1,0,0,MODERATE
coconut,nursery,0,96.88,1778.27,24.65,20.57,58.62,8.77,173.64,1.23,114.17,60,80,1500,0,1,0,MODERATE
coconut,nursery,0,11.02,717.74,40.45,35.86,30.02,68.79,302.12,15.9,172.27,60,80,1500,1,0,0,POOR
coconut,nursery,0,57.84,1049.12,20.86,18.27,87.54,86.74,363.66,186.08,56.04,60,80,1500,1,0,1,CRITICAL
coconut,nursery,0,27.4,1819.23,34.66,30.44,82.06,1.65,209.51,6.27,194.74,60,80,1500,0,1,0,POOR
coconut,nursery,0,33.68,549.28,28.92,23.53,75.0,166.52,30.85,21.02,796.69,60,80,1500,1,0,1,POOR
coconut,nursery,0,76.44,1818.49,35.68,30.99,65.75,48.82,292.5,10.28,26.28,60,80,1500,0,1,0,MODERATE
coconut,nursery,0,75.05,1115.96,32.63,28.04,64.38,75.03,44.14,12.41,27.15,60,80,1500,0,0,0,GOOD
coconut,nursery,0,98.7,413.1,26.19,22.79,37.87,196.09,259.75,14.74,69.43,60,80,1500,0,0,0,GOOD
coconut,nursery,0,44.79,1090.54,36.63,32.96,98.67,460.3,328.56,0.01,22.38,60,80,1500,1,0,1,POOR
coconut,nursery,0,99.92,1021.86,25.91,22.86,54.83,30.99,891.0,17.35,124.54,60,80,1500,0,0,0,GOOD
coconut,nursery,0,75.21,1277.83,24.78,22.56,39.03,61.95,100.59,16.56,42.6,60,80,1500,0,0,0,GOOD
coconut,nursery,0,63.46,197.07,38.69,34.85,53.87,93.48,383.93,15.84,162.23,60,80,1500,0,0,0,MODERATE
coconut,nursery,0,73.04,1293.29,23.05,20.54,80.13,97.11,66.68,0.79,82.68,60,80,1500,0,0,0,GOOD
coconut,nursery,0,62.09,754.43,16.45,12.67,67.22,13.04,103.86,332.69,63.02,60,80,1500,0,0,1,POOR
coconut,nursery,0,74.36,1196.19,37.71,33.12,96.48,86.59,1119.43,261.14,10.11,60,80,1500,0,0,1,MODERATE
coconut,nursery,0,28.71,684.75,25.25,22.36,71.08,98.28,116.15,329.44,80.69,60,80,1500,1,0,1,POOR
coconut,nursery,0,29.54,442.78,20.64,15.13,26.87,41.33,941.99,1.21,195.2,60,80,1500,1,0,0,CRITICAL
coconut,nursery,0,97.57,1689.55,16.91,11.53,58.7,45.68,268.64,3.2,150.63,60,80,1500,0,1,0,POOR
coconut,nursery,0,49.62,1274.58,24.27,21.82,55.13,96.19,310.86,15.12,91.53,60,80,1500,1,0,0,MODERATE
coconut,nursery,0,79.49,1674.95,39.17,36.53,86.27,33.44,190.28,22.59,32.16,60,80,1500,0,1,0,POOR
coconut,nursery,0,49.58,1103.54,22.69,20.18,59.26,34.03,893.14,19.39,613.46,60,80,1500,1,0,1,POOR
coconut,nursery,0,76.82,229.63,41.85,37.69,74.21,21.9,76.25,22.38,187.86,60,80,1500,0,0,0,MODERATE
coconut,nursery,0,75.8,1443.2,16.23,13.95,29.61,56.8,136.98,53.55,117.33,60,80,1500,0,0,1,CRITICAL
coconut,nursery,0,53.57,1472.97,22.24,19.83,27.24,469.36,361.77,3.85,69.29,60,80,1500,1,0,1,CRITICAL
coconut,nursery,0,13.38,1405.79,23.6,20.06,44.61,61.48,1385.28,23.43,98.97,60,80,1500,1,0,1,POOR
coconut,nursery,0,31.97,263.76,38.25,35.1,44.47,88.11,154.49,10.23,2.1,60,80,1500,1,0,0,POOR
coconut,nursery,0,89.39,783.06,26.19,21.34,77.8,63.37,21.71,7.61,199.43,60,80,1500,0,0,0,GOOD
coconut,nursery,0,23.67,1239.23,20.12,14.98,31.07,316.86,253.1,5.93,166.14,60,80,1500,1,0,1,CRITICAL
coconut,nursery,0,88.5,1937.26,36.34,32.91,53.1,25.62,12.99,7.26,55.69,60,80,1500,0,1,0,MODERATE
coconut,nursery,0,80.01,1711.42,43.78,39.64,96.08,15.17,997.71,18.98,129.72,60,80,1500,0,1,0,POOR
coconut,nursery,0,67.48,1821.63,36.81,31.08,59.42,71.86,129.64,3.98,52.57,60,80,1500,0,1,0,MODERATE
coconut,nursery,0,15.74,79.97,45.45,41.85,37.08,320.76,355.4,9.68,127.85,60,80,1500,1,0,1,CRITICAL
coconut,nursery,0,23.77,879.58,43.39,41.38,69.88,284.35,294.28,16.75,757.29,60,80,1500,1,0,1,CRITICAL
coconut,nursery,0,10.97,1344.66,41.17,36.61,41.85,82.28,204.41,18.08,28.22,60,80,1500,1,0,0,POOR
coconut,young_palm,1,38.29,89.47,26.14,20.82,39.81,63.35,238.31,14.19,179.3,55,75,1500,1,0,0,MODERATE
coconut,young_palm,1,58.51,1928.07,23.1,17.31,74.67,54.08,111.29,8.43,44.6,55,75,1500,0,1,0,MODERATE
coconut,young_palm,1,83.72,1883.48,36.84,33.6,54.92,19.45,33.77,19.93,166.91,55,75,1500,0,1,0,MODERATE
coconut,young_palm,1,11.89,174.47,16.07,13.49,90.12,28.38,398.11,24.08,57.5,55,75,1500,1,0,0,POOR
coconut,young_palm,1,75.13,975.69,44.19,40.25,47.71,25.08,396.79,6.87,433.91,55,75,1500,0,0,1,POOR
coconut,young_palm,1,55.69,703.87,40.72,38.27,57.9,54.88,341.99,24.23,129.16,55,75,1500,0,0,0,MODERATE
coconut,young_palm,1,71.45,385.91,41.93,36.9,91.11,71.01,325.46,15.38,3.37,55,75,1500,0,0,0,MODERATE
coconut,young_palm,1,20.27,713.02,39.71,34.71,33.6,432.56,249.03,13.48,101.46,55,75,1500,1,0,1,CRITICAL
coconut,young_palm,1,97.41,60.14,24.99,20.65,42.32,67.65,339.95,19.88,129.35,55,75,1500,0,0,0,GOOD
coconut,young_palm,1,43.84,1060.16,33.01,27.72,36.41,84.68,134.29,13.95,137.69,55,75,1500,1,0,0,MODERATE
coconut,young_palm,1,29.85,468.73,47.03,41.63,67.34,0.82,382.55,348.18,64.01,55,75,1500,1,0,1,CRITICAL
coconut,young_palm,1,88.93,959.58,43.16,39.38,24.27,61.76,379.59,1.47,22.65,55,75,1500,0,0,0,POOR
coconut,young_palm,1,26.55,300.48,24.88,19.44,81.04,77.68,12.78,9.45,72.86,55,75,1500,1,0,0,MODERATE
coconut,young_palm,1,12.53,1891.25,23.88,18.25,60.95,307.71,83.24,22.88,84.35,55,75,1500,0,1,1,CRITICAL
coconut,young_palm,1,45.43,259.16,46.97,44.11,99.46,41.85,239.58,1.66,140.96,55,75,1500,1,0,0,POOR
coconut,young_palm,1,35.77,1465.66,16.54,10.59,71.32,14.89,989.51,0.44,76.97,55,75,1500,1,0,0,POOR
coconut,young_palm,1,15.62,1250.9,22.72,20.01,47.76,64.1,367.59,6.65,111.6,55,75,1500,1,0,0,MODERATE
coconut,young_palm,1,85.43,1242.13,43.72,38.0,60.63,79.06,1476.84,22.33,840.09,55,75,1500,0,0,1,POOR
coconut,young_palm,1,36.05,1106.46,30.68,26.08,37.11,8.51,378.64,23.63,71.91,55,75,1500,1,0,0,MODERATE
coconut,young_palm,1,91.6,1637.06,16.57,13.38,67.37,32.72,1296.93,154.08,114.26,55,75,1500,0,1,1,CRITICAL
coconut,young_palm,1,50.67,866.33,45.9,40.66,27.26,31.39,111.77,2.28,102.31,55,75,1500,1,0,0,CRITICAL
coconut,young_palm,1,83.34,1099.42,17.9,14.02,64.28,61.21,1326.42,13.13,181.01,55,75,1500,0,0,1,POOR
coconut,young_palm,1,88.43,994.61,20.58,16.0,56.66,96.8,66.46,20.5,105.2,55,75,1500,0,0,0,MODERATE
coconut,young_palm,1,65.6,361.72,22.29,18.11,87.63,15.23,75.46,11.22,126.03,55,75,1500,0,0,0,GOOD
coconut,young_palm,1,27.04,153.96,38.83,35.07,37.78,25.18,1234.46,13.11,117.29,55,75,1500,1,0,1,CRITICAL
coconut,young_palm,1,17.92,769.1,20.68,16.67,62.09,60.82,92.18,10.93,105.13,55,75,1500,1,0,0,POOR
coconut,young_palm,1,48.18,1060.25,27.87,23.66,24.32,384.04,339.67,15.82,50.16,55,75,1500,1,0,1,CRITICAL
coconut,young_palm,1,64.89,1256.39,30.03,26.93,24.52,98.88,242.16,17.11,11.81,55,75,1500,0,0,0,MODERATE
coconut,young_palm,1,90.39,1330.77,38.45,35.64,77.62,50.18,205.94,20.81,13.71,55,75,1500,0,0,0,MODERATE
coconut,young_palm,1,51.32,854.62,43.11,40.4,85.13,208.88,396.21,10.74,140.81,55,75,1500,1,0,0,POOR
coconut,young_palm,1,32.3,508.07,47.66,43.15,85.56,37.85,1302.39,237.15,164.28,55,75,1500,1,0,1,CRITICAL
coconut,young_palm,1,46.57,1318.99,28.52,22.53,80.27,18.71,237.54,18.11,62.03,55,75,1500,1,0,0,MODERATE
coconut,young_palm,1,40.68,1428.82,19.24,15.94,75.67,3.08,60.09,3.9,17.07,55,75,1500,1,0,0,POOR
coconut,young_palm,1,14.96,1409.21,46.06,40.64,41.27,20.43,1498.69,12.87,83.72,55,75,1500,1,0,1,CRITICAL
coconut,young_palm,1,60.18,1656.84,31.83,27.94,44.46,18.02,253.23,19.31,121.43,55,75,1500,0,1,0,MODERATE
coconut,young_palm,1,60.64,1893.04,17.52,11.71,57.18,71.0,17.98,55.4,112.26,55,75,1500,0,1,1,CRITICAL
coconut,young_palm,1,72.04,1236.48,20.53,14.91,30.63,334.9,8.86,1.57,115.33,55,75,1500,0,0,1,POOR
coconut,young_palm,1,79.2,1566.84,23.69,21.63,28.26,291.86,219.01,13.95,20.46,55,75,1500,0,1,1,CRITICAL
coconut,young_palm,1,75.52,1280.29,26.13,22.37,76.76,65.99,1.8,24.01,124.5,55,75,1500,0,0,0,GOOD
coconut,young_palm,1,55.91,721.09,22.46,19.45,66.82,314.14,291.43,0.37,683.95,55,75,1500,0,0,1,MODERATE
coconut,young_palm,1,42.95,1613.65,31.67,27.81,31.65,74.84,305.41,290.84,56.29,55,75,1500,0,1,1,CRITICAL
coconut,young_palm,1,10.86,196.31,17.95,15.12,34.92,463.39,305.13,10.63,11.82,55,75,1500,1,0,1,CRITICAL
coconut,young_palm,1,83.49,1946.85,43.93,39.05,54.62,21.45,8.1,21.9,567.83,55,75,1500,0,1,1,CRITICAL
coconut,young_palm,1,29.92,1749.78,45.06,42.9,70.55,74.94,224.74,21.32,8.41,55,75,1500,0,1,0,CRITICAL
coconut,young_palm,1,36.03,1917.79,41.23,35.77,57.31,47.36,192.34,16.25,59.03,55,75,1500,0,1,0,CRITICAL
coconut,young_palm,1,10.31,1050.2,24.06,19.49,60.21,2.12,104.09,14.47,69.07,55,75,1500,1,0,0,MODERATE
coconut,young_palm,1,15.67,1144.62,22.3,17.3,56.15,25.04,304.57,3.45,12.24,55,75,1500,1,0,0,MODERATE
coconut,young_palm,1,39.3,529.99,21.74,19.57,28.21,10.29,227.28,8.56,186.58,55,75,1500,1,0,0,CRITICAL
coconut,young_palm,1,68.01,1985.0,32.07,26.59,60.05,4.79,966.57,5.01,99.34,55,75,1500,0,1,0,MODERATE
coconut,young_palm,1,39.54,800.65,34.03,29.82,88.96,47.25,347.05,14.13,140.3,55,75,1500,1,0,0,MODERATE
coconut,young_palm,1,60.94,1367.03,21.49,18.62,41.38,82.8,368.17,11.38,14.29,55,75,1500,0,0,0,MODERATE
coconut,young_palm,1,20.26,721.32,44.53,39.31,93.11,71.71,42.88,355.83,136.47,55,75,1500,1,0,1,CRITICAL
coconut,young_palm,1,94.42,1358.67,32.6,30.19,86.07,34.9,19.44,1.55,127.77,55,75,1500,0,0,0,GOOD
coconut,young_palm,1,44.72,178.82,28.92,26.19,27.7,31.7,63.27,22.93,90.95,55,75,1500,1,0,0,POOR
coconut,young_palm,1,70.31,1356.34,40.92,36.45,90.61,70.92,295.48,4.49,162.88,55,75,1500,0,0,0,MODERATE
coconut,young_palm,1,19.55,122.49,41.74,38.62,78.31,14.19,0.99,10.42,156.0,55,75,1500,1,0,0,POOR
coconut,young_palm,1,38.04,1789.16,23.67,17.89,86.27,10.02,237.23,22.62,195.59,55,75,1500,0,1,0,POOR
coconut,young_palm,1,83.58,871.81,27.75,21.95,50.94,257.74,37.98,18.64,48.64,55,75,1500,0,0,1,MODERATE
coconut,young_palm,1,84.3,1435.44,24.68,19.33,86.7,13.78,186.88,8.68,192.11,55,75,1500,0,0,0,GOOD
coconut,young_palm,1,24.73,1269.1,35.17,30.69,91.39,71.63,108.15,17.46,169.33,55,75,1500,1,0,0,MODERATE
coconut,young_palm,1,23.0,1843.38,19.3,15.86,70.58,317.11,399.69,10.17,631.31,55,75,1500,0,1,1,CRITICAL
coconut,young_palm,1,35.76,1321.16,31.07,26.14,57.78,16.05,1381.76,10.23,90.92,55,75,1500,1,0,1,POOR
coconut,young_palm,1,82.78,1428.05,43.47,40.89,39.51,21.47,239.17,17.29,140.25,55,75,1500,0,0,0,MODERATE
coconut,young_palm,1,25.28,610.08,29.27,23.83,62.92,216.94,363.41,14.04,470.02,55,75,1500,1,0,1,POOR
coconut,young_palm,1,64.91,62.3,41.7,39.35,76.65,62.08,18.97,6.39,462.42,55,75,1500,0,0,1,POOR
coconut,young_palm,1,55.38,97.96,32.73,30.0,35.67,60.04,216.38,58.72,90.31,55,75,1500,0,0,1,MODERATE
coconut,young_palm,1,96.2,1017.96,26.84,23.58,53.36,21.18,300.57,24.16,20.75,55,75,1500,0,0,0,GOOD
coconut,young_palm,1,45.7,1649.3,25.86,23.68,20.66,85.94,24.82,328.59,97.2,55,75,1500,0,1,1,CRITICAL
coconut,young_palm,1,45.49,581.65,31.18,25.76,38.64,305.49,270.4,14.82,121.46,55,75,1500,1,0,1,POOR
coconut,young_palm,1,38.05,902.76,32.86,29.49,40.68,413.81,278.68,13.19,153.19,55,75,1500,1,0,1,POOR
coconut,young_palm,1,77.71,1373.22,21.87,16.56,82.77,79.74,1211.75,6.35,519.41,55,75,1500,0,0,1,POOR
coconut,young_palm,1,13.57,973.05,27.06,24.42,77.06,89.83,1073.34,11.54,14.65,55,75,1500,1,0,1,POOR
coconut,young_palm,1,44.96,410.94,39.36,36.28,81.58,345.05,81.85,16.52,132.8,55,75,1500,1,0,1,CRITICAL
coconut,young_palm,1,13.3,976.79,19.91,16.47,66.9,93.94,378.49,6.56,785.21,55,75,1500,1,0,1,CRITICAL
coconut,young_palm,1,26.43,627.77,15.14,9.72,95.77,27.94,163.9,3.84,169.31,55,75,1500,1,0,0,POOR
coconut,young_palm,1,97.19,53.01,25.54,22.3,47.97,80.0,245.58,9.53,105.68,55,75,1500,0,0,0,GOOD
coconut,young_palm,1,42.03,640.3,18.31,15.52,98.47,27.98,224.01,18.26,110.76,55,75,1500,1,0,0,POOR
coconut,young_palm,1,81.06,576.43,24.27,18.49,45.11,58.42,380.19,9.43,125.99,55,75,1500,0,0,0,GOOD
coconut,young_palm,1,72.34,1052.46,42.74,37.32,98.41,6.73,93.52,10.71,141.0,55,75,1500,0,0,0,MODERATE
coconut,young_palm,1,79.76,1121.68,41.8,39.46,57.08,15.06,3.22,24.63,148.84,55,75,1500,0,0,0,MODERATE
coconut,young_palm,1,69.5,1045.84,42.28,40.1,63.58,18.58,105.2,18.87,195.35,55,75,1500,0,0,0,MODERATE
coconut,young_palm,1,79.97,88.94,21.65,16.58,28.5,4.27,73.25,16.92,4.03,55,75,1500,0,0,0,POOR
coconut,young_palm,1,24.94,488.79,41.58,35.78,76.48,7.23,44.45,7.77,88.95,55,75,1500,1,0,0,POOR
coconut,young_palm,1,28.94,1614.12,28.02,24.31,48.61,28.97,1137.19,23.47,101.05,55,75,1500,0,1,1,CRITICAL
coconut,young_palm,1,43.97,928.42,31.45,26.94,20.31,25.64,1308.03,207.31,63.82,55,75,1500,1,0,1,CRITICAL
coconut,young_palm,1,98.07,773.49,28.77,26.11,32.77,86.1,1106.77,284.84,0.53,55,75,1500,0,0,1,MODERATE
coconut,young_palm,1,94.92,1229.43,45.61,43.11,22.56,211.33,168.16,13.22,189.77,55,75,1500,0,0,0,POOR
coconut,young_palm,1,73.67,1290.69,47.86,42.46,42.77,10.16,1245.99,24.74,120.15,55,75,1500,0,0,1,POOR
coconut,young_palm,1,20.35,1783.07,37.29,32.58,85.18,8.41,264.32,9.7,528.3,55,75,1500,0,1,1,CRITICAL
coconut,young_palm,1,71.69,837.6,31.45,28.06,64.1,13.87,154.11,1.96,800.12,55,75,1500,0,0,1,MODERATE
coconut,young_palm,1,79.23,1949.54,15.73,11.5,33.18,24.51,71.92,3.66,174.14,55,75,1500,0,1,0,POOR
coconut,young_palm,1,21.34,81.41,20.29,15.4,97.59,74.38,118.42,371.44,112.26,55,75,1500,1,0,1,CRITICAL
coconut,young_palm,1,62.42,65.17,25.18,22.98,69.93,60.41,377.82,228.79,120.4,55,75,1500,0,0,1,MODERATE
coconut,young_palm,1,32.63,424.42,29.49,27.43,43.48,42.01,146.96,22.03,4.05,55,75,1500,1,0,0,MODERATE
coconut,young_palm,1,12.09,539.83,44.02,40.51,75.15,315.18,16.14,21.59,41.18,55,75,1500,1,0,1,CRITICAL
coconut,young_palm,1,93.84,1509.76,41.65,37.32,70.48,22.11,1417.17,0.01,442.66,55,75,1500,0,1,1,CRITICAL
coconut,young_palm,1,58.53,1816.12,40.77,35.17,95.86,88.59,908.54,23.69,125.05,55,75,1500,0,1,0,POOR
coconut,young_palm,1,43.21,646.75,36.98,32.0,43.11,32.6,1105.84,7.77,126.08,55,75,1500,1,0,1,POOR
coconut,young_palm,1,64.39,1334.33,23.5,20.16,88.97,214.32,251.21,18.25,838.57,55,75,1500,0,0,1,MODERATE
coconut,young_palm,1,16.49,1592.56,24.29,20.12,82.7,54.51,47.12,24.79,175.31,55,75,1500,0,1,0,POOR
coconut,young_palm,1,68.23,850.59,39.08,34.47,73.38,169.3,29.61,7.41,191.07,55,75,1500,0,0,0,MODERATE
coconut,young_palm,1,57.22,144.31,41.52,38.84,31.41,42.41,59.17,14.96,792.14,55,75,1500,0,0,1,POOR
coconut,young_palm,1,21.04,423.7,33.73,27.98,56.2,252.8,242.1,17.37,50.1,55,75,1500,1,0,1,POOR
coconut,young_palm,1,15.08,743.69,32.75,29.44,88.55,16.94,1003.06,13.01,122.47,55,75,1500,1,0,1,POOR
coconut,young_palm,1,66.22,1733.28,19.65,16.23,85.91,23.09,265.96,23.67,97.88,55,75,1500,0,1,0,POOR
coconut,young_palm,1,18.52,1566.53,23.31,19.75,23.8,390.61,356.41,9.37,189.46,55,75,1500,0,1,1,CRITICAL
coconut,young_palm,1,95.18,1694.29,45.32,42.18,46.85,46.99,3.68,12.52,155.22,55,75,1500,0,1,0,POOR
coconut,young_palm,1,50.14,219.58,17.14,11.76,52.69,5.4,90.98,14.91,13.76,55,75,1500,1,0,0,POOR
coconut,young_palm,1,28.26,1880.05,36.13,31.79,52.52,32.95,1345.44,362.9,192.33,55,75,1500,0,1,1,CRITICAL
coconut,young_palm,1,19.57,1988.15,25.18,23.04,51.28,74.81,117.61,2.15,7.36,55,75,1500,0,1,0,POOR
coconut,young_palm,1,83.98,988.55,26.06,23.07,60.55,8.3,343.38,4.16,143.03,55,75,1500,0,0,0,GOOD
coconut,young_palm,1,11.66,1220.99,38.89,33.74,32.46,96.87,61.72,0.14,8.96,55,75,1500,1,0,0,POOR
coconut,young_palm,1,45.54,944.26,43.65,38.46,75.33,53.66,1177.79,5.47,115.83,55,75,1500,1,0,1,CRITICAL
coconut,young_palm,1,70.93,1274.78,25.6,22.68,90.54,396.36,82.16,5.82,495.52,55,75,1500,0,0,1,MODERATE
coconut,young_palm,1,66.46,1446.62,18.58,15.8,84.79,56.77,190.15,4.35,174.26,55,75,1500,0,0,0,MODERATE
coconut,young_palm,1,78.45,1115.24,33.88,29.66,59.31,319.82,1284.71,13.43,14.6,55,75,1500,0,0,1,MODERATE
coconut,young_palm,1,67.11,200.92,46.54,42.48,20.76,426.4,888.16,24.53,113.12,55,75,1500,0,0,1,CRITICAL
coconut,young_palm,1,38.54,148.17,34.15,31.55,47.3,58.24,285.89,12.74,62.18,55,75,1500,1,0,0,MODERATE
coconut,young_palm,1,59.16,1181.11,20.6,14.85,46.32,26.83,392.83,189.26,40.14,55,75,1500,0,0,1,POOR
coconut,young_palm,1,35.44,1343.97,25.19,19.69,23.89,35.47,308.38,22.21,453.14,55,75,1500,1,0,1,CRITICAL
coconut,young_palm,1,72.79,1234.32,40.63,34.97,80.93,42.07,98.69,3.92,75.76,55,75,1500,0,0,0,MODERATE
coconut,young_palm,1,45.26,1742.8,17.33,14.14,64.98,87.45,1060.76,11.38,23.86,55,75,1500,0,1,1,CRITICAL
coconut,young_palm,1,71.47,1870.61,22.01,19.64,60.53,162.5,376.06,3.06,40.34,55,75,1500,0,1,0,MODERATE
coconut,young_palm,1,57.46,673.99,31.91,27.51,24.15,44.38,1042.71,12.23,191.49,55,75,1500,0,0,1,POOR
coconut,young_palm,1,93.61,1256.27,40.77,38.42,21.7,176.57,328.06,68.11,122.52,55,75,1500,0,0,1,CRITICAL
coconut,young_palm,1,20.67,334.07,17.67,12.18,63.65,32.79,205.11,2.52,646.44,55,75,1500,1,0,1,CRITICAL
coconut,young_palm,1,61.95,1696.61,15.33,12.59,48.31,29.61,388.85,9.85,131.28,55,75,1500,0,1,0,POOR
coconut,young_palm,1,79.46,760.99,47.78,42.3,38.46,76.58,33.13,14.76,488.59,55,75,1500,0,0,1,POOR
coconut,young_palm,1,49.19,678.55,16.88,12.77,36.0,94.01,1035.78,4.58,7.82,55,75,1500,1,0,1,CRITICAL
coconut,young_palm,1,66.74,566.84,19.59,14.77,61.5,260.88,355.87,5.67,151.63,55,75,1500,0,0,1,POOR
coconut,young_palm,1,65.42,425.2,21.41,17.62,97.14,439.27,1062.31,2.02,108.09,55,75,1500,0,0,1,POOR
coconut,young_palm,1,71.23,755.34,24.98,22.33,62.81,58.83,196.67,14.44,122.86,55,75,1500,0,0,0,GOOD
coconut,young_palm,1,29.42,68.5,47.4,44.56,85.18,78.12,233.55,8.79,152.77,55,75,1500,1,0,0,POOR
coconut,young_palm,1,43.06,1718.57,22.58,20.48,24.05,58.22,163.68,18.96,4.73,55,75,1500,0,1,0,CRITICAL
coconut,young_palm,1,55.98,784.27,25.99,21.41,46.46,59.91,27.32,24.71,125.64,55,75,1500,0,0,0,GOOD
coconut,young_palm,1,57.32,878.11,47.01,42.62,79.77,13.52,245.22,5.38,142.88,55,75,1500,0,0,0,MODERATE
coconut,young_palm,1,85.08,346.13,42.78,37.56,58.2,476.4,395.47,3.85,39.61,55,75,1500,0,0,1,POOR
coconut,young_palm,1,22.38,1758.65,44.13,38.76,27.57,13.5,1487.1,1.73,155.0,55,75,1500,0,1,1,CRITICAL
coconut,young_palm,1,92.1,120.76,20.32,17.56,24.77,61.83,274.17,162.34,83.99,55,75,1500,0,0,1,CRITICAL
coconut,young_palm,1,27.79,710.33,25.81,23.52,96.08,54.71,180.63,16.74,162.6,55,75,1500,1,0,0,MODERATE
coconut,young_palm,1,96.92,1610.99,34.57,29.57,62.05,98.66,2.38,18.98,23.64,55,75,1500,0,1,0,MODERATE
coconut,young_palm,1,49.83,1656.54,37.95,32.26,95.09,31.32,238.33,22.38,676.87,55,75,1500,0,1,1,CRITICAL
coconut,young_palm,1,47.12,1226.21,19.66,15.81,93.26,93.24,1.29,8.25,153.94,55,75,1500,1,0,0,POOR
coconut,young_palm,1,74.22,1145.36,34.09,32.03,55.36,78.64,278.64,11.4,104.28,55,75,1500,0,0,0,GOOD
coconut,young_palm,1,50.79,1529.92,24.04,21.77,91.57,6.81,22.51,0.39,100.91,55,75,1500,0,1,0,POOR
coconut,young_palm,1,86.81,1619.99,34.2,30.92,64.67,95.72,257.56,20.16,194.85,55,75,1500,0,1,0,MODERATE
coconut,young_palm,1,14.04,1019.94,46.51,43.86,66.15,156.52,286.47,3.59,199.09,55,75,1500,1,0,0,POOR
coconut,young_palm,1,53.63,1848.3,21.48,18.2,49.67,89.76,125.89,23.24,65.11,55,75,1500,0,1,0,CRITICAL
coconut,young_palm,1,13.48,724.19,35.04,29.26,53.97,24.01,359.53,15.35,98.2,55,75,1500,1,0,0,MODERATE
coconut,young_palm,1,96.14,933.73,45.36,41.55,61.29,95.81,239.42,20.95,0.94,55,75,1500,0,0,0,MODERATE
coconut,young_palm,1,12.55,173.4,37.22,33.56,41.0,87.97,110.23,0.27,163.36,55,75,1500,1,0,0,MODERATE
coconut,young_palm,1,29.42,1866.29,19.65,14.59,98.94,293.46,268.06,19.12,145.78,55,75,1500,0,1,1,CRITICAL
coconut,young_palm,1,55.19,639.16,23.46,17.47,35.83,23.56,347.64,9.21,827.55,55,75,1500,0,0,1,MODERATE
coconut,young_palm,1,99.61,1256.79,36.04,33.48,28.41,48.76,130.86,233.9,80.45,55,75,1500,0,0,1,POOR
coconut,young_palm,1,36.38,593.9,39.76,35.38,74.59,318.44,326.97,7.2,128.04,55,75,1500,1,0,1,CRITICAL
coconut,young_palm,1,10.83,1989.51,22.24,16.91,85.77,295.47,1058.91,8.56,140.26,55,75,1500,0,1,1,CRITICAL
coconut,young_palm,1,37.38,771.12,41.46,36.2,52.0,55.38,213.62,21.22,27.96,55,75,1500,1,0,0,POOR
coconut,young_palm,1,22.18,1856.11,19.13,16.64,92.73,31.01,894.63,19.04,20.74,55,75,1500,0,1,0,CRITICAL
coconut,young_palm,1,86.55,1046.7,45.4,41.06,60.32,69.39,208.91,1.13,39.62,55,75,1500,0,0,0,MODERATE
coconut,young_palm,1,19.2,153.91,43.78,40.57,66.59,85.78,380.07,23.44,148.05,55,75,1500,1,0,0,POOR
coconut,young_palm,1,82.63,371.21,25.59,19.95,36.71,297.89,1090.67,15.82,12.66,55,75,1500,0,0,1,MODERATE
coconut,young_palm,1,34.32,1445.03,27.24,23.18,53.73,227.76,244.07,208.52,46.14,55,75,1500,1,0,1,POOR
coconut,young_palm,1,52.89,1753.86,43.44,38.58,28.12,16.02,220.47,14.25,103.71,55,75,1500,0,1,0,CRITICAL
coconut,young_palm,1,14.61,450.86,33.18,29.03,30.69,60.61,355.2,16.92,33.86,55,75,1500,1,0,0,MODERATE
coconut,young_palm,1,51.46,1102.63,23.33,18.19,71.28,95.49,206.65,19.02,175.06,55,75,1500,1,0,0,MODERATE
coconut,young_palm,1,68.11,185.53,18.72,15.37,74.06,2.64,223.81,8.35,9.7,55,75,1500,0,0,0,MODERATE
coconut,young_palm,1,65.9,1777.27,39.94,34.75,58.41,487.32,859.76,5.64,33.32,55,75,1500,0,1,1,CRITICAL
coconut,young_palm,1,27.04,384.41,27.22,22.44,71.51,72.47,273.82,10.68,97.95,55,75,1500,1,0,0,MODERATE
coconut,young_palm,1,17.64,292.86,16.64,12.19,34.29,86.26,25.98,4.53,101.21,55,75,1500,1,0,0,POOR
coconut,young_palm,1,25.26,1938.69,38.55,35.62,65.9,18.8,1480.34,3.44,71.92,55,75,1500,0,1,1,CRITICAL
coconut,young_palm,1,67.97,1565.23,46.23,42.51,52.59,63.91,367.73,218.32,65.92,55,75,1500,0,1,1,CRITICAL
coconut,young_palm,1,73.25,1459.23,23.61,18.0,29.97,59.01,212.5,5.84,47.18,55,75,1500,0,0,0,MODERATE
coconut,young_palm,1,75.11,1097.49,37.41,34.68,74.28,90.58,389.04,1.38,53.77,55,75,1500,0,0,0,GOOD
coconut,young_palm,1,79.02,656.15,26.38,20.5,96.01,97.31,123.33,17.78,116.65,55,75,1500,0,0,0,GOOD
coconut,young_palm,1,49.47,1058.88,43.97,40.36,90.64,31.75,210.13,1.98,189.81,55,75,1500,1,0,0,POOR
coconut,young_palm,1,66.46,178.7,34.44,29.78,28.49,68.24,289.43,7.46,168.17,55,75,1500,0,0,0,MODERATE
coconut,young_palm,1,40.93,484.35,41.55,39.14,33.27,28.49,365.05,10.28,24.21,55,75,1500,1,0,0,POOR
coconut,young_palm,1,83.89,1709.49,21.24,17.32,67.55,54.41,343.28,5.58,106.45,55,75,1500,0,1,0,POOR
coconut,young_palm,1,83.09,361.76,18.57,15.36,86.2,54.17,359.31,17.34,158.23,55,75,1500,0,0,0,MODERATE
coconut,young_palm,1,61.73,1794.17,25.73,20.65,74.71,83.88,1387.79,11.24,24.34,55,75,1500,0,1,1,POOR
coconut,young_palm,1,71.19,1637.7,20.18,14.39,64.17,92.53,1088.18,21.24,67.81,55,75,1500,0,1,1,CRITICAL
coconut,young_palm,1,45.35,1958.44,27.02,24.34,94.39,354.13,1402.96,6.78,720.92,55,75,1500,0,1,1,CRITICAL
coconut,young_palm,1,36.58,1101.84,33.6,30.16,49.46,76.9,1325.25,2.06,411.41,55,75,1500,1,0,1,POOR
coconut,young_palm,1,17.69,649.57,24.84,19.91,73.67,6.17,281.64,13.14,125.59,55,75,1500,1,0,0,MODERATE
coconut,young_palm,1,89.18,1613.74,47.95,44.3,23.1,424.2,4.15,9.37,72.75,55,75,1500,0,1,1,CRITICAL
coconut,young_palm,1,33.68,1586.18,24.84,19.69,52.76,418.6,47.91,20.75,62.68,55,75,1500,0,1,1,CRITICAL
coconut,young_palm,1,50.41,494.22,35.33,30.9,41.03,21.14,51.36,66.76,732.66,55,75,1500,1,0,1,POOR
coconut,young_palm,1,42.88,1420.11,37.17,31.21,23.68,45.54,386.27,0.73,85.69,55,75,1500,1,0,0,POOR
coconut,young_palm,1,50.28,470.73,35.51,31.69,81.82,51.61,58.03,9.23,48.27,55,75,1500,1,0,0,MODERATE
coconut,young_palm,1,59.43,1934.55,36.03,31.77,83.04,248.86,313.05,11.0,15.45,55,75,1500,0,1,0,MODERATE
coconut,young_palm,1,40.48,272.83,30.14,25.46,80.76,381.18,132.95,93.78,36.1,55,75,1500,1,0,1,POOR
coconut,young_palm,1,25.26,304.61,26.96,21.28,22.43,20.77,176.44,86.1,118.12,55,75,1500,1,0,1,CRITICAL
coconut,young_palm,1,56.72,1507.61,22.85,20.76,47.37,493.38,57.66,9.97,113.05,55,75,1500,0,1,1,POOR
coconut,young_palm,1,11.12,397.34,38.7,35.74,93.61,7.85,388.82,23.83,105.34,55,75,1500,1,0,0,POOR
coconut,young_palm,1,58.83,535.83,38.28,34.41,57.62,95.19,346.95,7.74,185.24,55,75,1500,0,0,0,MODERATE
coconut,young_palm,1,12.56,944.27,37.35,33.73,44.08,18.68,51.14,310.72,166.79,55,75,1500,1,0,1,POOR
coconut,young_palm,1,56.99,897.42,40.9,38.19,46.71,97.87,340.32,15.65,768.61,55,75,1500,0,0,1,POOR
coconut,young_palm,1,84.87,884.75,43.43,38.28,40.66,62.3,32.69,2.2,47.06,55,75,1500,0,0,0,MODERATE
coconut,young_palm,1,82.48,57.22,47.29,41.33,60.58,98.5,325.69,5.9,175.4,55,75,1500,0,0,0,MODERATE
coconut,young_palm,1,66.89,1019.07,36.52,32.08,98.29,391.86,365.21,23.57,88.74,55,75,1500,0,0,1,MODERATE
coconut,bearing,1,86.7,965.03,37.3,31.82,76.76,15.64,261.5,208.62,51.14,50,70,1500,0,0,1,MODERATE
coconut,bearing,1,96.4,1914.4,19.72,14.4,61.38,68.62,319.59,14.34,162.08,50,70,1500,0,1,0,POOR
coconut,bearing,1,45.3,522.27,41.86,35.99,35.63,45.78,811.3,1.53,185.64,50,70,1500,1,0,0,POOR
coconut,bearing,1,89.95,1097.94,44.64,40.0,26.34,43.48,149.53,0.17,111.72,50,70,1500,0,0,0,POOR
coconut,bearing,1,84.41,1552.46,35.19,30.44,64.86,35.54,141.6,17.09,34.18,50,70,1500,0,1,0,MODERATE
coconut,bearing,1,91.73,1156.93,43.0,40.07,76.79,73.17,1454.81,3.14,184.52,50,70,1500,0,0,1,POOR
coconut,bearing,1,96.39,1544.17,37.97,33.64,52.54,218.97,146.98,9.33,98.25,50,70,1500,0,1,0,MODERATE
coconut,bearing,1,54.37,1143.18,47.67,42.45,23.18,78.36,341.4,1.57,29.62,50,70,1500,0,0,0,POOR
coconut,bearing,1,12.92,1858.08,42.7,36.75,39.4,69.94,338.7,10.87,34.66,50,70,1500,0,1,0,CRITICAL
coconut,bearing,1,77.66,531.48,15.54,10.03,36.51,41.8,208.33,151.13,44.12,50,70,1500,0,0,1,POOR
coconut,bearing,1,43.03,1128.06,37.04,32.79,92.44,36.03,1448.07,18.24,192.64,50,70,1500,1,0,1,POOR
coconut,bearing,1,52.67,727.53,15.89,12.02,31.87,3.65,1368.89,22.04,13.09,50,70,1500,0,0,1,POOR
coconut,bearing,1,46.11,684.46,18.43,16.15,36.8,83.46,24.41,3.83,27.37,50,70,1500,1,0,0,POOR
coconut,bearing,1,96.61,1585.76,34.31,29.9,34.31,89.36,230.17,21.56,35.83,50,70,1500,0,1,0,MODERATE
coconut,bearing,1,91.18,1271.01,34.4,28.62,83.31,1.61,121.57,3.64,521.09,50,70,1500,0,0,1,MODERATE
coconut,bearing,1,42.91,1835.84,39.77,34.78,84.28,9.6,1393.74,169.5,66.05,50,70,1500,0,1,1,CRITICAL
coconut,bearing,1,44.38,447.54,44.53,42.12,49.2,431.66,1201.38,11.68,190.22,50,70,1500,1,0,1,CRITICAL
coconut,bearing,1,32.31,1330.35,30.18,27.73,86.41,83.93,112.58,16.41,888.1,50,70,1500,1,0,1,POOR
coconut,bearing,1,81.28,181.56,22.85,18.09,43.66,39.36,344.5,168.3,100.88,50,70,1500,0,0,1,MODERATE
coconut,bearing,1,85.16,1734.63,30.39,24.94,72.28,68.61,275.07,12.25,112.75,50,70,1500,0,1,0,MODERATE
coconut,bearing,1,42.92,1146.07,39.73,37.65,30.6,30.2,204.35,24.44,64.82,50,70,1500,1,0,0,POOR
coconut,bearing,1,45.51,1072.72,19.81,17.43,33.38,216.49,147.42,11.42,66.1,50,70,1500,1,0,0,POOR
coconut,bearing,1,52.09,921.73,19.69,14.37,94.15,307.94,247.46,17.7,58.89,50,70,1500,0,0,1,POOR
coconut,bearing,1,23.68,604.11,26.96,22.75,68.44,79.07,975.57,16.0,171.73,50,70,1500,1,0,0,MODERATE
coconut,bearing,1,72.84,1878.04,20.22,17.94,29.75,74.07,282.6,17.47,134.28,50,70,1500,0,1,0,CRITICAL
coconut,bearing,1,37.69,1682.44,34.37,32.31,97.23,66.62,81.83,9.93,751.78,50,70,1500,0,1,1,CRITICAL
coconut,bearing,1,31.98,1625.45,25.06,22.07,57.84,451.78,270.95,17.47,17.76,50,70,1500,0,1,1,CRITICAL
coconut,bearing,1,12.9,926.98,33.73,29.98,34.09,7.74,6.35,22.01,169.49,50,70,1500,1,0,0,MODERATE
coconut,bearing,1,77.96,1250.37,15.91,10.76,89.67,51.75,287.53,7.31,831.26,50,70,1500,0,0,1,POOR
coconut,bearing,1,38.79,1859.35,33.69,30.65,56.21,80.01,102.93,8.27,37.17,50,70,1500,0,1,0,POOR
coconut,bearing,1,78.44,983.5,34.63,30.23,31.74,453.49,275.42,277.66,532.42,50,70,1500,0,0,1,MODERATE
coconut,bearing,1,78.99,147.07,33.52,30.58,42.95,8.76,31.43,86.88,112.66,50,70,1500,0,0,1,MODERATE
coconut,bearing,1,28.29,1602.61,32.16,26.22,96.25,499.78,319.71,2.58,189.11,50,70,1500,0,1,1,CRITICAL
coconut,bearing,1,47.37,1300.3,37.15,34.12,79.09,14.61,215.83,1.24,176.09,50,70,1500,1,0,0,MODERATE
coconut,bearing,1,93.94,1968.96,17.6,14.96,99.22,29.35,1290.98,18.22,69.58,50,70,1500,0,1,1,CRITICAL
coconut,bearing,1,35.28,1339.04,25.27,19.86,45.84,439.11,234.44,21.24,116.41,50,70,1500,1,0,1,POOR
coconut,bearing,1,49.1,222.63,19.32,14.0,57.16,9.98,126.76,24.22,118.99,50,70,1500,1,0,0,POOR
coconut,bearing,1,15.66,1636.11,47.03,43.31,35.31,10.88,91.88,22.53,27.73,50,70,1500,0,1,0,CRITICAL
coconut,bearing,1,73.71,710.58,45.2,42.74,22.63,74.21,17.48,15.97,160.61,50,70,1500,0,0,0,POOR
coconut,bearing,1,32.64,1163.52,39.35,34.47,43.03,471.06,102.8,16.35,84.37,50,70,1500,1,0,1,CRITICAL
coconut,bearing,1,79.15,666.95,42.71,40.58,40.65,17.76,218.24,141.99,95.27,50,70,1500,0,0,1,POOR
coconut,bearing,1,30.91,673.85,21.83,18.37,90.32,4.8,362.57,23.99,195.76,50,70,1500,1,0,0,POOR
coconut,bearing,1,97.98,1393.39,36.87,32.38,64.44,94.92,1169.4,0.57,3.79,50,70,1500,0,0,1,MODERATE
coconut,bearing,1,29.71,696.96,37.35,33.98,88.54,24.85,917.91,8.62,98.7,50,70,1500,1,0,0,MODERATE
coconut,bearing,1,91.24,1021.04,16.43,13.37,23.9,88.2,385.81,23.18,158.39,50,70,1500,0,0,0,POOR
coconut,bearing,1,82.29,1866.31,34.99,30.98,26.09,61.7,297.84,9.93,44.07,50,70,1500,0,1,0,POOR
coconut,bearing,1,91.73,1037.59,15.04,12.9,31.58,78.07,344.4,8.49,90.78,50,70,1500,0,0,0,MODERATE
coconut,bearing,1,82.8,1956.25,21.7,18.89,64.52,53.26,170.02,1.68,119.21,50,70,1500,0,1,0,POOR
coconut,bearing,1,76.3,1615.78,21.93,17.04,25.09,85.59,868.11,11.3,49.76,50,70,1500,0,1,0,CRITICAL
coconut,bearing,1,65.32,1608.7,43.11,38.97,81.26,14.99,77.94,10.27,79.79,50,70,1500,0,1,0,POOR
coconut,bearing,1,53.7,1756.93,23.15,19.02,49.52,59.13,1118.1,6.7,66.45,50,70,1500,0,1,1,POOR
coconut,bearing,1,73.69,589.64,47.46,44.32,86.27,29.26,223.07,17.69,3.26,50,70,1500,0,0,0,MODERATE
coconut,bearing,1,13.87,532.33,37.07,32.72,36.54,18.62,0.95,205.53,50.98,50,70,1500,1,0,1,POOR
coconut,bearing,1,23.36,1293.98,42.7,39.92,72.7,88.8,60.92,18.86,93.22,50,70,1500,1,0,0,POOR
coconut,bearing,1,15.15,1449.06,15.66,13.4,46.73,93.11,358.82,17.89,43.68,50,70,1500,1,0,0,POOR
coconut,bearing,1,38.76,1230.05,41.03,35.42,80.84,34.17,362.43,1.95,33.62,50,70,1500,1,0,0,POOR
coconut,bearing,1,17.74,561.42,37.34,32.75,41.0,167.44,130.86,8.38,195.33,50,70,1500,1,0,0,MODERATE
coconut,bearing,1,67.42,479.49,25.11,20.26,26.7,366.85,370.27,20.12,44.7,50,70,1500,0,0,1,POOR
coconut,bearing,1,70.78,325.1,29.22,23.36,80.61,88.28,140.59,109.17,181.5,50,70,1500,0,0,1,MODERATE
coconut,bearing,1,55.1,537.63,44.6,41.68,69.97,33.54,333.04,5.54,63.93,50,70,1500,0,0,0,MODERATE
coconut,bearing,1,82.64,677.34,34.93,31.13,42.99,26.53,138.26,1.09,169.63,50,70,1500,0,0,0,GOOD
coconut,bearing,1,23.05,550.72,37.77,33.73,61.15,13.32,48.92,7.94,21.33,50,70,1500,1,0,0,MODERATE
coconut,bearing,1,39.99,1890.55,33.19,30.93,73.78,99.86,329.7,22.75,26.91,50,70,1500,0,1,0,POOR
coconut,bearing,1,83.53,1798.09,26.09,20.26,53.48,17.2,7.77,15.33,72.53,50,70,1500,0,1,0,MODERATE
coconut,bearing,1,41.64,1922.49,44.33,42.24,98.98,25.71,88.13,354.37,24.51,50,70,1500,0,1,1,CRITICAL
coconut,bearing,1,40.67,1648.14,26.1,20.47,52.92,30.98,296.38,12.51,103.79,50,70,1500,0,1,0,POOR
coconut,bearing,1,82.41,1480.97,25.86,20.97,66.22,54.39,319.66,11.04,514.08,50,70,1500,0,0,1,MODERATE
coconut,bearing,1,78.68,326.01,31.45,28.59,43.81,359.66,65.83,23.26,508.05,50,70,1500,0,0,1,MODERATE
coconut,bearing,1,64.26,641.87,39.59,36.43,60.31,446.3,346.3,8.68,17.88,50,70,1500,0,0,1,POOR
coconut,bearing,1,58.73,783.1,39.98,34.98,82.09,6.33,1009.23,328.62,50.01,50,70,1500,0,0,1,POOR
coconut,bearing,1,11.46,1228.92,36.32,33.72,61.0,38.55,234.05,1.82,87.21,50,70,1500,1,0,0,MODERATE
coconut,bearing,1,23.4,1778.3,27.3,23.94,60.12,20.53,157.53,23.82,150.32,50,70,1500,0,1,0,POOR
coconut,bearing,1,53.6,1357.24,19.1,14.68,87.49,20.9,332.48,16.98,656.61,50,70,1500,0,0,1,POOR
coconut,bearing,1,61.35,1971.93,19.7,15.94,36.02,426.42,1467.36,22.62,33.7,50,70,1500,0,1,1,CRITICAL
coconut,bearing,1,87.7,1183.2,19.49,13.97,26.43,92.69,258.12,138.78,88.25,50,70,1500,0,0,1,CRITICAL
coconut,bearing,1,69.05,1942.69,33.66,28.73,87.97,4.6,281.01,5.74,117.27,50,70,1500,0,1,0,MODERATE
coconut,bearing,1,87.37,224.6,24.01,20.64,21.07,41.76,40.07,20.1,77.91,50,70,1500,0,0,0,MODERATE
coconut,bearing,1,88.52,1621.46,15.7,10.17,69.11,80.19,142.76,20.32,547.76,50,70,1500,0,1,1,CRITICAL
coconut,bearing,1,25.14,1461.03,20.11,16.99,79.91,72.91,81.54,0.09,49.42,50,70,1500,1,0,0,POOR
coconut,bearing,1,47.15,387.98,37.01,32.73,70.3,96.74,399.51,4.05,167.81,50,70,1500,1,0,0,MODERATE
coconut,bearing,1,69.87,473.33,20.59,18.25,29.09,70.39,1347.9,6.69,105.13,50,70,1500,0,0,1,CRITICAL
coconut,bearing,1,17.95,1953.79,15.2,10.44,90.98,39.37,211.59,6.68,154.1,50,70,1500,0,1,0,CRITICAL
coconut,bearing,1,13.95,319.78,46.97,43.69,41.37,73.51,57.92,6.73,130.71,50,70,1500,1,0,0,POOR
coconut,bearing,1,53.77,1998.03,42.68,36.78,94.08,82.04,1100.67,146.77,139.92,50,70,1500,0,1,1,CRITICAL
coconut,bearing,1,62.16,1607.57,41.16,37.46,40.68,78.77,54.91,15.29,125.1,50,70,1500,0,1,0,POOR
coconut,bearing,1,43.72,352.31,30.31,24.45,90.41,31.11,262.06,20.9,178.36,50,70,1500,1,0,0,MODERATE
coconut,bearing,1,85.62,1959.47,25.25,21.72,58.85,412.63,396.41,8.95,17.99,50,70,1500,0,1,1,POOR
coconut,bearing,1,55.71,378.96,34.16,30.3,52.31,64.9,260.45,4.89,33.52,50,70,1500,0,0,0,GOOD
coconut,bearing,1,81.63,1235.0,32.16,30.02,43.83,69.23,241.56,2.85,7.06,50,70,1500,0,0,0,GOOD
coconut,bearing,1,24.66,1223.19,27.2,24.13,84.91,252.72,66.01,3.11,134.37,50,70,1500,1,0,1,POOR
coconut,bearing,1,54.33,892.17,43.86,40.49,91.32,27.55,199.61,14.5,766.77,50,70,1500,0,0,1,POOR
coconut,bearing,1,40.13,1879.47,30.46,24.71,38.45,89.71,387.27,8.62,108.05,50,70,1500,0,1,0,POOR
coconut,bearing,1,63.97,1074.22,16.3,14.25,68.49,418.99,70.97,11.2,194.13,50,70,1500,0,0,1,POOR
coconut,bearing,1,64.68,1151.84,17.14,14.52,50.34,64.95,5.27,245.61,181.34,50,70,1500,0,0,1,POOR
coconut,bearing,1,19.65,676.79,39.81,35.37,76.45,10.53,148.72,19.9,736.92,50,70,1500,1,0,1,CRITICAL
coconut,bearing,1,92.1,534.13,17.18,12.89,52.5,18.34,140.59,15.18,138.19,50,70,1500,0,0,0,MODERATE
coconut,bearing,1,55.58,97.01,31.53,29.5,68.19,31.2,155.97,2.09,180.68,50,70,1500,0,0,0,GOOD
coconut,bearing,1,24.92,137.41,18.94,15.02,37.58,161.33,1478.35,17.32,55.52,50,70,1500,1,0,1,CRITICAL
coconut,bearing,1,71.43,197.49,35.15,32.91,86.16,4.04,866.81,9.58,156.14,50,70,1500,0,0,0,GOOD
coconut,bearing,1,52.37,1938.18,16.17,13.93,77.19,73.54,161.42,24.34,57.93,50,70,1500,0,1,0,POOR
coconut,bearing,1,38.45,655.97,15.3,10.77,77.94,35.3,240.35,13.18,675.05,50,70,1500,1,0,1,CRITICAL
coconut,bearing,1,23.94,1526.07,22.94,17.12,67.58,43.28,1245.18,14.93,175.76,50,70,1500,0,1,1,CRITICAL
coconut,bearing,1,36.06,1152.49,31.99,27.95,26.29,19.45,72.71,17.26,94.54,50,70,1500,1,0,0,POOR
coconut,bearing,1,19.23,1628.21,32.33,27.68,79.6,30.02,1013.32,2.15,30.76,50,70,1500,0,1,1,CRITICAL
coconut,bearing,1,57.5,1213.67,22.1,18.09,20.5,60.2,193.33,0.17,684.62,50,70,1500,0,0,1,POOR
coconut,bearing,1,87.58,1411.53,26.98,21.67,51.33,387.33,200.01,7.56,142.38,50,70,1500,0,0,1,MODERATE
coconut,bearing,1,29.21,1230.56,37.25,32.11,99.27,23.13,369.6,180.83,92.2,50,70,1500,1,0,1,POOR
coconut,bearing,1,78.75,668.86,43.94,39.74,44.73,3.82,86.28,24.72,43.96,50,70,1500,0,0,0,MODERATE
coconut,bearing,1,85.15,1923.12,39.41,37.33,55.07,42.07,285.76,17.47,7.38,50,70,1500,0,1,0,POOR
coconut,bearing,1,57.61,1727.64,42.32,38.65,87.19,18.83,49.76,17.11,69.61,50,70,1500,0,1,0,POOR
coconut,bearing,1,48.75,1726.25,26.73,21.68,72.01,45.6,336.07,8.16,178.9,50,70,1500,0,1,0,POOR
coconut,bearing,1,40.07,799.21,21.29,15.48,23.46,267.15,200.64,5.9,72.08,50,70,1500,1,0,1,CRITICAL
coconut,bearing,1,50.83,1745.76,40.02,38.0,78.49,7.27,1063.69,78.15,177.25,50,70,1500,0,1,1,CRITICAL
coconut,bearing,1,24.8,1774.34,30.48,26.22,29.44,61.48,942.73,17.58,85.68,50,70,1500,0,1,0,CRITICAL
coconut,bearing,1,36.83,170.62,23.15,18.13,83.46,27.66,104.79,3.02,33.58,50,70,1500,1,0,0,MODERATE
coconut,bearing,1,26.13,876.61,23.88,19.14,89.38,40.08,179.69,322.72,703.59,50,70,1500,1,0,1,POOR
coconut,bearing,1,16.17,1760.65,17.13,11.2,26.71,36.8,346.51,376.62,425.9,50,70,1500,0,1,1,CRITICAL
coconut,bearing,1,11.84,374.7,17.67,12.7,26.96,29.27,54.49,233.86,172.7,50,70,1500,1,0,1,CRITICAL
coconut,bearing,1,92.18,1101.94,40.06,36.05,82.86,408.27,106.26,21.71,131.61,50,70,1500,0,0,1,POOR
coconut,bearing,1,84.27,560.62,34.17,28.43,60.92,9.34,28.46,3.01,168.18,50,70,1500,0,0,0,GOOD
coconut,bearing,1,14.53,70.48,45.55,42.97,59.94,79.48,92.77,11.37,65.44,50,70,1500,1,0,0,POOR
coconut,bearing,1,89.94,1746.02,32.95,29.98,97.78,81.06,40.83,17.19,9.41,50,70,1500,0,1,0,MODERATE
coconut,bearing,1,69.53,795.52,17.31,12.2,94.11,52.74,28.61,6.23,55.35,50,70,1500,0,0,0,MODERATE
coconut,bearing,1,61.15,1149.83,36.44,33.46,93.76,26.57,352.6,2.13,82.12,50,70,1500,0,0,0,GOOD
coconut,bearing,1,18.15,1293.72,45.13,40.47,66.44,99.07,1165.0,22.45,66.84,50,70,1500,1,0,1,CRITICAL
coconut,bearing,1,69.08,1444.16,35.57,31.74,75.74,393.63,871.76,242.96,124.01,50,70,1500,0,0,1,MODERATE
coconut,bearing,1,90.49,853.58,42.98,37.81,92.51,26.31,213.71,24.35,101.66,50,70,1500,0,0,0,MODERATE
coconut,bearing,1,55.17,1364.22,20.51,16.76,80.02,57.95,52.87,10.94,50.04,50,70,1500,0,0,0,MODERATE
coconut,bearing,1,95.04,445.41,21.03,16.96,29.56,496.77,282.45,14.24,37.09,50,70,1500,0,0,1,CRITICAL
coconut,bearing,1,93.12,1136.96,27.88,22.21,92.32,50.41,123.07,14.93,162.46,50,70,1500,0,0,0,GOOD
coconut,bearing,1,94.21,80.73,29.88,24.25,75.68,70.4,386.78,9.72,46.91,50,70,1500,0,0,0,GOOD
coconut,bearing,1,68.0,521.78,33.25,28.29,75.44,484.66,375.28,6.69,697.78,50,70,1500,0,0,1,MODERATE
coconut,bearing,1,62.87,879.8,17.53,12.61,25.97,59.79,308.07,22.87,174.15,50,70,1500,0,0,0,POOR
coconut,bearing,1,17.91,803.15,46.89,44.47,87.69,32.53,130.24,381.59,22.69,50,70,1500,1,0,1,CRITICAL
coconut,bearing,1,91.89,1529.06,46.72,42.95,78.53,323.66,97.46,15.4,764.08,50,70,1500,0,1,1,CRITICAL
coconut,bearing,1,45.71,1794.19,43.44,37.58,41.8,49.45,292.93,15.99,94.22,50,70,1500,0,1,0,CRITICAL
coconut,bearing,1,62.0,184.74,18.75,13.9,78.51,26.63,1156.33,0.06,177.31,50,70,1500,0,0,1,POOR
coconut,bearing,1,44.34,1244.02,43.32,40.24,40.1,191.38,216.25,21.65,144.96,50,70,1500,1,0,0,POOR
coconut,bearing,1,24.28,1935.06,21.13,17.27,98.62,41.72,136.16,7.18,173.46,50,70,1500,0,1,0,CRITICAL
coconut,bearing,1,92.04,705.06,40.58,35.58,23.98,350.5,237.6,12.36,185.55,50,70,1500,0,0,1,CRITICAL
coconut,bearing,1,31.96,59.07,23.71,20.45,74.65,47.67,282.81,7.22,183.81,50,70,1500,1,0,0,MODERATE
coconut,bearing,1,67.57,84.08,20.98,18.73,43.23,20.54,336.89,344.04,20.2,50,70,1500,0,0,1,POOR
coconut,bearing,1,67.67,1134.48,32.6,27.5,43.47,38.91,998.7,18.23,73.25,50,70,1500,0,0,0,GOOD
coconut,bearing,1,11.55,1605.73,44.2,40.27,61.59,69.16,63.67,20.11,10.82,50,70,1500,0,1,0,CRITICAL
coconut,bearing,1,72.7,1535.35,31.36,28.16,82.85,197.23,88.49,147.81,127.59,50,70,1500,0,1,1,POOR
coconut,bearing,1,89.4,1145.27,19.38,16.23,37.98,12.59,153.0,24.86,88.27,50,70,1500,0,0,0,MODERATE
coconut,bearing,1,78.71,693.13,35.01,32.64,22.11,81.58,239.03,12.03,20.65,50,70,1500,0,0,0,MODERATE
coconut,bearing,1,44.06,560.39,36.05,33.38,84.87,420.07,375.86,16.94,171.15,50,70,1500,1,0,1,POOR
coconut,bearing,1,80.97,438.23,44.59,41.26,51.71,13.15,389.66,4.98,791.33,50,70,1500,0,0,1,POOR
coconut,bearing,1,18.53,1588.33,45.34,42.08,49.04,483.77,22.25,10.53,101.87,50,70,1500,0,1,1,CRITICAL
coconut,bearing,1,38.65,1377.02,44.44,41.44,86.04,36.07,191.74,226.67,20.9,50,70,1500,1,0,1,CRITICAL
coconut,bearing,1,28.57,86.5,15.22,12.47,34.04,0.04,158.46,11.76,3.9,50,70,1500,1,0,0,POOR
coconut,bearing,1,51.03,1364.85,34.49,30.45,87.03,177.26,184.87,23.65,416.66,50,70,1500,0,0,1,MODERATE
coconut,bearing,1,83.6,1519.17,29.58,23.81,59.19,72.08,169.68,318.77,163.69,50,70,1500,0,1,1,POOR
coconut,bearing,1,88.98,1132.45,41.74,38.05,61.8,5.26,110.48,389.21,69.27,50,70,1500,0,0,1,POOR
coconut,bearing,1,79.49,607.65,44.46,39.12,38.96,69.35,1386.15,1.47,67.6,50,70,1500,0,0,1,POOR
coconut,bearing,1,80.43,1471.4,44.65,40.67,83.02,495.6,336.54,3.75,30.2,50,70,1500,0,0,1,POOR
coconut,bearing,1,44.91,101.46,33.1,28.48,46.75,13.13,326.74,22.47,123.5,50,70,1500,1,0,0,MODERATE
coconut,bearing,1,72.48,1824.76,38.39,34.46,88.26,449.43,241.46,22.65,68.93,50,70,1500,0,1,1,CRITICAL
coconut,bearing,1,54.21,892.35,43.19,40.74,64.32,40.34,173.34,1.78,630.61,50,70,1500,0,0,1,POOR
coconut,bearing,1,95.69,1809.43,16.13,10.72,82.09,49.88,42.81,13.84,95.63,50,70,1500,0,1,0,POOR
coconut,bearing,1,60.62,580.66,24.71,19.75,20.46,65.27,74.78,18.88,100.5,50,70,1500,0,0,0,MODERATE
coconut,bearing,1,12.13,274.88,20.2,17.44,22.42,92.05,1458.83,16.91,67.01,50,70,1500,1,0,1,CRITICAL
coconut,bearing,1,97.22,213.26,28.1,22.49,78.26,86.98,277.46,8.14,89.04,50,70,1500,0,0,0,GOOD
coconut,bearing,1,85.91,603.77,30.54,26.89,74.25,212.91,73.42,11.38,38.99,50,70,1500,0,0,0,GOOD
coconut,bearing,1,52.63,1737.39,28.63,22.77,70.48,75.67,33.87,394.51,168.9,50,70,1500,0,1,1,POOR
coconut,bearing,1,19.19,1184.0,17.29,13.51,65.3,22.82,59.15,166.04,475.58,50,70,1500,1,0,1,CRITICAL
coconut,bearing,1,65.66,92.38,40.0,36.34,51.69,38.28,259.06,3.39,18.27,50,70,1500,0,0,0,MODERATE
coconut,bearing,1,13.49,71.18,47.87,44.31,39.64,54.77,45.11,12.59,101.76,50,70,1500,1,0,0,POOR
coconut,bearing,1,68.8,1692.2,25.54,21.41,88.33,16.79,146.45,6.7,4.63,50,70,1500,0,1,0,MODERATE
coconut,bearing,1,84.66,1244.18,29.72,24.79,24.0,75.61,872.11,20.2,85.51,50,70,1500,0,0,0,MODERATE
coconut,bearing,1,23.12,76.28,40.16,36.79,59.27,30.74,148.11,8.06,857.68,50,70,1500,1,0,1,CRITICAL
coconut,bearing,1,88.47,491.96,23.38,18.2,55.69,29.78,358.01,313.71,32.42,50,70,1500,0,0,1,MODERATE
coconut,bearing,1,35.34,1044.08,23.72,20.79,97.34,10.4,383.43,14.75,35.75,50,70,1500,1,0,0,MODERATE
coconut,bearing,1,17.87,1447.94,29.72,26.17,70.53,5.29,196.1,13.29,82.26,50,70,1500,1,0,0,MODERATE
coconut,bearing,1,54.97,1970.21,15.58,11.92,94.41,92.81,276.34,62.94,91.34,50,70,1500,0,1,1,CRITICAL
coconut,bearing,1,46.8,526.22,36.26,32.07,93.04,42.92,127.94,15.93,36.67,50,70,1500,1,0,0,MODERATE
coconut,bearing,1,44.12,1011.2,37.35,32.43,54.17,11.99,1021.12,6.57,199.47,50,70,1500,1,0,1,POOR
coconut,bearing,1,10.21,513.17,26.42,21.83,29.1,12.87,45.86,9.55,123.53,50,70,1500,1,0,0,POOR
coconut,bearing,1,79.94,655.27,15.79,13.27,59.28,38.21,64.6,24.53,112.84,50,70,1500,0,0,0,MODERATE
coconut,bearing,1,83.76,892.9,42.67,37.7,30.83,85.96,310.0,74.07,722.22,50,70,1500,0,0,1,POOR
coconut,bearing,1,10.67,882.05,33.69,31.68,69.95,169.22,391.01,21.51,79.61,50,70,1500,1,0,0,MODERATE
coconut,bearing,1,14.64,1214.6,25.22,21.21,97.02,6.31,261.43,18.92,192.98,50,70,1500,1,0,0,MODERATE
coconut,bearing,1,60.64,747.52,37.09,31.5,75.76,56.94,252.0,12.68,694.45,50,70,1500,0,0,1,MODERATE
coconut,bearing,1,50.04,1648.84,42.79,38.93,59.09,33.34,343.31,22.39,69.14,50,70,1500,0,1,0,POOR
coconut,bearing,1,48.09,1022.44,22.34,18.65,37.23,35.07,253.57,12.77,695.28,50,70,1500,1,0,1,POOR
coconut,bearing,1,46.41,819.3,46.85,41.93,61.5,71.85,83.83,344.2,714.85,50,70,1500,1,0,1,CRITICAL
coconut,bearing,1,65.99,1593.26,30.55,25.64,99.92,38.25,1026.02,200.25,682.38,50,70,1500,0,1,1,POOR
coconut,bearing,1,38.33,79.78,44.58,40.1,38.43,27.63,293.04,179.28,101.04,50,70,1500,1,0,1,CRITICAL
coconut,bearing,1,76.04,785.81,23.66,19.24,82.58,10.92,361.45,14.93,148.36,50,70,1500,0,0,0,GOOD
coconut,bearing,1,86.5,648.71,21.55,18.3,34.48,77.73,65.0,23.75,67.16,50,70,1500,0,0,0,MODERATE
coconut,bearing,1,49.21,1508.59,18.28,13.59,40.86,64.24,344.68,55.91,120.27,50,70,1500,0,1,1,CRITICAL
coconut,bearing,1,71.58,1989.73,25.89,20.69,43.29,48.77,183.72,202.23,58.6,50,70,1500,0,1,1,POOR
coconut,bearing,1,23.86,743.17,31.16,26.36,56.54,2.44,367.18,7.46,12.31,50,70,1500,1,0,0,MODERATE
coconut,bearing,1,45.67,1369.97,24.06,19.95,90.44,10.77,379.64,8.83,70.33,50,70,1500,1,0,0,MODERATE
coconut,bearing,1,15.65,1018.87,32.3,27.5,20.85,42.84,268.96,22.1,17.93,50,70,1500,1,0,0,POOR
coconut,bearing,1,60.54,946.58,23.73,17.73,32.26,162.52,190.8,14.32,166.51,50,70,1500,0,0,0,GOOD
coconut,bearing,1,22.86,1797.68,23.82,21.33,25.3,75.08,212.06,19.57,38.67,50,70,1500,0,1,0,CRITICAL
coconut,bearing,1,75.0,1588.9,22.94,19.86,64.81,75.25,364.43,19.81,14.22,50,70,1500,0,1,0,MODERATE
coconut,bearing,1,76.18,1347.36,47.99,43.61,28.84,97.85,955.52,10.49,402.2,50,70,1500,0,0,1,CRITICAL
coconut,mature_bearing,0,16.79,1681.83,46.36,42.12,64.14,66.9,26.57,17.35,69.98,45,65,1500,0,1,0,CRITICAL
coconut,mature_bearing,0,86.53,1757.98,45.85,41.85,96.53,49.92,347.45,249.2,35.5,45,65,1500,0,1,1,CRITICAL
coconut,mature_bearing,0,92.76,1401.85,18.6,15.79,94.15,50.76,33.62,21.68,125.1,45,65,1500,0,0,0,MODERATE
coconut,mature_bearing,0,94.49,1302.99,15.21,9.37,96.21,94.59,390.87,177.19,121.14,45,65,1500,0,0,1,POOR
coconut,mature_bearing,0,77.87,917.59,47.36,45.01,93.11,65.74,331.6,370.23,94.96,45,65,1500,0,0,1,POOR
coconut,mature_bearing,0,28.02,1017.61,44.6,41.13,78.88,62.31,341.04,19.38,22.99,45,65,1500,1,0,0,POOR
coconut,mature_bearing,0,49.2,411.26,32.55,27.5,31.21,34.44,54.73,1.47,100.55,45,65,1500,0,0,0,GOOD
coconut,mature_bearing,0,30.03,1688.74,38.55,33.9,82.5,29.37,27.11,192.82,634.44,45,65,1500,0,1,1,CRITICAL
coconut,mature_bearing,0,21.82,548.45,29.96,25.67,31.85,227.09,333.85,57.34,102.2,45,65,1500,1,0,1,POOR
coconut,mature_bearing,0,91.15,98.33,19.71,16.94,24.81,22.53,242.17,115.76,132.64,45,65,1500,0,0,1,CRITICAL
coconut,mature_bearing,0,70.62,1778.47,20.27,18.25,79.2,60.05,199.04,19.39,196.44,45,65,1500,0,1,0,POOR
coconut,mature_bearing,0,97.98,1462.65,23.12,17.53,83.46,44.93,1448.89,8.26,5.55,45,65,1500,0,0,1,MODERATE
coconut,mature_bearing,0,16.74,1682.52,16.12,11.37,94.41,40.62,379.33,3.9,105.77,45,65,1500,0,1,0,CRITICAL
coconut,mature_bearing,0,28.27,1887.54,20.79,18.0,20.99,1.97,1491.55,8.06,176.45,45,65,1500,0,1,1,CRITICAL
coconut,mature_bearing,0,26.77,1528.4,35.83,32.28,27.85,76.74,101.46,6.99,114.71,45,65,1500,0,1,0,CRITICAL
coconut,mature_bearing,0,60.19,85.84,38.04,33.48,75.52,47.49,9.44,8.46,26.84,45,65,1500,0,0,0,MODERATE
coconut,mature_bearing,0,91.4,1565.5,47.93,41.96,78.32,77.67,323.36,18.27,780.26,45,65,1500,0,1,1,CRITICAL
coconut,mature_bearing,0,53.56,285.91,35.45,32.09,53.53,15.16,306.58,22.85,136.75,45,65,1500,0,0,0,GOOD
coconut,mature_bearing,0,94.9,344.62,20.81,18.74,79.15,89.4,97.64,49.0,27.1,45,65,1500,0,0,1,POOR
coconut,mature_bearing,0,45.54,881.7,28.82,25.45,84.86,50.8,327.39,19.72,123.78,45,65,1500,0,0,0,GOOD
coconut,mature_bearing,0,55.85,318.33,27.3,22.88,38.09,63.78,129.74,12.09,53.74,45,65,1500,0,0,0,GOOD
coconut,mature_bearing,0,97.44,547.12,19.79,16.76,66.12,21.75,46.59,12.09,96.68,45,65,1500,0,0,0,MODERATE
coconut,mature_bearing,0,86.26,1650.49,29.78,26.43,59.91,22.14,7.2,22.0,98.05,45,65,1500,0,1,0,MODERATE
coconut,mature_bearing,0,91.86,500.61,46.11,43.08,20.21,319.3,293.74,1.28,72.32,45,65,1500,0,0,1,CRITICAL
coconut,mature_bearing,0,49.61,139.54,16.32,11.51,95.91,84.73,244.21,22.13,182.83,45,65,1500,0,0,0,MODERATE
coconut,mature_bearing,0,40.18,1274.35,38.98,34.58,78.9,59.01,914.34,11.74,513.17,45,65,1500,1,0,1,CRITICAL
coconut,mature_bearing,0,39.59,537.99,37.03,32.33,97.43,188.49,300.09,24.0,71.79,45,65,1500,1,0,0,MODERATE
coconut,mature_bearing,0,38.01,571.87,19.13,14.94,41.87,33.15,278.57,22.98,179.36,45,65,1500,1,0,0,POOR
coconut,mature_bearing,0,33.44,907.15,33.3,28.54,75.35,11.66,284.55,17.37,71.05,45,65,1500,1,0,0,MODERATE
coconut,mature_bearing,0,83.24,252.32,36.85,31.73,63.43,76.68,346.21,13.5,64.82,45,65,1500,0,0,0,GOOD
coconut,mature_bearing,0,39.66,1718.24,28.53,24.88,98.56,196.02,958.52,12.36,169.75,45,65,1500,0,1,0,POOR
coconut,mature_bearing,0,22.66,1692.28,18.53,16.15,94.68,87.35,218.39,366.1,109.32,45,65,1500,0,1,1,CRITICAL
coconut,mature_bearing,0,51.51,397.27,42.64,36.75,94.46,328.85,288.7,23.79,147.11,45,65,1500,0,0,1,POOR
coconut,mature_bearing,0,32.63,1804.88,15.43,9.8,23.14,9.54,89.88,8.77,172.55,45,65,1500,0,1,0,CRITICAL
coconut,mature_bearing,0,71.04,277.13,35.13,33.01,47.33,17.2,315.66,2.47,776.17,45,65,1500,0,0,1,MODERATE
coconut,mature_bearing,0,43.61,50.35,30.74,25.13,73.2,427.36,1213.15,129.62,58.82,45,65,1500,1,0,1,POOR
coconut,mature_bearing,0,89.67,231.38,47.81,44.49,76.86,12.87,351.36,22.36,37.91,45,65,1500,0,0,0,MODERATE
coconut,mature_bearing,0,20.27,1009.27,21.5,18.71,61.84,55.54,267.9,22.38,40.82,45,65,1500,1,0,0,POOR
coconut,mature_bearing,0,95.19,592.52,18.28,14.59,20.04,167.32,347.97,332.88,66.9,45,65,1500,0,0,1,CRITICAL
coconut,mature_bearing,0,97.0,303.43,42.02,38.59,29.24,45.9,189.78,2.46,676.32,45,65,1500,0,0,1,CRITICAL
coconut,mature_bearing,0,13.48,423.55,19.02,15.71,47.11,8.86,823.22,9.92,31.54,45,65,1500,1,0,0,POOR
coconut,mature_bearing,0,37.4,1852.22,19.91,16.01,72.87,91.8,1031.97,2.33,59.81,45,65,1500,0,1,1,CRITICAL
coconut,mature_bearing,0,30.24,471.56,24.07,21.99,53.91,306.83,228.57,23.66,134.05,45,65,1500,1,0,1,POOR
coconut,mature_bearing,0,46.58,122.31,18.67,14.07,69.52,23.9,121.99,7.19,25.69,45,65,1500,0,0,0,MODERATE
coconut,mature_bearing,0,62.28,717.9,26.56,24.0,46.85,494.65,317.19,21.42,51.44,45,65,1500,0,0,1,MODERATE
coconut,mature_bearing,0,90.57,1159.36,20.42,14.45,60.16,25.07,1115.4,3.07,161.29,45,65,1500,0,0,1,POOR
coconut,mature_bearing,0,20.92,1172.52,26.62,24.19,84.31,54.65,220.69,21.18,65.22,45,65,1500,1,0,0,MODERATE
coconut,mature_bearing,0,93.63,1584.44,36.94,33.64,87.41,76.77,70.21,17.86,47.85,45,65,1500,0,1,0,MODERATE
coconut,mature_bearing,0,11.15,1365.26,34.41,28.46,81.02,24.62,394.46,12.46,598.07,45,65,1500,1,0,1,POOR
coconut,mature_bearing,0,91.0,1833.46,46.28,42.28,88.92,34.7,1127.93,1.66,96.28,45,65,1500,0,1,1,CRITICAL
coconut,mature_bearing,0,95.83,1115.9,33.44,27.55,94.12,20.87,375.75,2.35,52.13,45,65,1500,0,0,0,GOOD
coconut,mature_bearing,0,99.25,631.58,33.66,31.58,84.51,68.02,109.83,1.88,487.33,45,65,1500,0,0,1,MODERATE
coconut,mature_bearing,0,49.22,339.22,17.44,13.75,84.73,43.88,134.95,329.3,148.26,45,65,1500,0,0,1,POOR
coconut,mature_bearing,0,67.76,478.67,38.16,33.56,72.52,33.33,75.88,13.61,155.97,45,65,1500,0,0,0,MODERATE
coconut,mature_bearing,0,86.9,852.19,41.7,38.31,24.2,68.93,1074.08,15.33,169.57,45,65,1500,0,0,1,CRITICAL
coconut,mature_bearing,0,59.42,1228.31,45.99,43.84,71.1,426.36,818.09,372.55,888.45,45,65,1500,0,0,1,POOR
coconut,mature_bearing,0,18.79,1634.78,38.51,35.97,79.03,448.84,376.93,9.43,99.12,45,65,1500,0,1,1,CRITICAL
coconut,mature_bearing,0,47.83,698.43,47.63,42.83,63.19,86.87,344.37,2.07,97.9,45,65,1500,0,0,0,MODERATE
coconut,mature_bearing,0,79.83,1837.6,18.46,15.26,35.13,43.55,350.26,14.39,759.75,45,65,1500,0,1,1,CRITICAL
coconut,mature_bearing,0,83.52,715.35,43.19,39.32,87.78,90.57,56.44,0.09,144.68,45,65,1500,0,0,0,MODERATE
coconut,mature_bearing,0,81.12,1380.7,26.87,21.61,70.88,16.02,113.86,13.82,116.23,45,65,1500,0,0,0,GOOD
coconut,mature_bearing,0,64.65,1263.59,20.98,17.65,90.3,302.28,868.23,3.74,96.27,45,65,1500,0,0,1,POOR
coconut,mature_bearing,0,12.41,396.83,35.5,31.4,24.11,93.54,214.56,14.9,93.03,45,65,1500,1,0,0,POOR
coconut,mature_bearing,0,25.41,76.49,34.87,28.94,53.63,21.26,397.08,20.41,170.71,45,65,1500,1,0,0,MODERATE
coconut,mature_bearing,0,15.09,1022.87,15.88,11.38,64.67,311.63,67.06,16.59,856.36,45,65,1500,1,0,1,CRITICAL
coconut,mature_bearing,0,53.28,879.94,26.52,21.28,40.43,270.77,113.07,8.21,705.73,45,65,1500,0,0,1,MODERATE
coconut,mature_bearing,0,45.82,1637.84,36.08,31.71,24.36,91.24,300.81,23.73,699.48,45,65,1500,0,1,1,CRITICAL
coconut,mature_bearing,0,93.04,1320.11,39.48,34.63,74.96,81.24,834.02,18.49,198.52,45,65,1500,0,0,0,MODERATE
coconut,mature_bearing,0,28.6,128.83,37.09,31.97,28.62,0.24,369.52,20.35,490.82,45,65,1500,1,0,1,CRITICAL
coconut,mature_bearing,0,93.7,141.49,30.51,27.01,72.14,248.21,378.85,10.48,93.59,45,65,1500,0,0,0,GOOD
coconut,mature_bearing,0,14.29,1818.31,40.99,36.19,26.99,89.93,1445.96,15.35,5.93,45,65,1500,0,1,1,CRITICAL
coconut,mature_bearing,0,80.44,292.28,20.77,16.31,30.45,49.55,363.35,14.78,122.08,45,65,1500,0,0,0,MODERATE
coconut,mature_bearing,0,42.39,667.47,26.3,22.97,85.97,35.36,316.16,11.3,409.89,45,65,1500,1,0,1,POOR
coconut,mature_bearing,0,43.41,628.05,35.1,30.99,52.07,277.04,315.65,1.76,12.13,45,65,1500,1,0,1,POOR
coconut,mature_bearing,0,44.0,1873.72,36.71,33.11,83.95,56.85,370.82,10.96,83.51,45,65,1500,0,1,0,POOR
coconut,mature_bearing,0,57.37,792.57,38.74,32.8,88.75,44.19,1491.36,23.07,557.2,45,65,1500,0,0,1,POOR
coconut,mature_bearing,0,22.12,1616.78,43.63,40.95,58.29,485.75,1455.9,10.33,37.77,45,65,1500,0,1,1,CRITICAL
coconut,mature_bearing,0,82.58,755.5,34.86,29.25,53.74,57.17,41.35,9.54,190.74,45,65,1500,0,0,0,GOOD
coconut,mature_bearing,0,72.36,295.7,27.77,22.37,80.94,28.21,292.52,1.83,61.81,45,65,1500,0,0,0,GOOD
coconut,mature_bearing,0,33.86,1344.34,32.6,27.38,45.73,99.47,1176.72,2.82,83.44,45,65,1500,1,0,1,POOR
coconut,mature_bearing,0,68.5,279.54,42.37,38.58,68.43,7.78,311.9,21.24,155.35,45,65,1500,0,0,0,MODERATE
coconut,mature_bearing,0,56.92,1834.32,23.77,20.92,97.99,52.45,213.46,13.06,83.99,45,65,1500,0,1,0,MODERATE
coconut,mature_bearing,0,13.56,1965.31,15.24,9.69,86.08,48.76,305.47,381.33,196.9,45,65,1500,0,1,1,CRITICAL
coconut,mature_bearing,0,47.16,1467.53,24.37,19.13,88.91,76.35,28.91,154.76,730.0,45,65,1500,0,0,1,MODERATE
coconut,mature_bearing,0,59.63,854.36,21.98,19.19,32.71,341.77,86.94,15.86,151.79,45,65,1500,0,0,1,POOR
coconut,mature_bearing,0,96.87,1997.01,15.06,10.31,62.84,46.02,182.63,255.09,195.8,45,65,1500,0,1,1,CRITICAL
coconut,mature_bearing,0,85.65,417.47,35.79,33.53,72.8,172.05,49.34,3.12,49.67,45,65,1500,0,0,0,GOOD
coconut,mature_bearing,0,61.72,1852.82,43.1,37.69,44.23,423.04,105.65,0.69,42.87,45,65,1500,0,1,1,CRITICAL
coconut,mature_bearing,0,28.26,795.07,45.39,40.41,49.84,472.42,241.63,16.59,865.07,45,65,1500,1,0,1,CRITICAL
coconut,mature_bearing,0,41.9,1896.26,41.26,35.5,93.4,20.09,37.72,8.6,547.95,45,65,1500,0,1,1,CRITICAL
coconut,mature_bearing,0,93.39,606.16,37.91,32.5,60.49,75.55,28.17,7.42,52.88,45,65,1500,0,0,0,GOOD
coconut,mature_bearing,0,39.28,243.34,43.06,40.68,58.29,19.44,46.76,3.31,44.53,45,65,1500,1,0,0,POOR
coconut,mature_bearing,0,25.81,1661.24,40.59,35.26,47.76,47.24,265.5,20.24,45.38,45,65,1500,0,1,0,CRITICAL
coconut,mature_bearing,0,96.83,542.76,42.28,36.6,33.74,0.97,61.71,11.53,406.62,45,65,1500,0,0,1,POOR
coconut,mature_bearing,0,21.55,627.57,39.07,37.05,63.41,15.89,241.19,11.05,16.74,45,65,1500,1,0,0,POOR
coconut,mature_bearing,0,21.06,565.26,43.49,37.65,83.29,57.0,279.77,19.61,162.27,45,65,1500,1,0,0,POOR
coconut,mature_bearing,0,57.11,1956.94,44.51,40.48,63.78,426.79,58.61,15.54,833.0,45,65,1500,0,1,1,CRITICAL
coconut,mature_bearing,0,94.05,333.07,27.44,23.5,83.12,1.48,1486.43,9.05,148.71,45,65,1500,0,0,1,MODERATE
coconut,mature_bearing,0,27.91,482.27,23.27,20.89,84.53,421.46,125.21,7.37,556.44,45,65,1500,1,0,1,POOR
coconut,mature_bearing,0,43.81,126.16,30.61,27.27,49.6,37.05,101.14,3.63,141.85,45,65,1500,1,0,0,MODERATE
coconut,mature_bearing,0,24.16,901.29,30.92,24.92,21.56,65.59,251.97,22.04,6.72,45,65,1500,1,0,0,POOR
coconut,mature_bearing,0,58.51,821.86,27.21,24.41,54.23,30.39,1159.77,4.93,134.6,45,65,1500,0,0,1,MODERATE
coconut,mature_bearing,0,69.74,289.11,16.46,11.6,83.86,3.26,387.13,8.03,11.56,45,65,1500,0,0,0,MODERATE
coconut,mature_bearing,0,39.32,893.04,44.87,38.93,80.58,24.01,64.22,16.5,39.33,45,65,1500,1,0,0,POOR
coconut,mature_bearing,0,23.16,797.57,33.72,28.81,74.96,37.85,197.5,1.99,109.29,45,65,1500,1,0,0,MODERATE
coconut,mature_bearing,0,69.1,1538.48,18.85,15.5,88.0,68.72,354.91,2.34,98.48,45,65,1500,0,1,0,POOR
coconut,mature_bearing,0,35.8,1048.91,39.94,36.86,48.96,5.99,198.7,4.23,80.49,45,65,1500,1,0,0,POOR
coconut,mature_bearing,0,56.04,1966.76,40.51,34.75,66.24,73.78,366.18,79.36,185.31,45,65,1500,0,1,1,CRITICAL
coconut,mature_bearing,0,60.94,721.08,45.72,42.09,75.5,63.7,1062.24,3.49,52.38,45,65,1500,0,0,1,POOR
coconut,mature_bearing,0,34.41,1766.45,37.83,35.55,99.39,199.59,1450.57,144.87,114.7,45,65,1500,0,1,1,CRITICAL
coconut,mature_bearing,0,46.56,1873.82,42.05,39.93,20.79,363.64,205.98,11.48,423.77,45,65,1500,0,1,1,CRITICAL
coconut,mature_bearing,0,92.28,1602.72,33.76,28.51,97.93,28.36,257.15,7.76,7.91,45,65,1500,0,1,0,MODERATE
coconut,mature_bearing,0,10.6,1567.12,32.93,28.25,33.04,171.04,41.23,8.3,173.63,45,65,1500,0,1,0,POOR
coconut,mature_bearing,0,15.73,176.03,41.46,36.83,98.48,64.35,146.24,2.4,147.27,45,65,1500,1,0,0,POOR
coconut,mature_bearing,0,80.97,216.34,46.12,43.25,59.44,95.71,118.83,62.62,9.89,45,65,1500,0,0,1,POOR
coconut,mature_bearing,0,12.12,372.2,41.89,39.74,21.86,63.4,0.86,15.32,797.59,45,65,1500,1,0,1,CRITICAL
coconut,mature_bearing,0,14.88,1981.16,25.63,22.52,52.28,78.33,61.75,125.78,56.02,45,65,1500,0,1,1,CRITICAL
coconut,mature_bearing,0,93.11,1276.39,25.96,21.4,45.51,319.82,363.67,15.27,80.27,45,65,1500,0,0,1,MODERATE
coconut,mature_bearing,0,84.69,311.66,25.67,20.2,77.71,56.77,22.5,11.98,179.17,45,65,1500,0,0,0,GOOD
coconut,mature_bearing,0,95.06,921.75,17.65,14.9,29.59,204.53,83.63,384.33,114.14,45,65,1500,0,0,1,CRITICAL
coconut,mature_bearing,0,48.63,253.52,37.22,34.14,26.39,9.82,307.99,19.85,865.74,45,65,1500,0,0,1,POOR
coconut,mature_bearing,0,44.75,437.91,37.62,33.28,99.32,81.16,140.32,9.99,0.45,45,65,1500,1,0,0,MODERATE
coconut,mature_bearing,0,46.27,1935.86,37.87,34.9,50.3,51.58,1009.6,8.99,32.55,45,65,1500,0,1,1,POOR
coconut,mature_bearing,0,15.81,420.39,30.39,25.05,78.59,87.35,248.91,8.95,99.04,45,65,1500,1,0,0,MODERATE
coconut,mature_bearing,0,63.54,1744.96,31.25,28.38,85.04,75.57,1381.18,15.25,470.6,45,65,1500,0,1,1,POOR
coconut,mature_bearing,0,46.53,1758.47,32.11,28.3,49.09,6.13,1210.28,24.99,83.38,45,65,1500,0,1,1,POOR
coconut,mature_bearing,0,32.02,1472.82,26.72,23.69,90.88,407.47,250.26,12.57,162.36,45,65,1500,1,0,1,POOR
coconut,mature_bearing,0,87.39,1267.83,30.87,25.28,97.32,213.98,97.18,0.48,41.6,45,65,1500,0,0,0,GOOD
coconut,mature_bearing,0,12.99,352.54,30.27,24.37,27.47,62.2,13.66,24.06,51.6,45,65,1500,1,0,0,POOR
coconut,mature_bearing,0,64.2,398.89,17.18,14.17,94.96,76.18,197.26,220.24,158.25,45,65,1500,0,0,1,POOR
coconut,mature_bearing,0,18.54,442.66,38.11,36.09,20.37,453.48,259.93,5.04,30.26,45,65,1500,1,0,1,CRITICAL
coconut,mature_bearing,0,41.02,1855.57,28.42,25.54,36.81,68.72,277.55,13.72,56.42,45,65,1500,0,1,0,POOR
coconut,mature_bearing,0,11.53,1355.3,20.97,15.14,66.08,168.45,340.25,9.75,173.03,45,65,1500,1,0,0,POOR
coconut,mature_bearing,0,40.7,1313.12,25.24,19.77,46.22,48.89,52.76,11.43,89.1,45,65,1500,1,0,0,MODERATE
coconut,mature_bearing,0,89.54,1980.84,15.37,10.6,29.59,93.68,391.62,1.17,170.35,45,65,1500,0,1,0,CRITICAL
coconut,mature_bearing,0,29.8,95.22,17.4,13.27,78.41,47.95,1207.68,10.11,569.34,45,65,1500,1,0,1,CRITICAL
coconut,mature_bearing,0,92.75,1415.8,26.72,22.89,64.14,46.21,5.06,16.81,694.78,45,65,1500,0,0,1,MODERATE
coconut,mature_bearing,0,82.42,750.47,40.34,35.01,61.79,480.08,89.84,0.06,109.27,45,65,1500,0,0,1,POOR
coconut,mature_bearing,0,41.03,1652.56,26.08,21.71,74.47,73.24,360.2,314.87,6.75,45,65,1500,0,1,1,CRITICAL
coconut,mature_bearing,0,57.26,361.0,32.98,30.21,97.2,358.68,212.98,346.29,19.57,45,65,1500,0,0,1,MODERATE
coconut,mature_bearing,0,83.99,389.11,28.53,25.45,94.43,60.84,245.02,8.71,84.51,45,65,1500,0,0,0,GOOD
coconut,mature_bearing,0,33.99,876.12,32.14,29.93,32.17,6.35,1270.63,20.28,9.82,45,65,1500,1,0,1,POOR
coconut,mature_bearing,0,38.9,501.42,26.62,21.33,83.81,35.07,154.38,13.73,148.4,45,65,1500,1,0,0,MODERATE
coconut,mature_bearing,0,46.96,998.06,44.86,41.83,33.25,204.21,1094.51,7.45,4.12,45,65,1500,0,0,1,POOR
coconut,mature_bearing,0,45.65,1974.93,42.94,37.93,30.84,10.79,1397.78,10.41,7.13,45,65,1500,0,1,1,CRITICAL
coconut,mature_bearing,0,53.95,1241.26,35.22,31.71,22.35,78.69,8.43,3.88,126.43,45,65,1500,0,0,0,MODERATE
coconut,mature_bearing,0,84.1,800.34,38.71,36.29,46.23,68.26,145.53,16.32,151.8,45,65,1500,0,0,0,MODERATE
coconut,mature_bearing,0,78.53,1734.17,15.79,13.33,96.39,12.58,324.76,12.62,136.96,45,65,1500,0,1,0,POOR
coconut,mature_bearing,0,72.76,415.66,17.59,12.6,79.2,85.03,230.67,20.31,130.17,45,65,1500,0,0,0,MODERATE
coconut,mature_bearing,0,11.49,1177.16,33.54,31.16,24.03,423.45,30.06,0.85,424.6,45,65,1500,1,0,1,CRITICAL
coconut,mature_bearing,0,14.91,473.52,29.27,23.49,99.3,0.04,277.76,4.94,75.76,45,65,1500,1,0,0,MODERATE
coconut,mature_bearing,0,78.04,185.84,41.78,36.21,41.19,218.65,961.95,16.75,74.8,45,65,1500,0,0,0,MODERATE
coconut,mature_bearing,0,69.17,685.85,47.38,41.96,31.85,20.39,134.18,360.14,29.27,45,65,1500,0,0,1,POOR
coconut,mature_bearing,0,81.32,617.56,22.95,18.88,58.56,47.96,245.88,6.54,65.52,45,65,1500,0,0,0,GOOD
coconut,mature_bearing,0,34.19,201.86,36.51,30.86,74.82,399.13,134.6,0.42,171.68,45,65,1500,1,0,1,POOR
coconut,mature_bearing,0,39.52,1160.73,41.34,36.46,22.31,78.53,308.02,13.6,180.36,45,65,1500,1,0,0,CRITICAL
coconut,mature_bearing,0,46.89,1753.87,19.38,17.05,99.42,57.72,1285.86,2.82,763.74,45,65,1500,0,1,1,CRITICAL
coconut,mature_bearing,0,83.03,568.33,41.39,36.87,29.55,56.59,263.64,5.15,109.63,45,65,1500,0,0,0,POOR
coconut,mature_bearing,0,64.25,879.64,35.9,33.13,61.01,71.68,65.68,12.52,578.7,45,65,1500,0,0,1,MODERATE
coconut,mature_bearing,0,64.44,1569.26,18.78,15.53,51.09,86.0,1331.96,13.42,149.16,45,65,1500,0,1,1,CRITICAL
coconut,mature_bearing,0,57.21,1820.05,25.13,21.35,25.18,80.5,1407.2,11.75,195.02,45,65,1500,0,1,1,CRITICAL
coconut,mature_bearing,0,60.87,867.14,40.11,36.9,93.96,80.01,207.13,15.23,19.65,45,65,1500,0,0,0,MODERATE
coconut,mature_bearing,0,39.6,1942.54,28.15,22.6,32.07,187.86,35.51,21.52,149.72,45,65,1500,0,1,0,POOR
coconut,mature_bearing,0,39.07,1803.9,19.02,16.45,21.19,7.26,40.97,9.69,167.94,45,65,1500,0,1,0,CRITICAL
coconut,mature_bearing,0,84.4,460.66,20.69,15.91,72.52,91.21,1068.65,22.94,89.0,45,65,1500,0,0,1,POOR
coconut,mature_bearing,0,35.91,1549.02,44.83,39.96,35.57,79.18,97.55,11.76,56.32,45,65,1500,0,1,0,CRITICAL
coconut,mature_bearing,0,29.21,1501.76,24.81,22.68,59.74,65.81,169.83,4.94,93.17,45,65,1500,0,1,0,POOR
coconut,mature_bearing,0,79.68,1271.38,24.63,22.15,71.18,21.2,87.97,392.9,189.32,45,65,1500,0,0,1,MODERATE
coconut,mature_bearing,0,41.95,451.79,18.22,15.55,57.38,2.7,69.41,20.88,142.26,45,65,1500,1,0,0,POOR
coconut,mature_bearing,0,40.64,1535.92,18.94,13.51,25.67,31.9,75.07,14.19,184.06,45,65,1500,0,1,0,CRITICAL
coconut,mature_bearing,0,57.85,1649.11,35.71,31.9,80.2,150.7,171.94,2.51,165.7,45,65,1500,0,1,0,MODERATE
coconut,mature_bearing,0,81.79,705.78,15.13,9.7,34.77,86.87,98.89,4.76,668.0,45,65,1500,0,0,1,POOR
coconut,mature_bearing,0,88.25,1008.79,42.86,37.7,22.23,92.21,285.39,5.8,72.26,45,65,1500,0,0,0,POOR
coconut,mature_bearing,0,51.21,1242.9,15.41,11.7,21.23,78.74,370.56,6.01,193.48,45,65,1500,0,0,0,POOR
coconut,mature_bearing,0,25.02,1523.04,44.73,39.08,81.69,79.44,46.42,16.61,112.72,45,65,1500,0,1,0,CRITICAL
coconut,mature_bearing,0,97.25,1856.02,16.29,12.17,77.02,273.69,245.9,6.87,60.51,45,65,1500,0,1,1,CRITICAL
coconut,mature_bearing,0,55.75,320.66,33.01,28.36,59.31,277.7,95.99,1.45,161.49,45,65,1500,0,0,1,MODERATE
coconut,mature_bearing,0,49.08,1174.65,36.84,31.24,22.78,10.89,271.09,84.25,158.44,45,65,1500,0,0,1,POOR
coconut,mature_bearing,0,11.92,1034.01,39.78,36.91,69.22,92.95,123.97,15.94,101.56,45,65,1500,1,0,0,POOR
coconut,mature_bearing,0,25.89,647.91,16.58,13.64,61.77,237.3,186.87,9.98,34.27,45,65,1500,1,0,0,POOR
coconut,mature_bearing,0,16.39,507.2,38.74,35.89,29.35,8.38,1157.75,22.28,450.46,45,65,1500,1,0,1,CRITICAL
coconut,mature_bearing,0,73.34,1890.38,33.79,30.33,60.05,312.07,276.2,2.52,25.62,45,65,1500,0,1,1,POOR
coconut,mature_bearing,0,88.31,338.44,32.68,29.58,60.58,16.74,1463.3,7.44,123.82,45,65,1500,0,0,1,MODERATE
coconut,mature_bearing,0,17.06,825.78,33.34,28.14,89.75,24.44,171.02,119.22,63.47,45,65,1500,1,0,1,POOR
coconut,mature_bearing,0,48.28,1068.35,39.67,37.19,48.18,63.96,355.63,7.1,573.29,45,65,1500,0,0,1,POOR
coconut,mature_bearing,0,22.27,212.5,42.61,38.89,73.98,30.57,78.24,20.34,69.01,45,65,1500,1,0,0,POOR
coconut,mature_bearing,0,89.81,1486.77,35.24,30.75,53.84,428.63,228.46,8.3,19.62,45,65,1500,0,0,1,MODERATE
coconut,mature_bearing,0,19.23,188.09,23.24,17.9,25.09,46.04,307.97,21.58,129.0,45,65,1500,1,0,0,POOR
coconut,mature_bearing,0,82.52,1276.22,24.39,19.64,67.04,62.5,325.86,2.32,196.59,45,65,1500,0,0,0,GOOD
coconut,mature_bearing,0,77.36,1149.66,22.54,17.55,22.41,463.35,308.94,17.17,156.29,45,65,1500,0,0,1,POOR
coconut,mature_bearing,0,62.18,407.67,46.28,41.68,59.12,86.14,880.57,3.02,181.76,45,65,1500,0,0,0,MODERATE
coconut,mature_bearing,0,13.21,819.05,31.28,29.24,72.87,83.89,13.49,1.46,19.08,45,65,1500,1,0,0,MODERATE
coconut,mature_bearing,0,61.15,697.65,29.01,23.19,62.75,39.71,116.09,15.1,491.41,45,65,1500,0,0,1,MODERATE
coconut,mature_bearing,0,16.74,1208.53,22.65,19.79,27.87,97.93,1119.06,6.04,103.5,45,65,1500,1,0,1,CRITICAL
coconut,mature_bearing,0,25.89,724.69,19.53,13.53,55.67,53.9,844.02,11.82,794.99,45,65,1500,1,0,1,CRITICAL
coconut,mature_bearing,0,92.49,884.18,38.52,35.89,26.06,393.31,365.84,11.05,106.92,45,65,1500,0,0,1,CRITICAL
coconut,mature_bearing,0,17.41,1146.32,25.37,21.46,96.62,34.1,347.57,24.27,182.82,45,65,1500,1,0,0,MODERATE
coconut,mature_bearing,0,78.0,1475.48,15.97,13.16,91.08,55.32,298.08,96.75,185.3,45,65,1500,0,0,1,POOR
coconut,mature_bearing,0,10.41,1288.81,40.49,35.56,33.77,54.45,332.38,0.48,87.35,45,65,1500,1,0,0,POOR
coconut,mature_bearing,0,17.23,825.21,46.01,40.03,24.01,83.06,202.39,4.2,23.41,45,65,1500,1,0,0,CRITICAL
